-- --------------------------------------------------------
-- Host:                         s00vl9938167
-- Versione server:              8.0.15 - MySQL Community Server - GPL
-- S.O. server:                  linux-glibc2.12
-- HeidiSQL Versione:            9.4.0.5125
-- --------------------------------------------------------

/*!40101 SET @OLD_CHARACTER_SET_CLIENT=@@CHARACTER_SET_CLIENT */;
/*!40101 SET NAMES utf8 */;
/*!50503 SET NAMES utf8mb4 */;
/*!40014 SET @OLD_FOREIGN_KEY_CHECKS=@@FOREIGN_KEY_CHECKS, FOREIGN_KEY_CHECKS=0 */;
/*!40101 SET @OLD_SQL_MODE=@@SQL_MODE, SQL_MODE='NO_AUTO_VALUE_ON_ZERO' */;

-- Dump della struttura di tabella odc2.assoc_documenti_tag
CREATE TABLE IF NOT EXISTS `assoc_documenti_tag` (
  `id` int(11) NOT NULL AUTO_INCREMENT,
  `id_documento` int(11) NOT NULL DEFAULT '0',
  `id_tag` int(11) NOT NULL DEFAULT '0',
  `uid_modifica` varchar(50) NOT NULL DEFAULT '0',
  `data_modifica` datetime NOT NULL DEFAULT CURRENT_TIMESTAMP,
  PRIMARY KEY (`id`)
) ENGINE=InnoDB DEFAULT CHARSET=utf8;

-- Dump dei dati della tabella odc2.assoc_documenti_tag: ~0 rows (circa)
DELETE FROM `assoc_documenti_tag`;
/*!40000 ALTER TABLE `assoc_documenti_tag` DISABLE KEYS */;
/*!40000 ALTER TABLE `assoc_documenti_tag` ENABLE KEYS */;

-- Dump della struttura di tabella odc2.assoc_doc_info_contributrici
CREATE TABLE IF NOT EXISTS `assoc_doc_info_contributrici` (
  `id` int(11) NOT NULL AUTO_INCREMENT,
  `id_doc_info` int(11) DEFAULT NULL,
  `id_riunione` int(11) DEFAULT NULL,
  `id_funzione` int(11) DEFAULT NULL,
  `descrizione` varchar(500) DEFAULT NULL,
  `uid_modifica` varchar(50) DEFAULT NULL,
  `data_modifica` datetime DEFAULT CURRENT_TIMESTAMP,
  PRIMARY KEY (`id`)
) ENGINE=InnoDB DEFAULT CHARSET=utf8 ROW_FORMAT=DYNAMIC;

-- Dump dei dati della tabella odc2.assoc_doc_info_contributrici: ~88 rows (circa)
DELETE FROM `assoc_doc_info_contributrici`;
/*!40000 ALTER TABLE `assoc_doc_info_contributrici` DISABLE KEYS */;
INSERT INTO `assoc_doc_info_contributrici` (`id`, `id_doc_info`, `id_riunione`, `id_funzione`, `descrizione`, `uid_modifica`, `data_modifica`) VALUES
	(1, 1, NULL, 28, 'Direzione Legale E Societario', NULL, '2020-03-12 12:11:39'),
	(2, 1, NULL, 46, 'Segreteria Organi Sociali', NULL, '2020-03-12 12:11:39'),
	(3, 22, NULL, 28, 'Direzione Legale E Societario', NULL, '2020-03-12 12:11:40'),
	(4, 22, NULL, 46, 'Segreteria Organi Sociali', NULL, '2020-03-12 12:11:40'),
	(5, 24, NULL, 31, 'Direzione Legale E Societariosegreteria Organi Sociali', NULL, '2020-03-12 12:11:40'),
	(6, 25, NULL, 28, 'Direzione Legale E Societario', NULL, '2020-03-12 12:11:40'),
	(7, 25, NULL, 49, 'Supporto Organismo Di Vigilanza Ex D.lgs. 231/2001', NULL, '2020-03-12 12:11:40'),
	(8, 26, NULL, 28, 'Direzione Legale E Societario', NULL, '2020-03-12 12:11:40'),
	(9, 26, NULL, 49, 'Supporto Organismo Di Vigilanza Ex D.lgs. 231/2001', NULL, '2020-03-12 12:11:40'),
	(10, 27, NULL, 28, 'Direzione Legale E Societario', NULL, '2020-03-12 12:11:40'),
	(11, 27, NULL, 46, 'Segreteria Organi Sociali', NULL, '2020-03-12 12:11:40'),
	(12, 28, NULL, 28, 'Direzione Legale E Societario', NULL, '2020-03-12 12:11:40'),
	(13, 28, NULL, 46, 'Segreteria Organi Sociali', NULL, '2020-03-12 12:11:40'),
	(14, 29, NULL, 44, 'Presidenti Collegio Sindacale Delle Societa Del Gruppo, Ifitalia E Findomestic', NULL, '2020-03-12 12:11:40'),
	(15, 29, NULL, 28, 'Direzione Legale E Societario', NULL, '2020-03-12 12:11:40'),
	(16, 29, NULL, 46, 'Segreteria Organi Sociali', NULL, '2020-03-12 12:11:40'),
	(17, 30, NULL, 48, 'Societa Di Revisione', NULL, '2020-03-12 12:11:40'),
	(18, 30, NULL, 28, 'Direzione Legale E Societario', NULL, '2020-03-12 12:11:40'),
	(19, 30, NULL, 46, 'Segreteria Organi Sociali', NULL, '2020-03-12 12:11:40'),
	(20, 31, NULL, 48, 'Societa Di Revisione', NULL, '2020-03-12 12:11:40'),
	(21, 31, NULL, 28, 'Direzione Legale E Societario', NULL, '2020-03-12 12:11:40'),
	(22, 31, NULL, 46, 'Segreteria Organi Sociali', NULL, '2020-03-12 12:11:40'),
	(23, 112, NULL, 29, 'Direzione Legale E Societario - Segreteria Organi Sociali', NULL, '2020-03-12 12:11:42'),
	(24, 113, NULL, 29, 'Direzione Legale E Societario - Segreteria Organi Sociali', NULL, '2020-03-12 12:11:42'),
	(25, 114, NULL, 29, 'Direzione Legale E Societario - Segreteria Organi Sociali', NULL, '2020-03-12 12:11:42'),
	(26, 115, NULL, 29, 'Direzione Legale E Societario - Segreteria Organi Sociali', NULL, '2020-03-12 12:11:42'),
	(27, 116, NULL, 29, 'Direzione Legale E Societario - Segreteria Organi Sociali', NULL, '2020-03-12 12:11:42'),
	(28, 117, NULL, 29, 'Direzione Legale E Societario - Segreteria Organi Sociali', NULL, '2020-03-12 12:11:42'),
	(29, 119, NULL, 28, 'Direzione Legale E Societario', NULL, '2020-03-12 12:11:42'),
	(30, 119, NULL, 46, 'Segreteria Organi Sociali', NULL, '2020-03-12 12:11:42'),
	(31, 121, NULL, 28, 'Direzione Legale E Societario', NULL, '2020-03-12 12:11:42'),
	(32, 121, NULL, 46, 'Segreteria Organi Sociali', NULL, '2020-03-12 12:11:42'),
	(33, 122, NULL, 34, 'Direzione Risorse Umane', NULL, '2020-03-12 12:11:42'),
	(34, 122, NULL, 28, 'Direzione Legale E Societario', NULL, '2020-03-12 12:11:42'),
	(35, 122, NULL, 46, 'Segreteria Organi Sociali', NULL, '2020-03-12 12:11:42'),
	(36, 123, NULL, 34, 'Direzione Risorse Umane', NULL, '2020-03-12 12:11:42'),
	(37, 123, NULL, 28, 'Direzione Legale E Societario', NULL, '2020-03-12 12:11:42'),
	(38, 123, NULL, 46, 'Segreteria Organi Sociali', NULL, '2020-03-12 12:11:42'),
	(39, 124, NULL, 31, 'Direzione Legale E Societariosegreteria Organi Sociali', NULL, '2020-03-12 12:11:42'),
	(40, 125, NULL, 31, 'Direzione Legale E Societariosegreteria Organi Sociali', NULL, '2020-03-12 12:11:42'),
	(41, 126, NULL, 34, 'Direzione Risorse Umane', NULL, '2020-03-12 12:11:42'),
	(42, 127, NULL, 34, 'Direzione Risorse Umane', NULL, '2020-03-12 12:11:42'),
	(43, 128, NULL, 34, 'Direzione Risorse Umane', NULL, '2020-03-12 12:11:42'),
	(44, 128, NULL, 28, 'Direzione Legale E Societario', NULL, '2020-03-12 12:11:42'),
	(45, 128, NULL, 46, 'Segreteria Organi Sociali', NULL, '2020-03-12 12:11:42'),
	(46, 143, NULL, 28, 'Direzione Legale E Societario', NULL, '2020-03-12 12:11:42'),
	(47, 143, NULL, 46, 'Segreteria Organi Sociali', NULL, '2020-03-12 12:11:42'),
	(48, 144, NULL, 31, 'Direzione Legale E Societariosegreteria Organi Sociali', NULL, '2020-03-12 12:11:42'),
	(49, 145, NULL, 28, 'Direzione Legale E Societario', NULL, '2020-03-12 12:11:42'),
	(50, 145, NULL, 46, 'Segreteria Organi Sociali', NULL, '2020-03-12 12:11:42'),
	(51, 152, NULL, 28, 'Direzione Legale E Societario', NULL, '2020-03-12 12:11:42'),
	(52, 152, NULL, 46, 'Segreteria Organi Sociali', NULL, '2020-03-12 12:11:42'),
	(53, 152, NULL, 18, 'Direzione Compliance', NULL, '2020-03-12 12:11:42'),
	(54, 153, NULL, 28, 'Direzione Legale E Societario', NULL, '2020-03-12 12:11:42'),
	(55, 153, NULL, 46, 'Segreteria Organi Sociali', NULL, '2020-03-12 12:11:42'),
	(56, 154, NULL, 28, 'Direzione Legale E Societario', NULL, '2020-03-12 12:11:42'),
	(57, 154, NULL, 46, 'Segreteria Organi Sociali', NULL, '2020-03-12 12:11:42'),
	(58, 154, NULL, 18, 'Direzione Compliance', NULL, '2020-03-12 12:11:42'),
	(59, 155, NULL, 28, 'Direzione Legale E Societario', NULL, '2020-03-12 12:11:42'),
	(60, 155, NULL, 46, 'Segreteria Organi Sociali', NULL, '2020-03-12 12:11:42'),
	(61, 155, NULL, 18, 'Direzione Compliance', NULL, '2020-03-12 12:11:42'),
	(62, 156, NULL, 28, 'Direzione Legale E Societario', NULL, '2020-03-12 12:11:42'),
	(63, 156, NULL, 46, 'Segreteria Organi Sociali', NULL, '2020-03-12 12:11:42'),
	(64, 156, NULL, 18, 'Direzione Compliance', NULL, '2020-03-12 12:11:42'),
	(65, 158, NULL, 30, 'Direzione Legale E Societario Segreteria Organi Sociali', NULL, '2020-03-12 12:11:43'),
	(66, 159, NULL, 30, 'Direzione Legale E Societario Segreteria Organi Sociali', NULL, '2020-03-12 12:11:43'),
	(67, 166, NULL, 28, 'Direzione Legale E Societario', NULL, '2020-03-12 12:11:43'),
	(68, 166, NULL, 46, 'Segreteria Organi Sociali', NULL, '2020-03-12 12:11:43'),
	(69, 168, NULL, 36, 'Divisione Commercial Banking E Reti Agenti', NULL, '2020-03-12 12:11:43'),
	(70, 168, NULL, 39, 'Divisione Private Banking E Wealth Management', NULL, '2020-03-12 12:11:43'),
	(71, 168, NULL, 38, 'Divisione Corporate Banking', NULL, '2020-03-12 12:11:43'),
	(72, 168, NULL, 47, 'Servizio Relazioni Istituzionali', NULL, '2020-03-12 12:11:43'),
	(73, 169, NULL, 36, 'Divisione Commercial Banking E Reti Agenti', NULL, '2020-03-12 12:11:43'),
	(74, 170, NULL, 36, 'Divisione Commercial Banking E Reti Agenti', NULL, '2020-03-12 12:11:43'),
	(75, 171, NULL, 36, 'Divisione Commercial Banking E Reti Agenti', NULL, '2020-03-12 12:11:43'),
	(76, 172, NULL, 29, 'Direzione Legale E Societario - Segreteria Organi Sociali', NULL, '2020-03-12 12:11:43'),
	(77, 173, NULL, 29, 'Direzione Legale E Societario - Segreteria Organi Sociali', NULL, '2020-03-12 12:11:43'),
	(78, 174, NULL, 29, 'Direzione Legale E Societario - Segreteria Organi Sociali', NULL, '2020-03-12 12:11:43'),
	(79, 175, NULL, 29, 'Direzione Legale E Societario - Segreteria Organi Sociali', NULL, '2020-03-12 12:11:43'),
	(80, 176, NULL, 29, 'Direzione Legale E Societario - Segreteria Organi Sociali', NULL, '2020-03-12 12:11:43'),
	(81, 177, NULL, 29, 'Direzione Legale E Societario - Segreteria Organi Sociali', NULL, '2020-03-12 12:11:43'),
	(82, 178, NULL, 28, 'Direzione Legale E Societario', NULL, '2020-03-12 12:11:43'),
	(83, 178, NULL, 46, 'Segreteria Organi Sociali', NULL, '2020-03-12 12:11:43'),
	(84, 179, NULL, 28, 'Direzione Legale E Societario', NULL, '2020-03-12 12:11:43'),
	(85, 179, NULL, 46, 'Segreteria Organi Sociali', NULL, '2020-03-12 12:11:43'),
	(86, 180, NULL, 48, 'Societa Di Revisione', NULL, '2020-03-12 12:11:43'),
	(87, 180, NULL, 28, 'Direzione Legale E Societario', NULL, '2020-03-12 12:11:43'),
	(88, 180, NULL, 46, 'Segreteria Organi Sociali', NULL, '2020-03-12 12:11:43');
/*!40000 ALTER TABLE `assoc_doc_info_contributrici` ENABLE KEYS */;

-- Dump della struttura di tabella odc2.assoc_doc_info_destinatari
CREATE TABLE IF NOT EXISTS `assoc_doc_info_destinatari` (
  `id` int(11) NOT NULL AUTO_INCREMENT,
  `id_doc_info` int(11) DEFAULT NULL,
  `id_destinatario` int(11) DEFAULT NULL,
  `id_riunione` int(11) DEFAULT NULL,
  `descrizione` varchar(250) DEFAULT NULL,
  `uid_modifica` varchar(50) DEFAULT NULL,
  `data_modifica` datetime DEFAULT CURRENT_TIMESTAMP,
  PRIMARY KEY (`id`)
) ENGINE=InnoDB DEFAULT CHARSET=utf8 ROW_FORMAT=DYNAMIC;

-- Dump dei dati della tabella odc2.assoc_doc_info_destinatari: ~71 rows (circa)
DELETE FROM `assoc_doc_info_destinatari`;
/*!40000 ALTER TABLE `assoc_doc_info_destinatari` DISABLE KEYS */;
INSERT INTO `assoc_doc_info_destinatari` (`id`, `id_doc_info`, `id_destinatario`, `id_riunione`, `descrizione`, `uid_modifica`, `data_modifica`) VALUES
	(1, 2, 4, NULL, 'Banca Ditalia', NULL, '2020-03-12 12:11:39'),
	(2, 8, 4, NULL, 'Banca Ditalia', NULL, '2020-03-12 12:11:39'),
	(3, 10, 7, NULL, 'Consob', NULL, '2020-03-12 12:11:40'),
	(4, 11, 4, NULL, 'Banca Ditalia', NULL, '2020-03-12 12:11:40'),
	(5, 12, 4, NULL, 'Banca Ditalia', NULL, '2020-03-12 12:11:40'),
	(6, 13, 5, NULL, 'Bce', NULL, '2020-03-12 12:11:40'),
	(7, 14, 7, NULL, 'Consob', NULL, '2020-03-12 12:11:40'),
	(8, 14, 4, NULL, 'Banca Ditalia', NULL, '2020-03-12 12:11:40'),
	(9, 16, 4, NULL, 'Banca Ditalia', NULL, '2020-03-12 12:11:40'),
	(10, 19, 7, NULL, 'Consob', NULL, '2020-03-12 12:11:40'),
	(11, 27, 1, NULL, 'Assemblea', NULL, '2020-03-12 12:11:40'),
	(12, 33, 4, NULL, 'Banca Ditalia', NULL, '2020-03-12 12:11:40'),
	(13, 34, 4, NULL, 'Banca Ditalia', NULL, '2020-03-12 12:11:40'),
	(14, 35, 4, NULL, 'Banca Ditalia', NULL, '2020-03-12 12:11:40'),
	(15, 51, 4, NULL, 'Banca Ditalia', NULL, '2020-03-12 12:11:41'),
	(16, 61, 4, NULL, 'Banca Ditalia', NULL, '2020-03-12 12:11:41'),
	(17, 68, 5, NULL, 'Bce', NULL, '2020-03-12 12:11:41'),
	(18, 70, 1, NULL, 'Assemblea', NULL, '2020-03-12 12:11:41'),
	(19, 71, 4, NULL, 'Banca Ditalia', NULL, '2020-03-12 12:11:41'),
	(20, 71, 5, NULL, 'Bce', NULL, '2020-03-12 12:11:41'),
	(21, 72, 6, NULL, 'Bnpp', NULL, '2020-03-12 12:11:41'),
	(22, 72, 4, NULL, 'Banca Ditalia', NULL, '2020-03-12 12:11:41'),
	(23, 72, 5, NULL, 'Bce', NULL, '2020-03-12 12:11:41'),
	(24, 86, 3, NULL, 'Banca Centrale Europea', NULL, '2020-03-12 12:11:41'),
	(25, 93, 5, NULL, 'Bce', NULL, '2020-03-12 12:11:41'),
	(26, 97, 4, NULL, 'Banca Ditalia', NULL, '2020-03-12 12:11:41'),
	(27, 102, 4, NULL, 'Banca Ditalia', NULL, '2020-03-12 12:11:41'),
	(28, 103, 4, NULL, 'Banca Ditalia', NULL, '2020-03-12 12:11:41'),
	(29, 107, 7, NULL, 'Consob', NULL, '2020-03-12 12:11:42'),
	(30, 122, 5, NULL, 'Bce', NULL, '2020-03-12 12:11:42'),
	(31, 122, 4, NULL, 'Banca Ditalia', NULL, '2020-03-12 12:11:42'),
	(32, 123, 5, NULL, 'Bce', NULL, '2020-03-12 12:11:42'),
	(33, 123, 4, NULL, 'Banca Ditalia', NULL, '2020-03-12 12:11:42'),
	(34, 127, 5, NULL, 'Bce', NULL, '2020-03-12 12:11:42'),
	(35, 127, 4, NULL, 'Banca Ditalia', NULL, '2020-03-12 12:11:42'),
	(36, 130, 1, NULL, 'Assemblea', NULL, '2020-03-12 12:11:42'),
	(37, 131, 5, NULL, 'Bce', NULL, '2020-03-12 12:11:42'),
	(38, 131, 4, NULL, 'Banca Ditalia', NULL, '2020-03-12 12:11:42'),
	(39, 132, 4, NULL, 'Banca Ditalia', NULL, '2020-03-12 12:11:42'),
	(40, 135, 4, NULL, 'Banca Ditalia', NULL, '2020-03-12 12:11:42'),
	(41, 137, 4, NULL, 'Banca Ditalia', NULL, '2020-03-12 12:11:42'),
	(42, 142, 5, NULL, 'Bce', NULL, '2020-03-12 12:11:42'),
	(43, 142, 4, NULL, 'Banca Ditalia', NULL, '2020-03-12 12:11:42'),
	(44, 143, 1, NULL, 'Assemblea', NULL, '2020-03-12 12:11:42'),
	(45, 144, 1, NULL, 'Assemblea', NULL, '2020-03-12 12:11:42'),
	(46, 145, 1, NULL, 'Assemblea', NULL, '2020-03-12 12:11:42'),
	(47, 146, 4, NULL, 'Banca Ditalia', NULL, '2020-03-12 12:11:42'),
	(48, 147, 5, NULL, 'Bce', NULL, '2020-03-12 12:11:42'),
	(49, 147, 4, NULL, 'Banca Ditalia', NULL, '2020-03-12 12:11:42'),
	(50, 148, 1, NULL, 'Assemblea', NULL, '2020-03-12 12:11:42'),
	(51, 150, 7, NULL, 'Consob', NULL, '2020-03-12 12:11:42'),
	(52, 151, 4, NULL, 'Banca Ditalia', NULL, '2020-03-12 12:11:42'),
	(53, 152, 8, NULL, 'Delegato Delle Segnalazioni Di Operazioni Sospette Di Bnl', NULL, '2020-03-12 12:11:42'),
	(54, 153, 1, NULL, 'Assemblea', NULL, '2020-03-12 12:11:42'),
	(55, 154, 9, NULL, 'Ministero Delleconomia E Delle Finanze (mef)', NULL, '2020-03-12 12:11:42'),
	(56, 155, 2, NULL, 'Autorita Di Vigilanza Di Settore', NULL, '2020-03-12 12:11:42'),
	(57, 156, 2, NULL, 'Autorita Di Vigilanza Di Settore', NULL, '2020-03-12 12:11:42'),
	(58, 159, 1, NULL, 'Assemblea', NULL, '2020-03-12 12:11:43'),
	(59, 160, 4, NULL, 'Banca Ditalia', NULL, '2020-03-12 12:11:43'),
	(60, 161, 4, NULL, 'Banca Ditalia', NULL, '2020-03-12 12:11:43'),
	(61, 164, 1, NULL, 'Assemblea', NULL, '2020-03-12 12:11:43'),
	(62, 165, 4, NULL, 'Banca Ditalia', NULL, '2020-03-12 12:11:43'),
	(63, 166, 1, NULL, 'Assemblea', NULL, '2020-03-12 12:11:43'),
	(64, 172, 4, NULL, 'Banca Ditalia', NULL, '2020-03-12 12:11:43'),
	(65, 173, 4, NULL, 'Banca Ditalia', NULL, '2020-03-12 12:11:43'),
	(66, 174, 4, NULL, 'Banca Ditalia', NULL, '2020-03-12 12:11:43'),
	(67, 175, 4, NULL, 'Banca Ditalia', NULL, '2020-03-12 12:11:43'),
	(68, 176, 1, NULL, 'Assemblea', NULL, '2020-03-12 12:11:43'),
	(69, 177, 1, NULL, 'Assemblea', NULL, '2020-03-12 12:11:43'),
	(70, 212, 1, NULL, 'Assemblea', NULL, '2020-03-12 12:11:43'),
	(71, 220, 4, NULL, 'Banca Ditalia', NULL, '2020-03-12 12:11:44');
/*!40000 ALTER TABLE `assoc_doc_info_destinatari` ENABLE KEYS */;

-- Dump della struttura di tabella odc2.assoc_doc_info_funzioni
CREATE TABLE IF NOT EXISTS `assoc_doc_info_funzioni` (
  `id` int(11) NOT NULL AUTO_INCREMENT,
  `id_doc_info` int(11) DEFAULT NULL,
  `id_riunione` int(11) DEFAULT NULL,
  `id_funzione` int(11) DEFAULT NULL,
  `descrizione` varchar(500) DEFAULT NULL,
  `uid_modifica` varchar(50) DEFAULT NULL,
  `data_modifica` datetime DEFAULT CURRENT_TIMESTAMP,
  PRIMARY KEY (`id`)
) ENGINE=InnoDB DEFAULT CHARSET=utf8;

-- Dump dei dati della tabella odc2.assoc_doc_info_funzioni: ~256 rows (circa)
DELETE FROM `assoc_doc_info_funzioni`;
/*!40000 ALTER TABLE `assoc_doc_info_funzioni` DISABLE KEYS */;
INSERT INTO `assoc_doc_info_funzioni` (`id`, `id_doc_info`, `id_riunione`, `id_funzione`, `descrizione`, `uid_modifica`, `data_modifica`) VALUES
	(1, 1, NULL, 11, 'Collegio Sindacale', NULL, '2020-03-12 12:11:39'),
	(2, 2, NULL, 42, 'Inspection Generale Hub Italy', NULL, '2020-03-12 12:11:39'),
	(3, 3, NULL, 21, 'Direzione Engagement (csr)', NULL, '2020-03-12 12:11:39'),
	(4, 4, NULL, 4, 'B2c Italy (direzione Rischi)', NULL, '2020-03-12 12:11:39'),
	(5, 5, NULL, 4, 'B2c Italy (direzione Rischi)', NULL, '2020-03-12 12:11:39'),
	(6, 6, NULL, 4, 'B2c Italy (direzione Rischi)', NULL, '2020-03-12 12:11:39'),
	(7, 7, NULL, 4, 'B2c Italy (direzione Rischi)', NULL, '2020-03-12 12:11:39'),
	(8, 8, NULL, 4, 'B2c Italy (direzione Rischi)', NULL, '2020-03-12 12:11:39'),
	(9, 9, NULL, 18, 'Direzione Compliance', NULL, '2020-03-12 12:11:40'),
	(10, 10, NULL, 18, 'Direzione Compliance', NULL, '2020-03-12 12:11:40'),
	(11, 11, NULL, 18, 'Direzione Compliance', NULL, '2020-03-12 12:11:40'),
	(12, 12, NULL, 22, 'Direzione Finanziaria', NULL, '2020-03-12 12:11:40'),
	(13, 13, NULL, 22, 'Direzione Finanziaria', NULL, '2020-03-12 12:11:40'),
	(14, 14, NULL, 22, 'Direzione Finanziaria', NULL, '2020-03-12 12:11:40'),
	(15, 15, NULL, 33, 'Direzione Rischi', NULL, '2020-03-12 12:11:40'),
	(16, 16, NULL, 33, 'Direzione Rischi', NULL, '2020-03-12 12:11:40'),
	(17, 17, NULL, 33, 'Direzione Rischi', NULL, '2020-03-12 12:11:40'),
	(18, 18, NULL, 33, 'Direzione Rischi', NULL, '2020-03-12 12:11:40'),
	(19, 19, NULL, 33, 'Direzione Rischi', NULL, '2020-03-12 12:11:40'),
	(20, 20, NULL, 42, 'Inspection Generale Hub Italy', NULL, '2020-03-12 12:11:40'),
	(21, 21, NULL, 42, 'Inspection Generale Hub Italy', NULL, '2020-03-12 12:11:40'),
	(22, 22, NULL, 14, 'Comitato Per Il Controllo Interno E Rischi', NULL, '2020-03-12 12:11:40'),
	(23, 23, NULL, 34, 'Direzione Risorse Umane', NULL, '2020-03-12 12:11:40'),
	(24, 24, NULL, 17, 'Consiglio Di Amministrazione', NULL, '2020-03-12 12:11:40'),
	(25, 25, NULL, 43, 'Organismo Di Vigilanza Ex D.lgs.231/2001', NULL, '2020-03-12 12:11:40'),
	(26, 26, NULL, 43, 'Organismo Di Vigilanza Ex D.lgs.231/2001', NULL, '2020-03-12 12:11:40'),
	(27, 27, NULL, 16, 'Comitato Remunerazioni', NULL, '2020-03-12 12:11:40'),
	(28, 28, NULL, 17, 'Consiglio Di Amministrazione', NULL, '2020-03-12 12:11:40'),
	(29, 29, NULL, 11, 'Collegio Sindacale', NULL, '2020-03-12 12:11:40'),
	(30, 30, NULL, 11, 'Collegio Sindacale', NULL, '2020-03-12 12:11:40'),
	(31, 31, NULL, 11, 'Collegio Sindacale', NULL, '2020-03-12 12:11:40'),
	(32, 32, NULL, 10, 'Chief Operating Officier Direzione Pac', NULL, '2020-03-12 12:11:40'),
	(33, 33, NULL, 4, 'B2c Italy (direzione Rischi)', NULL, '2020-03-12 12:11:40'),
	(34, 34, NULL, 4, 'B2c Italy (direzione Rischi)', NULL, '2020-03-12 12:11:40'),
	(35, 35, NULL, 4, 'B2c Italy (direzione Rischi)', NULL, '2020-03-12 12:11:40'),
	(36, 36, NULL, 6, 'Chief Operating Officer - Direzione It', NULL, '2020-03-12 12:11:40'),
	(37, 37, NULL, 8, 'Chief Operating Officer Security', NULL, '2020-03-12 12:11:40'),
	(38, 38, NULL, 8, 'Chief Operating Officer Security', NULL, '2020-03-12 12:11:40'),
	(39, 39, NULL, 9, 'Chief Operating Officer Security Direzione It', NULL, '2020-03-12 12:11:40'),
	(40, 40, NULL, 9, 'Chief Operating Officer Security Direzione It', NULL, '2020-03-12 12:11:40'),
	(41, 41, NULL, 18, 'Direzione Compliance', NULL, '2020-03-12 12:11:40'),
	(42, 42, NULL, 18, 'Direzione Compliance', NULL, '2020-03-12 12:11:40'),
	(43, 43, NULL, 18, 'Direzione Compliance', NULL, '2020-03-12 12:11:40'),
	(44, 44, NULL, 18, 'Direzione Compliance', NULL, '2020-03-12 12:11:40'),
	(45, 45, NULL, 18, 'Direzione Compliance', NULL, '2020-03-12 12:11:40'),
	(46, 46, NULL, 19, 'Direzione Compliance - Responsabile Aziendale Antiriciclaggio', NULL, '2020-03-12 12:11:40'),
	(47, 47, NULL, 18, 'Direzione Compliance', NULL, '2020-03-12 12:11:40'),
	(48, 48, NULL, 18, 'Direzione Compliance', NULL, '2020-03-12 12:11:40'),
	(49, 49, NULL, 20, 'Direzione Crediti Speciali Direzione Rischi', NULL, '2020-03-12 12:11:40'),
	(50, 50, NULL, 22, 'Direzione Finanziaria', NULL, '2020-03-12 12:11:40'),
	(51, 51, NULL, 22, 'Direzione Finanziaria', NULL, '2020-03-12 12:11:41'),
	(52, 52, NULL, 22, 'Direzione Finanziaria', NULL, '2020-03-12 12:11:41'),
	(53, 53, NULL, 22, 'Direzione Finanziaria', NULL, '2020-03-12 12:11:41'),
	(54, 54, NULL, 22, 'Direzione Finanziaria', NULL, '2020-03-12 12:11:41'),
	(55, 55, NULL, 22, 'Direzione Finanziaria', NULL, '2020-03-12 12:11:41'),
	(56, 56, NULL, 22, 'Direzione Finanziaria', NULL, '2020-03-12 12:11:41'),
	(57, 57, NULL, 22, 'Direzione Finanziaria', NULL, '2020-03-12 12:11:41'),
	(58, 58, NULL, 22, 'Direzione Finanziaria', NULL, '2020-03-12 12:11:41'),
	(59, 59, NULL, 22, 'Direzione Finanziaria', NULL, '2020-03-12 12:11:41'),
	(60, 60, NULL, 22, 'Direzione Finanziaria', NULL, '2020-03-12 12:11:41'),
	(61, 61, NULL, 22, 'Direzione Finanziaria', NULL, '2020-03-12 12:11:41'),
	(62, 62, NULL, 22, 'Direzione Finanziaria', NULL, '2020-03-12 12:11:41'),
	(63, 63, NULL, 22, 'Direzione Finanziaria', NULL, '2020-03-12 12:11:41'),
	(64, 64, NULL, 22, 'Direzione Finanziaria', NULL, '2020-03-12 12:11:41'),
	(65, 65, NULL, 28, 'Direzione Legale E Societario', NULL, '2020-03-12 12:11:41'),
	(66, 66, NULL, 28, 'Direzione Legale E Societario', NULL, '2020-03-12 12:11:41'),
	(67, 67, NULL, 28, 'Direzione Legale E Societario', NULL, '2020-03-12 12:11:41'),
	(68, 68, NULL, 28, 'Direzione Legale E Societario', NULL, '2020-03-12 12:11:41'),
	(69, 69, NULL, 29, 'Direzione Legale E Societario - Segreteria Organi Sociali', NULL, '2020-03-12 12:11:41'),
	(70, 70, NULL, 29, 'Direzione Legale E Societario - Segreteria Organi Sociali', NULL, '2020-03-12 12:11:41'),
	(71, 71, NULL, 29, 'Direzione Legale E Societario - Segreteria Organi Sociali', NULL, '2020-03-12 12:11:41'),
	(72, 72, NULL, 29, 'Direzione Legale E Societario - Segreteria Organi Sociali', NULL, '2020-03-12 12:11:41'),
	(73, 73, NULL, 29, 'Direzione Legale E Societario - Segreteria Organi Sociali', NULL, '2020-03-12 12:11:41'),
	(74, 74, NULL, 29, 'Direzione Legale E Societario - Segreteria Organi Sociali', NULL, '2020-03-12 12:11:41'),
	(75, 75, NULL, 29, 'Direzione Legale E Societario - Segreteria Organi Sociali', NULL, '2020-03-12 12:11:41'),
	(76, 76, NULL, 29, 'Direzione Legale E Societario - Segreteria Organi Sociali', NULL, '2020-03-12 12:11:41'),
	(77, 77, NULL, 32, 'Direzione Organizzazione', NULL, '2020-03-12 12:11:41'),
	(78, 78, NULL, 32, 'Direzione Organizzazione', NULL, '2020-03-12 12:11:41'),
	(79, 79, NULL, 32, 'Direzione Organizzazione', NULL, '2020-03-12 12:11:41'),
	(80, 80, NULL, 32, 'Direzione Organizzazione', NULL, '2020-03-12 12:11:41'),
	(81, 81, NULL, 32, 'Direzione Organizzazione', NULL, '2020-03-12 12:11:41'),
	(82, 82, NULL, 32, 'Direzione Organizzazione', NULL, '2020-03-12 12:11:41'),
	(83, 83, NULL, 32, 'Direzione Organizzazione', NULL, '2020-03-12 12:11:41'),
	(84, 84, NULL, 33, 'Direzione Rischi', NULL, '2020-03-12 12:11:41'),
	(85, 85, NULL, 33, 'Direzione Rischi', NULL, '2020-03-12 12:11:41'),
	(86, 86, NULL, 33, 'Direzione Rischi', NULL, '2020-03-12 12:11:41'),
	(87, 87, NULL, 33, 'Direzione Rischi', NULL, '2020-03-12 12:11:41'),
	(88, 88, NULL, 33, 'Direzione Rischi', NULL, '2020-03-12 12:11:41'),
	(89, 89, NULL, 33, 'Direzione Rischi', NULL, '2020-03-12 12:11:41'),
	(90, 90, NULL, 33, 'Direzione Rischi', NULL, '2020-03-12 12:11:41'),
	(91, 91, NULL, 33, 'Direzione Rischi', NULL, '2020-03-12 12:11:41'),
	(92, 92, NULL, 33, 'Direzione Rischi', NULL, '2020-03-12 12:11:41'),
	(93, 93, NULL, 33, 'Direzione Rischi', NULL, '2020-03-12 12:11:41'),
	(94, 94, NULL, 33, 'Direzione Rischi', NULL, '2020-03-12 12:11:41'),
	(95, 95, NULL, 33, 'Direzione Rischi', NULL, '2020-03-12 12:11:41'),
	(96, 96, NULL, 33, 'Direzione Rischi', NULL, '2020-03-12 12:11:41'),
	(97, 97, NULL, 33, 'Direzione Rischi', NULL, '2020-03-12 12:11:41'),
	(98, 98, NULL, 33, 'Direzione Rischi', NULL, '2020-03-12 12:11:41'),
	(99, 99, NULL, 33, 'Direzione Rischi', NULL, '2020-03-12 12:11:41'),
	(100, 100, NULL, 33, 'Direzione Rischi', NULL, '2020-03-12 12:11:41'),
	(101, 101, NULL, 33, 'Direzione Rischi', NULL, '2020-03-12 12:11:41'),
	(102, 102, NULL, 33, 'Direzione Rischi', NULL, '2020-03-12 12:11:41'),
	(103, 103, NULL, 33, 'Direzione Rischi', NULL, '2020-03-12 12:11:41'),
	(104, 104, NULL, 33, 'Direzione Rischi', NULL, '2020-03-12 12:11:41'),
	(105, 105, NULL, 33, 'Direzione Rischi', NULL, '2020-03-12 12:11:42'),
	(106, 106, NULL, 35, 'Direzione Transformation', NULL, '2020-03-12 12:11:42'),
	(107, 107, NULL, 39, 'Divisione Private Banking E Wealth Management', NULL, '2020-03-12 12:11:42'),
	(108, 107, NULL, 36, 'Divisione Commercial Banking E Reti Agenti', NULL, '2020-03-12 12:11:42'),
	(109, 108, NULL, 42, 'Inspection Generale Hub Italy', NULL, '2020-03-12 12:11:42'),
	(110, 109, NULL, 42, 'Inspection Generale Hub Italy', NULL, '2020-03-12 12:11:42'),
	(111, 110, NULL, 42, 'Inspection Generale Hub Italy', NULL, '2020-03-12 12:11:42'),
	(112, 111, NULL, 42, 'Inspection Generale Hub Italy', NULL, '2020-03-12 12:11:42'),
	(113, 112, NULL, 17, 'Consiglio Di Amministrazione', NULL, '2020-03-12 12:11:42'),
	(114, 113, NULL, 17, 'Consiglio Di Amministrazione', NULL, '2020-03-12 12:11:42'),
	(115, 114, NULL, 17, 'Consiglio Di Amministrazione', NULL, '2020-03-12 12:11:42'),
	(116, 115, NULL, 17, 'Consiglio Di Amministrazione', NULL, '2020-03-12 12:11:42'),
	(117, 116, NULL, 17, 'Consiglio Di Amministrazione', NULL, '2020-03-12 12:11:42'),
	(118, 117, NULL, 17, 'Consiglio Di Amministrazione', NULL, '2020-03-12 12:11:42'),
	(119, 118, NULL, 32, 'Direzione Organizzazione', NULL, '2020-03-12 12:11:42'),
	(120, 119, NULL, 17, 'Consiglio Di Amministrazione', NULL, '2020-03-12 12:11:42'),
	(121, 120, NULL, 33, 'Direzione Rischi', NULL, '2020-03-12 12:11:42'),
	(122, 121, NULL, 17, 'Consiglio Di Amministrazione', NULL, '2020-03-12 12:11:42'),
	(123, 122, NULL, 14, 'Comitato Per Il Controllo Interno E Rischi', NULL, '2020-03-12 12:11:42'),
	(124, 123, NULL, 14, 'Comitato Per Il Controllo Interno E Rischi', NULL, '2020-03-12 12:11:42'),
	(125, 124, NULL, 17, 'Consiglio Di Amministrazione', NULL, '2020-03-12 12:11:42'),
	(126, 124, NULL, 2, 'Assemblea', NULL, '2020-03-12 12:11:42'),
	(127, 125, NULL, 17, 'Consiglio Di Amministrazione', NULL, '2020-03-12 12:11:42'),
	(128, 125, NULL, 2, 'Assemblea', NULL, '2020-03-12 12:11:42'),
	(129, 126, NULL, 1, 'Amministratore Delegato', NULL, '2020-03-12 12:11:42'),
	(130, 127, NULL, 1, 'Amministratore Delegato', NULL, '2020-03-12 12:11:42'),
	(131, 128, NULL, 16, 'Comitato Remunerazioni', NULL, '2020-03-12 12:11:42'),
	(132, 129, NULL, 22, 'Direzione Finanziaria', NULL, '2020-03-12 12:11:42'),
	(133, 130, NULL, 22, 'Direzione Finanziaria', NULL, '2020-03-12 12:11:42'),
	(134, 131, NULL, 8, 'Chief Operating Officer Security', NULL, '2020-03-12 12:11:42'),
	(135, 132, NULL, 19, 'Direzione Compliance - Responsabile Aziendale Antiriciclaggio', NULL, '2020-03-12 12:11:42'),
	(136, 133, NULL, 22, 'Direzione Finanziaria', NULL, '2020-03-12 12:11:42'),
	(137, 134, NULL, 33, 'Direzione Rischi', NULL, '2020-03-12 12:11:42'),
	(138, 135, NULL, 33, 'Direzione Rischi', NULL, '2020-03-12 12:11:42'),
	(139, 136, NULL, 33, 'Direzione Rischi', NULL, '2020-03-12 12:11:42'),
	(140, 137, NULL, 37, 'Divisione Commercial Banking E Reti Agenti:divisione Private Banking E Wealth Management', NULL, '2020-03-12 12:11:42'),
	(141, 137, NULL, 38, 'Divisione Corporate Banking', NULL, '2020-03-12 12:11:42'),
	(142, 137, NULL, 40, 'Dvisione Investment Banking', NULL, '2020-03-12 12:11:42'),
	(143, 138, NULL, 41, 'Funzioni Competenti In Materia', NULL, '2020-03-12 12:11:42'),
	(144, 139, NULL, 41, 'Funzioni Competenti In Materia', NULL, '2020-03-12 12:11:42'),
	(145, 140, NULL, 41, 'Funzioni Competenti In Materia', NULL, '2020-03-12 12:11:42'),
	(146, 141, NULL, 42, 'Inspection Generale Hub Italy', NULL, '2020-03-12 12:11:42'),
	(147, 142, NULL, 42, 'Inspection Generale Hub Italy', NULL, '2020-03-12 12:11:42'),
	(148, 143, NULL, 11, 'Collegio Sindacale', NULL, '2020-03-12 12:11:42'),
	(149, 144, NULL, 17, 'Consiglio Di Amministrazione', NULL, '2020-03-12 12:11:42'),
	(150, 145, NULL, 16, 'Comitato Remunerazioni', NULL, '2020-03-12 12:11:42'),
	(151, 146, NULL, 18, 'Direzione Compliance', NULL, '2020-03-12 12:11:42'),
	(152, 147, NULL, 24, 'Direzione Immobiliare', NULL, '2020-03-12 12:11:42'),
	(153, 148, NULL, 28, 'Direzione Legale E Societario', NULL, '2020-03-12 12:11:42'),
	(154, 149, NULL, 29, 'Direzione Legale E Societario - Segreteria Organi Sociali', NULL, '2020-03-12 12:11:42'),
	(155, 150, NULL, 42, 'Inspection Generale Hub Italy', NULL, '2020-03-12 12:11:42'),
	(156, 151, NULL, 42, 'Inspection Generale Hub Italy', NULL, '2020-03-12 12:11:42'),
	(157, 152, NULL, 11, 'Collegio Sindacale', NULL, '2020-03-12 12:11:42'),
	(158, 152, NULL, 15, 'Comitato Per Il Controllo Interno E Rischi - Organismo Di Vigilanza', NULL, '2020-03-12 12:11:42'),
	(159, 153, NULL, 13, 'Comitato Per Il Controllo Interno', NULL, '2020-03-12 12:11:42'),
	(160, 153, NULL, 11, 'Collegio Sindacale', NULL, '2020-03-12 12:11:42'),
	(161, 154, NULL, 11, 'Collegio Sindacale', NULL, '2020-03-12 12:11:42'),
	(162, 154, NULL, 15, 'Comitato Per Il Controllo Interno E Rischi - Organismo Di Vigilanza', NULL, '2020-03-12 12:11:42'),
	(163, 155, NULL, 11, 'Collegio Sindacale', NULL, '2020-03-12 12:11:42'),
	(164, 155, NULL, 15, 'Comitato Per Il Controllo Interno E Rischi - Organismo Di Vigilanza', NULL, '2020-03-12 12:11:42'),
	(165, 156, NULL, 11, 'Collegio Sindacale', NULL, '2020-03-12 12:11:42'),
	(166, 156, NULL, 15, 'Comitato Per Il Controllo Interno E Rischi - Organismo Di Vigilanza', NULL, '2020-03-12 12:11:42'),
	(167, 157, NULL, 33, 'Direzione Rischi', NULL, '2020-03-12 12:11:42'),
	(168, 158, NULL, 11, 'Collegio Sindacale', NULL, '2020-03-12 12:11:42'),
	(169, 159, NULL, 11, 'Collegio Sindacale', NULL, '2020-03-12 12:11:43'),
	(170, 160, NULL, 29, 'Direzione Legale E Societario - Segreteria Organi Sociali', NULL, '2020-03-12 12:11:43'),
	(171, 161, NULL, 29, 'Direzione Legale E Societario - Segreteria Organi Sociali', NULL, '2020-03-12 12:11:43'),
	(172, 162, NULL, 41, 'Funzioni Competenti In Materia', NULL, '2020-03-12 12:11:43'),
	(173, 163, NULL, 41, 'Funzioni Competenti In Materia', NULL, '2020-03-12 12:11:43'),
	(174, 164, NULL, 34, 'Direzione Risorse Umane', NULL, '2020-03-12 12:11:43'),
	(175, 165, NULL, 42, 'Inspection Generale Hub Italy', NULL, '2020-03-12 12:11:43'),
	(176, 166, NULL, 5, 'Bnp Paribas', NULL, '2020-03-12 12:11:43'),
	(177, 166, NULL, 3, 'Assemblea Bnl', NULL, '2020-03-12 12:11:43'),
	(178, 167, NULL, 41, 'Funzioni Competenti In Materia', NULL, '2020-03-12 12:11:43'),
	(179, 168, NULL, 21, 'Direzione Engagement (csr)', NULL, '2020-03-12 12:11:43'),
	(180, 169, NULL, 10, 'Chief Operating Officier Direzione Pac', NULL, '2020-03-12 12:11:43'),
	(181, 170, NULL, 10, 'Chief Operating Officier Direzione Pac', NULL, '2020-03-12 12:11:43'),
	(182, 171, NULL, 10, 'Chief Operating Officier Direzione Pac', NULL, '2020-03-12 12:11:43'),
	(183, 172, NULL, 17, 'Consiglio Di Amministrazione', NULL, '2020-03-12 12:11:43'),
	(184, 173, NULL, 17, 'Consiglio Di Amministrazione', NULL, '2020-03-12 12:11:43'),
	(185, 174, NULL, 17, 'Consiglio Di Amministrazione', NULL, '2020-03-12 12:11:43'),
	(186, 175, NULL, 17, 'Consiglio Di Amministrazione', NULL, '2020-03-12 12:11:43'),
	(187, 176, NULL, 17, 'Consiglio Di Amministrazione', NULL, '2020-03-12 12:11:43'),
	(188, 177, NULL, 17, 'Consiglio Di Amministrazione', NULL, '2020-03-12 12:11:43'),
	(189, 178, NULL, 17, 'Consiglio Di Amministrazione', NULL, '2020-03-12 12:11:43'),
	(190, 179, NULL, 12, 'Comitato Nomine', NULL, '2020-03-12 12:11:43'),
	(191, 180, NULL, 15, 'Comitato Per Il Controllo Interno E Rischi - Organismo Di Vigilanza', NULL, '2020-03-12 12:11:43'),
	(192, 181, NULL, 6, 'Chief Operating Officer - Direzione It', NULL, '2020-03-12 12:11:43'),
	(193, 182, NULL, 6, 'Chief Operating Officer - Direzione It', NULL, '2020-03-12 12:11:43'),
	(194, 183, NULL, 6, 'Chief Operating Officer - Direzione It', NULL, '2020-03-12 12:11:43'),
	(195, 184, NULL, 6, 'Chief Operating Officer - Direzione It', NULL, '2020-03-12 12:11:43'),
	(196, 185, NULL, 7, 'Chief Operating Officer Acquisti', NULL, '2020-03-12 12:11:43'),
	(197, 186, NULL, 7, 'Chief Operating Officer Acquisti', NULL, '2020-03-12 12:11:43'),
	(198, 187, NULL, 7, 'Chief Operating Officer Acquisti', NULL, '2020-03-12 12:11:43'),
	(199, 188, NULL, 8, 'Chief Operating Officer Security', NULL, '2020-03-12 12:11:43'),
	(200, 189, NULL, 9, 'Chief Operating Officer Security Direzione It', NULL, '2020-03-12 12:11:43'),
	(201, 190, NULL, 9, 'Chief Operating Officer Security Direzione It', NULL, '2020-03-12 12:11:43'),
	(202, 191, NULL, 9, 'Chief Operating Officer Security Direzione It', NULL, '2020-03-12 12:11:43'),
	(203, 192, NULL, 21, 'Direzione Engagement (csr)', NULL, '2020-03-12 12:11:43'),
	(204, 193, NULL, 22, 'Direzione Finanziaria', NULL, '2020-03-12 12:11:43'),
	(205, 194, NULL, 22, 'Direzione Finanziaria', NULL, '2020-03-12 12:11:43'),
	(206, 195, NULL, 22, 'Direzione Finanziaria', NULL, '2020-03-12 12:11:43'),
	(207, 196, NULL, 23, 'Direzione Finanziaria - Direzione Rischi', NULL, '2020-03-12 12:11:43'),
	(208, 197, NULL, 22, 'Direzione Finanziaria', NULL, '2020-03-12 12:11:43'),
	(209, 198, NULL, 22, 'Direzione Finanziaria', NULL, '2020-03-12 12:11:43'),
	(210, 199, NULL, 22, 'Direzione Finanziaria', NULL, '2020-03-12 12:11:43'),
	(211, 200, NULL, 22, 'Direzione Finanziaria', NULL, '2020-03-12 12:11:43'),
	(212, 201, NULL, 22, 'Direzione Finanziaria', NULL, '2020-03-12 12:11:43'),
	(213, 202, NULL, 22, 'Direzione Finanziaria', NULL, '2020-03-12 12:11:43'),
	(214, 203, NULL, 23, 'Direzione Finanziaria - Direzione Rischi', NULL, '2020-03-12 12:11:43'),
	(215, 204, NULL, 26, 'Direzione Immobiliare Responsabile Salute E Sicurezza Sul Lavoro (rspp)', NULL, '2020-03-12 12:11:43'),
	(216, 205, NULL, 26, 'Direzione Immobiliare Responsabile Salute E Sicurezza Sul Lavoro (rspp)', NULL, '2020-03-12 12:11:43'),
	(217, 206, NULL, 26, 'Direzione Immobiliare Responsabile Salute E Sicurezza Sul Lavoro (rspp)', NULL, '2020-03-12 12:11:43'),
	(218, 207, NULL, 26, 'Direzione Immobiliare Responsabile Salute E Sicurezza Sul Lavoro (rspp)', NULL, '2020-03-12 12:11:43'),
	(219, 208, NULL, 26, 'Direzione Immobiliare Responsabile Salute E Sicurezza Sul Lavoro (rspp)', NULL, '2020-03-12 12:11:43'),
	(220, 209, NULL, 27, 'Direzione Immobiliare Responsabile Sistema Di Gestione Salute Sul Lavoro (rsgsl)', NULL, '2020-03-12 12:11:43'),
	(221, 210, NULL, 27, 'Direzione Immobiliare Responsabile Sistema Di Gestione Salute Sul Lavoro (rsgsl)', NULL, '2020-03-12 12:11:43'),
	(222, 211, NULL, 25, 'Direzione Immobiliare Prevenzione E Protezione Ambiente (ppa)', NULL, '2020-03-12 12:11:43'),
	(223, 212, NULL, 29, 'Direzione Legale E Societario - Segreteria Organi Sociali', NULL, '2020-03-12 12:11:43'),
	(224, 213, NULL, 28, 'Direzione Legale E Societario', NULL, '2020-03-12 12:11:43'),
	(225, 214, NULL, 28, 'Direzione Legale E Societario', NULL, '2020-03-12 12:11:43'),
	(226, 215, NULL, 28, 'Direzione Legale E Societario', NULL, '2020-03-12 12:11:43'),
	(227, 216, NULL, 29, 'Direzione Legale E Societario - Segreteria Organi Sociali', NULL, '2020-03-12 12:11:43'),
	(228, 217, NULL, 29, 'Direzione Legale E Societario - Segreteria Organi Sociali', NULL, '2020-03-12 12:11:43'),
	(229, 218, NULL, 29, 'Direzione Legale E Societario - Segreteria Organi Sociali', NULL, '2020-03-12 12:11:44'),
	(230, 219, NULL, 33, 'Direzione Rischi', NULL, '2020-03-12 12:11:44'),
	(231, 220, NULL, 33, 'Direzione Rischi', NULL, '2020-03-12 12:11:44'),
	(232, 221, NULL, 33, 'Direzione Rischi', NULL, '2020-03-12 12:11:44'),
	(233, 222, NULL, 33, 'Direzione Rischi', NULL, '2020-03-12 12:11:44'),
	(234, 223, NULL, 34, 'Direzione Risorse Umane', NULL, '2020-03-12 12:11:44'),
	(235, 224, NULL, 34, 'Direzione Risorse Umane', NULL, '2020-03-12 12:11:44'),
	(236, 225, NULL, 34, 'Direzione Risorse Umane', NULL, '2020-03-12 12:11:44'),
	(237, 226, NULL, 34, 'Direzione Risorse Umane', NULL, '2020-03-12 12:11:44'),
	(238, 227, NULL, 34, 'Direzione Risorse Umane', NULL, '2020-03-12 12:11:44'),
	(239, 228, NULL, 34, 'Direzione Risorse Umane', NULL, '2020-03-12 12:11:44'),
	(240, 229, NULL, 34, 'Direzione Risorse Umane', NULL, '2020-03-12 12:11:44'),
	(241, 230, NULL, 34, 'Direzione Risorse Umane', NULL, '2020-03-12 12:11:44'),
	(242, 231, NULL, 34, 'Direzione Risorse Umane', NULL, '2020-03-12 12:11:44'),
	(243, 232, NULL, 36, 'Divisione Commercial Banking E Reti Agenti', NULL, '2020-03-12 12:11:44'),
	(244, 233, NULL, 38, 'Divisione Corporate Banking', NULL, '2020-03-12 12:11:44'),
	(245, 234, NULL, 38, 'Divisione Corporate Banking', NULL, '2020-03-12 12:11:44'),
	(246, 235, NULL, 38, 'Divisione Corporate Banking', NULL, '2020-03-12 12:11:44'),
	(247, 236, NULL, 38, 'Divisione Corporate Banking', NULL, '2020-03-12 12:11:44'),
	(248, 237, NULL, 38, 'Divisione Corporate Banking', NULL, '2020-03-12 12:11:44'),
	(249, 238, NULL, 38, 'Divisione Corporate Banking', NULL, '2020-03-12 12:11:44'),
	(250, 239, NULL, 39, 'Divisione Private Banking E Wealth Management', NULL, '2020-03-12 12:11:44'),
	(251, 240, NULL, 41, 'Funzioni Competenti In Materia', NULL, '2020-03-12 12:11:44'),
	(252, 241, NULL, 41, 'Funzioni Competenti In Materia', NULL, '2020-03-12 12:11:44'),
	(253, 242, NULL, 41, 'Funzioni Competenti In Materia', NULL, '2020-03-12 12:11:44'),
	(254, 243, NULL, 45, 'Relazioni Istituzionali', NULL, '2020-03-12 12:11:44'),
	(255, 244, NULL, 50, 'Tutte Le Funzioni Della Direzione Generale', NULL, '2020-03-12 12:11:44'),
	(256, 245, NULL, 50, 'Tutte Le Funzioni Della Direzione Generale', NULL, '2020-03-12 12:11:44');
/*!40000 ALTER TABLE `assoc_doc_info_funzioni` ENABLE KEYS */;

-- Dump della struttura di tabella odc2.assoc_doc_info_organi
CREATE TABLE IF NOT EXISTS `assoc_doc_info_organi` (
  `id_documenti_organi` int(11) NOT NULL AUTO_INCREMENT,
  `id_doc_info` int(11) DEFAULT NULL,
  `id_riunione` int(11) DEFAULT NULL,
  `id_organo` int(11) DEFAULT NULL,
  `id_azione` int(11) DEFAULT NULL,
  `desc_organo` varchar(255) DEFAULT NULL,
  `desc_azione` varchar(50) DEFAULT NULL,
  `uid_modifica` varchar(50) DEFAULT NULL,
  `data_modifica` datetime DEFAULT CURRENT_TIMESTAMP,
  PRIMARY KEY (`id_documenti_organi`)
) ENGINE=InnoDB DEFAULT CHARSET=utf8;

-- Dump dei dati della tabella odc2.assoc_doc_info_organi: ~528 rows (circa)
DELETE FROM `assoc_doc_info_organi`;
/*!40000 ALTER TABLE `assoc_doc_info_organi` DISABLE KEYS */;
INSERT INTO `assoc_doc_info_organi` (`id_documenti_organi`, `id_doc_info`, `id_riunione`, `id_organo`, `id_azione`, `desc_organo`, `desc_azione`, `uid_modifica`, `data_modifica`) VALUES
	(1, 1, NULL, 4, 13, 'Comitato Nomine (CN)', 'VERIFICA', NULL, '2020-03-12 12:11:36'),
	(2, 1, NULL, 2, 13, 'Collegio Sindacale (CS)', 'VERIFICA', NULL, '2020-03-12 12:11:36'),
	(3, 2, NULL, 2, 13, 'Collegio Sindacale (CS)', 'VERIFICA', NULL, '2020-03-12 12:11:36'),
	(4, 2, NULL, 1, 13, 'CCIR / OdV', 'VERIFICA ', NULL, '2020-03-12 12:11:36'),
	(5, 2, NULL, 3, 4, 'Consiglio di Amministrazione (CDA)', 'DELIBERA', NULL, '2020-03-12 12:11:36'),
	(6, 3, NULL, 2, 12, 'Collegio Sindacale (CS)', 'VALUTA', NULL, '2020-03-12 12:11:36'),
	(7, 3, NULL, 3, 4, 'Consiglio di Amministrazione (CDA)', 'DELIBERA', NULL, '2020-03-12 12:11:36'),
	(8, 4, NULL, 2, 12, 'Collegio Sindacale (CS)', 'VALUTA', NULL, '2020-03-12 12:11:36'),
	(9, 4, NULL, 1, 12, 'CCIR / OdV', 'VALUTA', NULL, '2020-03-12 12:11:36'),
	(10, 4, NULL, 3, 4, 'Consiglio di Amministrazione (CDA)', 'DELIBERA', NULL, '2020-03-12 12:11:36'),
	(11, 5, NULL, 2, 12, 'Collegio Sindacale (CS)', 'VALUTA', NULL, '2020-03-12 12:11:36'),
	(12, 5, NULL, 1, 12, 'CCIR / OdV', 'VALUTA', NULL, '2020-03-12 12:11:36'),
	(13, 5, NULL, 3, 12, 'Consiglio di Amministrazione (CDA)', 'VALUTA', NULL, '2020-03-12 12:11:36'),
	(14, 6, NULL, 2, 12, 'Collegio Sindacale (CS)', 'VALUTA', NULL, '2020-03-12 12:11:36'),
	(15, 6, NULL, 1, 12, 'CCIR / OdV', 'VALUTA', NULL, '2020-03-12 12:11:36'),
	(16, 6, NULL, 3, 4, 'Consiglio di Amministrazione (CDA)', 'DELIBERA', NULL, '2020-03-12 12:11:36'),
	(17, 7, NULL, 2, 12, 'Collegio Sindacale (CS)', 'VALUTA', NULL, '2020-03-12 12:11:36'),
	(18, 7, NULL, 1, 12, 'CCIR / OdV', 'VALUTA', NULL, '2020-03-12 12:11:36'),
	(19, 7, NULL, 3, 12, 'Consiglio di Amministrazione (CDA)', 'VALUTA', NULL, '2020-03-12 12:11:36'),
	(20, 8, NULL, 2, 12, 'Collegio Sindacale (CS)', 'VALUTA', NULL, '2020-03-12 12:11:36'),
	(21, 8, NULL, 1, 13, 'CCIR / OdV', 'VERIFICA ', NULL, '2020-03-12 12:11:36'),
	(22, 8, NULL, 3, 9, 'Consiglio di Amministrazione (CDA)', 'PRENDE ATTO', NULL, '2020-03-12 12:11:36'),
	(23, 9, NULL, 2, 12, 'Collegio Sindacale (CS)', 'VALUTA', NULL, '2020-03-12 12:11:36'),
	(24, 9, NULL, 1, 12, 'CCIR / OdV', 'VALUTA', NULL, '2020-03-12 12:11:36'),
	(25, 9, NULL, 3, 4, 'Consiglio di Amministrazione (CDA)', 'DELIBERA', NULL, '2020-03-12 12:11:36'),
	(26, 10, NULL, 2, 12, 'Collegio Sindacale (CS)', 'VALUTA', NULL, '2020-03-12 12:11:36'),
	(27, 10, NULL, 1, 9, 'CCIR / OdV', 'PRENDE ATTO', NULL, '2020-03-12 12:11:36'),
	(28, 10, NULL, 3, 9, 'Consiglio di Amministrazione (CDA)', 'PRENDE ATTO', NULL, '2020-03-12 12:11:36'),
	(29, 11, NULL, 2, 12, 'Collegio Sindacale (CS)', 'VALUTA', NULL, '2020-03-12 12:11:36'),
	(30, 11, NULL, 1, 12, 'CCIR / OdV', 'VALUTA', NULL, '2020-03-12 12:11:36'),
	(31, 11, NULL, 3, 4, 'Consiglio di Amministrazione (CDA)', 'DELIBERA', NULL, '2020-03-12 12:11:36'),
	(32, 12, NULL, 2, 12, 'Collegio Sindacale (CS)', 'VALUTA', NULL, '2020-03-12 12:11:36'),
	(33, 12, NULL, 1, 9, 'CCIR / OdV', 'PRENDE ATTO', NULL, '2020-03-12 12:11:36'),
	(34, 12, NULL, 3, 4, 'Consiglio di Amministrazione (CDA)', 'DELIBERA', NULL, '2020-03-12 12:11:36'),
	(35, 13, NULL, 2, 12, 'Collegio Sindacale (CS)', 'VALUTA', NULL, '2020-03-12 12:11:36'),
	(36, 13, NULL, 1, 9, 'CCIR / OdV', 'PRENDE ATTO', NULL, '2020-03-12 12:11:36'),
	(37, 13, NULL, 3, 4, 'Consiglio di Amministrazione (CDA)', 'DELIBERA', NULL, '2020-03-12 12:11:36'),
	(38, 14, NULL, 2, 12, 'Collegio Sindacale (CS)', 'VALUTA', NULL, '2020-03-12 12:11:36'),
	(39, 14, NULL, 1, 12, 'CCIR / OdV', 'VALUTA', NULL, '2020-03-12 12:11:36'),
	(40, 14, NULL, 3, 4, 'Consiglio di Amministrazione (CDA)', 'DELIBERA', NULL, '2020-03-12 12:11:36'),
	(41, 15, NULL, 2, 12, 'Collegio Sindacale (CS)', 'VALUTA', NULL, '2020-03-12 12:11:36'),
	(42, 15, NULL, 1, 8, 'CCIR / OdV', 'PARERE', NULL, '2020-03-12 12:11:36'),
	(43, 15, NULL, 3, 4, 'Consiglio di Amministrazione (CDA)', 'DELIBERA', NULL, '2020-03-12 12:11:36'),
	(44, 16, NULL, 2, 12, 'Collegio Sindacale (CS)', 'VALUTA', NULL, '2020-03-12 12:11:36'),
	(45, 16, NULL, 1, 13, 'CCIR / OdV', 'VERIFICA ', NULL, '2020-03-12 12:11:36'),
	(46, 16, NULL, 3, 4, 'Consiglio di Amministrazione (CDA)', 'DELIBERA', NULL, '2020-03-12 12:11:36'),
	(47, 17, NULL, 2, 12, 'Collegio Sindacale (CS)', 'VALUTA', NULL, '2020-03-12 12:11:36'),
	(48, 17, NULL, 1, 8, 'CCIR / OdV', 'PARERE', NULL, '2020-03-12 12:11:36'),
	(49, 17, NULL, 3, 4, 'Consiglio di Amministrazione (CDA)', 'DELIBERA', NULL, '2020-03-12 12:11:36'),
	(50, 18, NULL, 2, 12, 'Collegio Sindacale (CS)', 'VALUTA', NULL, '2020-03-12 12:11:36'),
	(51, 18, NULL, 1, 12, 'CCIR / OdV', 'VALUTA', NULL, '2020-03-12 12:11:36'),
	(52, 18, NULL, 3, 4, 'Consiglio di Amministrazione (CDA)', 'DELIBERA', NULL, '2020-03-12 12:11:36'),
	(53, 19, NULL, 2, 12, 'Collegio Sindacale (CS)', 'VALUTA', NULL, '2020-03-12 12:11:36'),
	(54, 19, NULL, 1, 8, 'CCIR / OdV', 'PARERE', NULL, '2020-03-12 12:11:36'),
	(55, 19, NULL, 3, 9, 'Consiglio di Amministrazione (CDA)', 'PRENDE ATTO', NULL, '2020-03-12 12:11:36'),
	(56, 20, NULL, 2, 12, 'Collegio Sindacale (CS)', 'VALUTA', NULL, '2020-03-12 12:11:36'),
	(57, 20, NULL, 3, 4, 'Consiglio di Amministrazione (CDA)', 'DELIBERA', NULL, '2020-03-12 12:11:36'),
	(58, 21, NULL, 2, 12, 'Collegio Sindacale (CS)', 'VALUTA', NULL, '2020-03-12 12:11:36'),
	(59, 21, NULL, 3, 4, 'Consiglio di Amministrazione (CDA)', 'DELIBERA', NULL, '2020-03-12 12:11:37'),
	(60, 22, NULL, 2, 10, 'Collegio Sindacale (CS)', 'PRENDE VISIONE', NULL, '2020-03-12 12:11:37'),
	(61, 22, NULL, 1, 1, 'CCIR / OdV', 'APPROVA ', NULL, '2020-03-12 12:11:37'),
	(62, 22, NULL, 3, 9, 'Consiglio di Amministrazione (CDA)', 'PRENDE ATTO', NULL, '2020-03-12 12:11:37'),
	(63, 23, NULL, 2, 10, 'Collegio Sindacale (CS)', 'PRENDE VISIONE', NULL, '2020-03-12 12:11:37'),
	(64, 23, NULL, 1, 9, 'CCIR / OdV', 'PRENDE ATTO', NULL, '2020-03-12 12:11:37'),
	(65, 24, NULL, 2, 10, 'Collegio Sindacale (CS)', 'PRENDE VISIONE', NULL, '2020-03-12 12:11:37'),
	(66, 24, NULL, 3, 4, 'Consiglio di Amministrazione (CDA)', 'DELIBERA', NULL, '2020-03-12 12:11:37'),
	(67, 25, NULL, 2, 10, 'Collegio Sindacale (CS)', 'PRENDE VISIONE', NULL, '2020-03-12 12:11:37'),
	(68, 25, NULL, 1, 1, 'CCIR / OdV', 'APPROVA', NULL, '2020-03-12 12:11:37'),
	(69, 25, NULL, 3, 4, 'Consiglio di Amministrazione (CDA)', 'DELIBERA', NULL, '2020-03-12 12:11:37'),
	(70, 26, NULL, 2, 10, 'Collegio Sindacale (CS)', 'PRENDE VISIONE', NULL, '2020-03-12 12:11:37'),
	(71, 26, NULL, 1, 1, 'CCIR / OdV', 'APPROVA', NULL, '2020-03-12 12:11:37'),
	(72, 26, NULL, 3, 9, 'Consiglio di Amministrazione (CDA)', 'PRENDE ATTO', NULL, '2020-03-12 12:11:37'),
	(73, 27, NULL, 4, 1, 'Comitato Nomine (CN)', 'APPROVA', NULL, '2020-03-12 12:11:37'),
	(74, 27, NULL, 2, 10, 'Collegio Sindacale (CS)', 'PRENDE VISIONE', NULL, '2020-03-12 12:11:37'),
	(75, 27, NULL, 3, 9, 'Consiglio di Amministrazione (CDA)', 'PRENDE ATTO', NULL, '2020-03-12 12:11:37'),
	(76, 28, NULL, 2, 10, 'Collegio Sindacale (CS)', 'PRENDE VISIONE', NULL, '2020-03-12 12:11:37'),
	(77, 28, NULL, 3, 6, 'Consiglio di Amministrazione (CDA)', 'INFORMA ', NULL, '2020-03-12 12:11:37'),
	(78, 29, NULL, 2, 10, 'Collegio Sindacale (CS)', 'PRENDE VISIONE', NULL, '2020-03-12 12:11:37'),
	(79, 30, NULL, 2, 10, 'Collegio Sindacale (CS)', 'PRENDE VISIONE', NULL, '2020-03-12 12:11:37'),
	(80, 31, NULL, 2, 10, 'Collegio Sindacale (CS)', 'PRENDE VISIONE', NULL, '2020-03-12 12:11:37'),
	(81, 32, NULL, 2, 10, 'Collegio Sindacale (CS)', 'PRENDE VISIONE', NULL, '2020-03-12 12:11:37'),
	(82, 32, NULL, 1, 9, 'CCIR / OdV', 'PRENDE ATTO', NULL, '2020-03-12 12:11:37'),
	(83, 33, NULL, 2, 10, 'Collegio Sindacale (CS)', 'PRENDE VISIONE', NULL, '2020-03-12 12:11:37'),
	(84, 33, NULL, 1, 8, 'CCIR / OdV', 'PARERE', NULL, '2020-03-12 12:11:37'),
	(85, 33, NULL, 3, 4, 'Consiglio di Amministrazione (CDA)', 'DELIBERA', NULL, '2020-03-12 12:11:37'),
	(86, 34, NULL, 2, 10, 'Collegio Sindacale (CS)', 'PRENDE VISIONE', NULL, '2020-03-12 12:11:37'),
	(87, 34, NULL, 1, 9, 'CCIR / OdV', 'PRENDE ATTO', NULL, '2020-03-12 12:11:37'),
	(88, 34, NULL, 3, 9, 'Consiglio di Amministrazione (CDA)', 'PRENDE ATTO', NULL, '2020-03-12 12:11:37'),
	(89, 35, NULL, 2, 10, 'Collegio Sindacale (CS)', 'PRENDE VISIONE', NULL, '2020-03-12 12:11:37'),
	(90, 35, NULL, 1, 9, 'CCIR / OdV', 'PRENDE ATTO', NULL, '2020-03-12 12:11:37'),
	(91, 35, NULL, 3, 9, 'Consiglio di Amministrazione (CDA)', 'PRENDE ATTO', NULL, '2020-03-12 12:11:37'),
	(92, 36, NULL, 2, 10, 'Collegio Sindacale (CS)', 'PRENDE VISIONE', NULL, '2020-03-12 12:11:37'),
	(93, 36, NULL, 1, 9, 'CCIR / OdV', 'PRENDE ATTO', NULL, '2020-03-12 12:11:37'),
	(94, 36, NULL, 3, 4, 'Consiglio di Amministrazione (CDA)', 'DELIBERA', NULL, '2020-03-12 12:11:37'),
	(95, 37, NULL, 2, 10, 'Collegio Sindacale (CS)', 'PRENDE VISIONE', NULL, '2020-03-12 12:11:37'),
	(96, 37, NULL, 1, 9, 'CCIR / OdV', 'PRENDE ATTO', NULL, '2020-03-12 12:11:37'),
	(97, 37, NULL, 3, 4, 'Consiglio di Amministrazione (CDA)', 'DELIBERA', NULL, '2020-03-12 12:11:37'),
	(98, 38, NULL, 2, 10, 'Collegio Sindacale (CS)', 'PRENDE VISIONE', NULL, '2020-03-12 12:11:37'),
	(99, 38, NULL, 1, 9, 'CCIR / OdV', 'PRENDE ATTO', NULL, '2020-03-12 12:11:37'),
	(100, 38, NULL, 3, 4, 'Consiglio di Amministrazione (CDA)', 'DELIBERA', NULL, '2020-03-12 12:11:37'),
	(101, 39, NULL, 2, 10, 'Collegio Sindacale (CS)', 'PRENDE VISIONE', NULL, '2020-03-12 12:11:37'),
	(102, 39, NULL, 1, 9, 'CCIR / OdV', 'PRENDE ATTO', NULL, '2020-03-12 12:11:37'),
	(103, 39, NULL, 3, 4, 'Consiglio di Amministrazione (CDA)', 'DELIBERA', NULL, '2020-03-12 12:11:37'),
	(104, 40, NULL, 2, 10, 'Collegio Sindacale (CS)', 'PRENDE VISIONE', NULL, '2020-03-12 12:11:37'),
	(105, 40, NULL, 1, 9, 'CCIR / OdV', 'PRENDE ATTO', NULL, '2020-03-12 12:11:37'),
	(106, 40, NULL, 3, 4, 'Consiglio di Amministrazione (CDA)', 'DELIBERA', NULL, '2020-03-12 12:11:37'),
	(107, 41, NULL, 2, 10, 'Collegio Sindacale (CS)', 'PRENDE VISIONE', NULL, '2020-03-12 12:11:37'),
	(108, 41, NULL, 1, 9, 'CCIR / OdV', 'PRENDE ATTO', NULL, '2020-03-12 12:11:37'),
	(109, 41, NULL, 3, 9, 'Consiglio di Amministrazione (CDA)', 'PRENDE ATTO', NULL, '2020-03-12 12:11:37'),
	(110, 42, NULL, 2, 10, 'Collegio Sindacale (CS)', 'PRENDE VISIONE', NULL, '2020-03-12 12:11:37'),
	(111, 42, NULL, 1, 8, 'CCIR / OdV', 'PARERE', NULL, '2020-03-12 12:11:37'),
	(112, 42, NULL, 3, 4, 'Consiglio di Amministrazione (CDA)', 'DELIBERA', NULL, '2020-03-12 12:11:37'),
	(113, 43, NULL, 2, 10, 'Collegio Sindacale (CS)', 'PRENDE VISIONE', NULL, '2020-03-12 12:11:37'),
	(114, 43, NULL, 1, 9, 'CCIR / OdV', 'PRENDE ATTO', NULL, '2020-03-12 12:11:37'),
	(115, 44, NULL, 2, 10, 'Collegio Sindacale (CS)', 'PRENDE VISIONE', NULL, '2020-03-12 12:11:37'),
	(116, 44, NULL, 1, 9, 'CCIR / OdV', 'PRENDE ATTO', NULL, '2020-03-12 12:11:37'),
	(117, 44, NULL, 3, 9, 'Consiglio di Amministrazione (CDA)', 'PRENDE ATTO', NULL, '2020-03-12 12:11:37'),
	(118, 45, NULL, 2, 10, 'Collegio Sindacale (CS)', 'PRENDE VISIONE', NULL, '2020-03-12 12:11:37'),
	(119, 45, NULL, 1, 9, 'CCIR / OdV', 'PRENDE ATTO', NULL, '2020-03-12 12:11:37'),
	(120, 45, NULL, 3, 9, 'Consiglio di Amministrazione (CDA)', 'PRENDE ATTO', NULL, '2020-03-12 12:11:37'),
	(121, 46, NULL, 2, 10, 'Collegio Sindacale (CS)', 'PRENDE VISIONE', NULL, '2020-03-12 12:11:37'),
	(122, 46, NULL, 1, 9, 'CCIR / OdV', 'PRENDE ATTO', NULL, '2020-03-12 12:11:37'),
	(123, 46, NULL, 3, 9, 'Consiglio di Amministrazione (CDA)', 'PRENDE ATTO', NULL, '2020-03-12 12:11:37'),
	(124, 47, NULL, 2, 10, 'Collegio Sindacale (CS)', 'PRENDE VISIONE', NULL, '2020-03-12 12:11:37'),
	(125, 47, NULL, 1, 9, 'CCIR / OdV', 'PRENDE ATTO', NULL, '2020-03-12 12:11:37'),
	(126, 48, NULL, 2, 10, 'Collegio Sindacale (CS)', 'PRENDE VISIONE', NULL, '2020-03-12 12:11:37'),
	(127, 48, NULL, 1, 9, 'CCIR / OdV', 'PRENDE ATTO', NULL, '2020-03-12 12:11:37'),
	(128, 49, NULL, 2, 10, 'Collegio Sindacale (CS)', 'PRENDE VISIONE', NULL, '2020-03-12 12:11:37'),
	(129, 49, NULL, 1, 9, 'CCIR / OdV', 'PRENDE ATTO', NULL, '2020-03-12 12:11:37'),
	(130, 49, NULL, 3, 9, 'Consiglio di Amministrazione (CDA)', 'PRENDE ATTO', NULL, '2020-03-12 12:11:37'),
	(131, 50, NULL, 2, 10, 'Collegio Sindacale (CS)', 'PRENDE VISIONE', NULL, '2020-03-12 12:11:37'),
	(132, 50, NULL, 3, 4, 'Consiglio di Amministrazione (CDA)', 'DELIBERA', NULL, '2020-03-12 12:11:37'),
	(133, 51, NULL, 2, 10, 'Collegio Sindacale (CS)', 'PRENDE VISIONE', NULL, '2020-03-12 12:11:37'),
	(134, 51, NULL, 3, 9, 'Consiglio di Amministrazione (CDA)', 'PRENDE ATTO', NULL, '2020-03-12 12:11:37'),
	(135, 52, NULL, 2, 10, 'Collegio Sindacale (CS)', 'PRENDE VISIONE', NULL, '2020-03-12 12:11:37'),
	(136, 52, NULL, 3, 4, 'Consiglio di Amministrazione (CDA)', 'DELIBERA', NULL, '2020-03-12 12:11:37'),
	(137, 53, NULL, 2, 10, 'Collegio Sindacale (CS)', 'PRENDE VISIONE', NULL, '2020-03-12 12:11:37'),
	(138, 53, NULL, 1, 9, 'CCIR / OdV', 'PRENDE ATTO', NULL, '2020-03-12 12:11:37'),
	(139, 53, NULL, 3, 9, 'Consiglio di Amministrazione (CDA)', 'PRENDE ATTO', NULL, '2020-03-12 12:11:37'),
	(140, 54, NULL, 2, 10, 'Collegio Sindacale (CS)', 'PRENDE VISIONE', NULL, '2020-03-12 12:11:37'),
	(141, 54, NULL, 3, 4, 'Consiglio di Amministrazione (CDA)', 'DELIBERA', NULL, '2020-03-12 12:11:37'),
	(142, 55, NULL, 2, 10, 'Collegio Sindacale (CS)', 'PRENDE VISIONE', NULL, '2020-03-12 12:11:37'),
	(143, 55, NULL, 1, 9, 'CCIR / OdV', 'PRENDE ATTO', NULL, '2020-03-12 12:11:37'),
	(144, 55, NULL, 3, 9, 'Consiglio di Amministrazione (CDA)', 'PRENDE ATTO', NULL, '2020-03-12 12:11:37'),
	(145, 56, NULL, 2, 10, 'Collegio Sindacale (CS)', 'PRENDE VISIONE', NULL, '2020-03-12 12:11:37'),
	(146, 56, NULL, 3, 4, 'Consiglio di Amministrazione (CDA)', 'DELIBERA', NULL, '2020-03-12 12:11:37'),
	(147, 57, NULL, 2, 10, 'Collegio Sindacale (CS)', 'PRENDE VISIONE', NULL, '2020-03-12 12:11:37'),
	(148, 57, NULL, 1, 8, 'CCIR / OdV', 'PARERE', NULL, '2020-03-12 12:11:37'),
	(149, 57, NULL, 3, 4, 'Consiglio di Amministrazione (CDA)', 'DELIBERA', NULL, '2020-03-12 12:11:37'),
	(150, 58, NULL, 2, 10, 'Collegio Sindacale (CS)', 'PRENDE VISIONE', NULL, '2020-03-12 12:11:37'),
	(151, 58, NULL, 1, 9, 'CCIR / OdV', 'PRENDE ATTO', NULL, '2020-03-12 12:11:37'),
	(152, 59, NULL, 2, 10, 'Collegio Sindacale (CS)', 'PRENDE VISIONE', NULL, '2020-03-12 12:11:37'),
	(153, 59, NULL, 1, 9, 'CCIR / OdV', 'PRENDE ATTO', NULL, '2020-03-12 12:11:37'),
	(154, 60, NULL, 2, 10, 'Collegio Sindacale (CS)', 'PRENDE VISIONE', NULL, '2020-03-12 12:11:37'),
	(155, 60, NULL, 1, 9, 'CCIR / OdV', 'PRENDE ATTO', NULL, '2020-03-12 12:11:37'),
	(156, 60, NULL, 3, 9, 'Consiglio di Amministrazione (CDA)', 'PRENDE ATTO', NULL, '2020-03-12 12:11:37'),
	(157, 61, NULL, 2, 10, 'Collegio Sindacale (CS)', 'PRENDE VISIONE', NULL, '2020-03-12 12:11:37'),
	(158, 61, NULL, 3, 4, 'Consiglio di Amministrazione (CDA)', 'DELIBERA', NULL, '2020-03-12 12:11:37'),
	(159, 62, NULL, 2, 10, 'Collegio Sindacale (CS)', 'PRENDE VISIONE', NULL, '2020-03-12 12:11:37'),
	(160, 62, NULL, 3, 4, 'Consiglio di Amministrazione (CDA)', 'DELIBERA', NULL, '2020-03-12 12:11:37'),
	(161, 63, NULL, 2, 10, 'Collegio Sindacale (CS)', 'PRENDE VISIONE', NULL, '2020-03-12 12:11:37'),
	(162, 64, NULL, 2, 10, 'Collegio Sindacale (CS)', 'PRENDE VISIONE', NULL, '2020-03-12 12:11:37'),
	(163, 64, NULL, 1, 9, 'CCIR / OdV', 'PRENDE ATTO', NULL, '2020-03-12 12:11:37'),
	(164, 64, NULL, 3, 9, 'Consiglio di Amministrazione (CDA)', 'PRENDE ATTO', NULL, '2020-03-12 12:11:37'),
	(165, 65, NULL, 2, 10, 'Collegio Sindacale (CS)', 'PRENDE VISIONE', NULL, '2020-03-12 12:11:37'),
	(166, 65, NULL, 1, 9, 'CCIR / OdV', 'PRENDE ATTO', NULL, '2020-03-12 12:11:37'),
	(167, 66, NULL, 2, 10, 'Collegio Sindacale (CS)', 'PRENDE VISIONE', NULL, '2020-03-12 12:11:37'),
	(168, 66, NULL, 1, 9, 'CCIR / OdV', 'PRENDE ATTO', NULL, '2020-03-12 12:11:37'),
	(169, 67, NULL, 5, 12, 'Comitato Remunerazioni (CR)', 'VALUTA', NULL, '2020-03-12 12:11:37'),
	(170, 67, NULL, 2, 10, 'Collegio Sindacale (CS)', 'PRENDE VISIONE', NULL, '2020-03-12 12:11:37'),
	(171, 67, NULL, 3, 12, 'Consiglio di Amministrazione (CDA)', 'VALUTA', NULL, '2020-03-12 12:11:37'),
	(172, 68, NULL, 5, 12, 'Comitato Remunerazioni (CR)', 'VALUTA', NULL, '2020-03-12 12:11:37'),
	(173, 68, NULL, 2, 10, 'Collegio Sindacale (CS)', 'PRENDE VISIONE', NULL, '2020-03-12 12:11:37'),
	(174, 68, NULL, 1, 9, 'CCIR / OdV', 'PRENDE ATTO', NULL, '2020-03-12 12:11:37'),
	(175, 68, NULL, 3, 4, 'Consiglio di Amministrazione (CDA)', 'DELIBERA', NULL, '2020-03-12 12:11:37'),
	(176, 69, NULL, 5, 8, 'Comitato Remunerazioni (CR)', 'PARERE', NULL, '2020-03-12 12:11:37'),
	(177, 69, NULL, 2, 10, 'Collegio Sindacale (CS)', 'PRENDE VISIONE', NULL, '2020-03-12 12:11:37'),
	(178, 69, NULL, 3, 2, 'Consiglio di Amministrazione (CDA)', 'ASSEMBLEA ', NULL, '2020-03-12 12:11:37'),
	(179, 70, NULL, 2, 10, 'Collegio Sindacale (CS)', 'PRENDE VISIONE', NULL, '2020-03-12 12:11:37'),
	(180, 71, NULL, 5, 8, 'Comitato Remunerazioni (CR)', 'PARERE', NULL, '2020-03-12 12:11:37'),
	(181, 71, NULL, 2, 10, 'Collegio Sindacale (CS)', 'PRENDE VISIONE', NULL, '2020-03-12 12:11:37'),
	(182, 71, NULL, 3, 4, 'Consiglio di Amministrazione (CDA)', 'DELIBERA', NULL, '2020-03-12 12:11:37'),
	(183, 72, NULL, 5, 8, 'Comitato Remunerazioni (CR)', 'PARERE', NULL, '2020-03-12 12:11:37'),
	(184, 72, NULL, 2, 10, 'Collegio Sindacale (CS)', 'PRENDE VISIONE', NULL, '2020-03-12 12:11:37'),
	(185, 72, NULL, 3, 4, 'Consiglio di Amministrazione (CDA)', 'DELIBERA', NULL, '2020-03-12 12:11:37'),
	(186, 73, NULL, 5, 12, 'Comitato Remunerazioni (CR)', 'VALUTA', NULL, '2020-03-12 12:11:37'),
	(187, 73, NULL, 2, 10, 'Collegio Sindacale (CS)', 'PRENDE VISIONE', NULL, '2020-03-12 12:11:37'),
	(188, 73, NULL, 3, 12, 'Consiglio di Amministrazione (CDA)', 'VALUTA', NULL, '2020-03-12 12:11:37'),
	(189, 74, NULL, 5, 12, 'Comitato Remunerazioni (CR)', 'VALUTA', NULL, '2020-03-12 12:11:37'),
	(190, 74, NULL, 2, 10, 'Collegio Sindacale (CS)', 'PRENDE VISIONE', NULL, '2020-03-12 12:11:37'),
	(191, 74, NULL, 3, 12, 'Consiglio di Amministrazione (CDA)', 'VALUTA', NULL, '2020-03-12 12:11:37'),
	(192, 75, NULL, 5, 12, 'Comitato Remunerazioni (CR)', 'VALUTA', NULL, '2020-03-12 12:11:37'),
	(193, 75, NULL, 2, 10, 'Collegio Sindacale (CS)', 'PRENDE VISIONE', NULL, '2020-03-12 12:11:37'),
	(194, 75, NULL, 3, 12, 'Consiglio di Amministrazione (CDA)', 'VALUTA', NULL, '2020-03-12 12:11:37'),
	(195, 76, NULL, 5, 12, 'Comitato Remunerazioni (CR)', 'VALUTA', NULL, '2020-03-12 12:11:37'),
	(196, 76, NULL, 2, 10, 'Collegio Sindacale (CS)', 'PRENDE VISIONE', NULL, '2020-03-12 12:11:37'),
	(197, 76, NULL, 3, 12, 'Consiglio di Amministrazione (CDA)', 'VALUTA', NULL, '2020-03-12 12:11:37'),
	(198, 77, NULL, 2, 10, 'Collegio Sindacale (CS)', 'PRENDE VISIONE', NULL, '2020-03-12 12:11:37'),
	(199, 77, NULL, 1, 9, 'CCIR / OdV', 'PRENDE ATTO', NULL, '2020-03-12 12:11:37'),
	(200, 77, NULL, 3, 4, 'Consiglio di Amministrazione (CDA)', 'DELIBERA', NULL, '2020-03-12 12:11:37'),
	(201, 78, NULL, 2, 10, 'Collegio Sindacale (CS)', 'PRENDE VISIONE', NULL, '2020-03-12 12:11:37'),
	(202, 78, NULL, 1, 8, 'CCIR / OdV', 'PARERE', NULL, '2020-03-12 12:11:37'),
	(203, 78, NULL, 3, 4, 'Consiglio di Amministrazione (CDA)', 'DELIBERA', NULL, '2020-03-12 12:11:37'),
	(204, 79, NULL, 2, 10, 'Collegio Sindacale (CS)', 'PRENDE VISIONE', NULL, '2020-03-12 12:11:37'),
	(205, 79, NULL, 1, 9, 'CCIR / OdV', 'PRENDE ATTO', NULL, '2020-03-12 12:11:37'),
	(206, 79, NULL, 3, 9, 'Consiglio di Amministrazione (CDA)', 'PRENDE ATTO', NULL, '2020-03-12 12:11:37'),
	(207, 80, NULL, 2, 10, 'Collegio Sindacale (CS)', 'PRENDE VISIONE', NULL, '2020-03-12 12:11:37'),
	(208, 80, NULL, 1, 9, 'CCIR / OdV', 'PRENDE ATTO', NULL, '2020-03-12 12:11:37'),
	(209, 80, NULL, 3, 4, 'Consiglio di Amministrazione (CDA)', 'DELIBERA', NULL, '2020-03-12 12:11:37'),
	(210, 81, NULL, 2, 10, 'Collegio Sindacale (CS)', 'PRENDE VISIONE', NULL, '2020-03-12 12:11:37'),
	(211, 81, NULL, 1, 9, 'CCIR / OdV', 'PRENDE ATTO', NULL, '2020-03-12 12:11:37'),
	(212, 81, NULL, 3, 4, 'Consiglio di Amministrazione (CDA)', 'DELIBERA', NULL, '2020-03-12 12:11:37'),
	(213, 82, NULL, 2, 10, 'Collegio Sindacale (CS)', 'PRENDE VISIONE', NULL, '2020-03-12 12:11:38'),
	(214, 82, NULL, 3, 4, 'Consiglio di Amministrazione (CDA)', 'DELIBERA', NULL, '2020-03-12 12:11:38'),
	(215, 83, NULL, 2, 10, 'Collegio Sindacale (CS)', 'PRENDE VISIONE', NULL, '2020-03-12 12:11:38'),
	(216, 83, NULL, 1, 9, 'CCIR / OdV', 'PRENDE ATTO', NULL, '2020-03-12 12:11:38'),
	(217, 83, NULL, 3, 9, 'Consiglio di Amministrazione (CDA)', 'PRENDE ATTO', NULL, '2020-03-12 12:11:38'),
	(218, 84, NULL, 2, 10, 'Collegio Sindacale (CS)', 'PRENDE VISIONE', NULL, '2020-03-12 12:11:38'),
	(219, 84, NULL, 1, 9, 'CCIR / OdV', 'PRENDE ATTO', NULL, '2020-03-12 12:11:38'),
	(220, 85, NULL, 2, 10, 'Collegio Sindacale (CS)', 'PRENDE VISIONE', NULL, '2020-03-12 12:11:38'),
	(221, 85, NULL, 1, 9, 'CCIR / OdV', 'PRENDE ATTO', NULL, '2020-03-12 12:11:38'),
	(222, 86, NULL, 2, 10, 'Collegio Sindacale (CS)', 'PRENDE VISIONE', NULL, '2020-03-12 12:11:38'),
	(223, 86, NULL, 1, 9, 'CCIR / OdV', 'PRENDE ATTO', NULL, '2020-03-12 12:11:38'),
	(224, 86, NULL, 3, 4, 'Consiglio di Amministrazione (CDA)', 'DELIBERA', NULL, '2020-03-12 12:11:38'),
	(225, 87, NULL, 2, 10, 'Collegio Sindacale (CS)', 'PRENDE VISIONE', NULL, '2020-03-12 12:11:38'),
	(226, 87, NULL, 1, 9, 'CCIR / OdV', 'PRENDE ATTO', NULL, '2020-03-12 12:11:38'),
	(227, 87, NULL, 3, 9, 'Consiglio di Amministrazione (CDA)', 'PRENDE ATTO', NULL, '2020-03-12 12:11:38'),
	(228, 88, NULL, 2, 10, 'Collegio Sindacale (CS)', 'PRENDE VISIONE', NULL, '2020-03-12 12:11:38'),
	(229, 88, NULL, 1, 9, 'CCIR / OdV', 'PRENDE ATTO', NULL, '2020-03-12 12:11:38'),
	(230, 88, NULL, 3, 4, 'Consiglio di Amministrazione (CDA)', 'DELIBERA', NULL, '2020-03-12 12:11:38'),
	(231, 89, NULL, 2, 10, 'Collegio Sindacale (CS)', 'PRENDE VISIONE', NULL, '2020-03-12 12:11:38'),
	(232, 89, NULL, 1, 9, 'CCIR / OdV', 'PRENDE ATTO', NULL, '2020-03-12 12:11:38'),
	(233, 90, NULL, 2, 10, 'Collegio Sindacale (CS)', 'PRENDE VISIONE', NULL, '2020-03-12 12:11:38'),
	(234, 90, NULL, 1, 9, 'CCIR / OdV', 'PRENDE ATTO', NULL, '2020-03-12 12:11:38'),
	(235, 90, NULL, 3, 9, 'Consiglio di Amministrazione (CDA)', 'PRENDE ATTO', NULL, '2020-03-12 12:11:38'),
	(236, 91, NULL, 5, 12, 'Comitato Remunerazioni (CR)', 'VALUTA', NULL, '2020-03-12 12:11:38'),
	(237, 91, NULL, 2, 10, 'Collegio Sindacale (CS)', 'PRENDE VISIONE', NULL, '2020-03-12 12:11:38'),
	(238, 91, NULL, 1, 9, 'CCIR / OdV', 'PRENDE ATTO', NULL, '2020-03-12 12:11:38'),
	(239, 91, NULL, 3, 12, 'Consiglio di Amministrazione (CDA)', 'VALUTA', NULL, '2020-03-12 12:11:38'),
	(240, 92, NULL, 5, 12, 'Comitato Remunerazioni (CR)', 'VALUTA', NULL, '2020-03-12 12:11:38'),
	(241, 92, NULL, 2, 10, 'Collegio Sindacale (CS)', 'PRENDE VISIONE', NULL, '2020-03-12 12:11:38'),
	(242, 92, NULL, 1, 9, 'CCIR / OdV', 'PRENDE ATTO', NULL, '2020-03-12 12:11:38'),
	(243, 92, NULL, 3, 12, 'Consiglio di Amministrazione (CDA)', 'VALUTA', NULL, '2020-03-12 12:11:38'),
	(244, 93, NULL, 5, 12, 'Comitato Remunerazioni (CR)', 'VALUTA', NULL, '2020-03-12 12:11:38'),
	(245, 93, NULL, 2, 10, 'Collegio Sindacale (CS)', 'PRENDE VISIONE', NULL, '2020-03-12 12:11:38'),
	(246, 93, NULL, 1, 9, 'CCIR / OdV', 'PRENDE ATTO', NULL, '2020-03-12 12:11:38'),
	(247, 93, NULL, 3, 12, 'Consiglio di Amministrazione (CDA)', 'VALUTA', NULL, '2020-03-12 12:11:38'),
	(248, 94, NULL, 5, 12, 'Comitato Remunerazioni (CR)', 'VALUTA', NULL, '2020-03-12 12:11:38'),
	(249, 94, NULL, 2, 10, 'Collegio Sindacale (CS)', 'PRENDE VISIONE', NULL, '2020-03-12 12:11:38'),
	(250, 94, NULL, 1, 9, 'CCIR / OdV', 'PRENDE ATTO', NULL, '2020-03-12 12:11:38'),
	(251, 94, NULL, 3, 12, 'Consiglio di Amministrazione (CDA)', 'VALUTA', NULL, '2020-03-12 12:11:38'),
	(252, 95, NULL, 2, 10, 'Collegio Sindacale (CS)', 'PRENDE VISIONE', NULL, '2020-03-12 12:11:38'),
	(253, 95, NULL, 1, 9, 'CCIR / OdV', 'PRENDE ATTO', NULL, '2020-03-12 12:11:38'),
	(254, 95, NULL, 3, 4, 'Consiglio di Amministrazione (CDA)', 'DELIBERA', NULL, '2020-03-12 12:11:38'),
	(255, 96, NULL, 2, 10, 'Collegio Sindacale (CS)', 'PRENDE VISIONE', NULL, '2020-03-12 12:11:38'),
	(256, 96, NULL, 1, 9, 'CCIR / OdV', 'PRENDE ATTO', NULL, '2020-03-12 12:11:38'),
	(257, 96, NULL, 3, 9, 'Consiglio di Amministrazione (CDA)', 'PRENDE ATTO', NULL, '2020-03-12 12:11:38'),
	(258, 97, NULL, 2, 10, 'Collegio Sindacale (CS)', 'PRENDE VISIONE', NULL, '2020-03-12 12:11:38'),
	(259, 97, NULL, 1, 9, 'CCIR / OdV', 'PRENDE ATTO', NULL, '2020-03-12 12:11:38'),
	(260, 97, NULL, 3, 4, 'Consiglio di Amministrazione (CDA)', 'DELIBERA', NULL, '2020-03-12 12:11:38'),
	(261, 98, NULL, 2, 10, 'Collegio Sindacale (CS)', 'PRENDE VISIONE', NULL, '2020-03-12 12:11:38'),
	(262, 98, NULL, 1, 9, 'CCIR / OdV', 'PRENDE ATTO', NULL, '2020-03-12 12:11:38'),
	(263, 99, NULL, 2, 10, 'Collegio Sindacale (CS)', 'PRENDE VISIONE', NULL, '2020-03-12 12:11:38'),
	(264, 99, NULL, 1, 9, 'CCIR / OdV', 'PRENDE ATTO', NULL, '2020-03-12 12:11:38'),
	(265, 100, NULL, 2, 10, 'Collegio Sindacale (CS)', 'PRENDE VISIONE', NULL, '2020-03-12 12:11:38'),
	(266, 100, NULL, 1, 9, 'CCIR / OdV', 'PRENDE ATTO', NULL, '2020-03-12 12:11:38'),
	(267, 100, NULL, 3, 9, 'Consiglio di Amministrazione (CDA)', 'PRENDE ATTO', NULL, '2020-03-12 12:11:38'),
	(268, 101, NULL, 2, 10, 'Collegio Sindacale (CS)', 'PRENDE VISIONE', NULL, '2020-03-12 12:11:38'),
	(269, 101, NULL, 1, 9, 'CCIR / OdV', 'PRENDE ATTO', NULL, '2020-03-12 12:11:38'),
	(270, 102, NULL, 2, 10, 'Collegio Sindacale (CS)', 'PRENDE VISIONE', NULL, '2020-03-12 12:11:38'),
	(271, 102, NULL, 1, 9, 'CCIR / OdV', 'PRENDE ATTO', NULL, '2020-03-12 12:11:38'),
	(272, 102, NULL, 3, 9, 'Consiglio di Amministrazione (CDA)', 'PRENDE ATTO', NULL, '2020-03-12 12:11:38'),
	(273, 103, NULL, 2, 10, 'Collegio Sindacale (CS)', 'PRENDE VISIONE', NULL, '2020-03-12 12:11:38'),
	(274, 103, NULL, 1, 9, 'CCIR / OdV', 'PRENDE ATTO', NULL, '2020-03-12 12:11:38'),
	(275, 103, NULL, 3, 9, 'Consiglio di Amministrazione (CDA)', 'PRENDE ATTO', NULL, '2020-03-12 12:11:38'),
	(276, 104, NULL, 2, 10, 'Collegio Sindacale (CS)', 'PRENDE VISIONE', NULL, '2020-03-12 12:11:38'),
	(277, 104, NULL, 1, 9, 'CCIR / OdV', 'PRENDE ATTO', NULL, '2020-03-12 12:11:38'),
	(278, 104, NULL, 3, 9, 'Consiglio di Amministrazione (CDA)', 'PRENDE ATTO', NULL, '2020-03-12 12:11:38'),
	(279, 105, NULL, 2, 10, 'Collegio Sindacale (CS)', 'PRENDE VISIONE', NULL, '2020-03-12 12:11:38'),
	(280, 105, NULL, 1, 9, 'CCIR / OdV', 'PRENDE ATTO', NULL, '2020-03-12 12:11:38'),
	(281, 106, NULL, 2, 10, 'Collegio Sindacale (CS)', 'PRENDE VISIONE', NULL, '2020-03-12 12:11:38'),
	(282, 106, NULL, 1, 9, 'CCIR / OdV', 'PRENDE ATTO', NULL, '2020-03-12 12:11:38'),
	(283, 107, NULL, 2, 10, 'Collegio Sindacale (CS)', 'PRENDE VISIONE', NULL, '2020-03-12 12:11:38'),
	(284, 107, NULL, 1, 9, 'CCIR / OdV', 'PRENDE ATTO', NULL, '2020-03-12 12:11:38'),
	(285, 107, NULL, 3, 9, 'Consiglio di Amministrazione (CDA)', 'PRENDE ATTO', NULL, '2020-03-12 12:11:38'),
	(286, 108, NULL, 2, 10, 'Collegio Sindacale (CS)', 'PRENDE VISIONE', NULL, '2020-03-12 12:11:38'),
	(287, 108, NULL, 1, 10, 'CCIR / OdV', 'PRENDE VISIONE', NULL, '2020-03-12 12:11:38'),
	(288, 109, NULL, 2, 10, 'Collegio Sindacale (CS)', 'PRENDE VISIONE', NULL, '2020-03-12 12:11:38'),
	(289, 109, NULL, 1, 12, 'CCIR / OdV', 'VALUTA', NULL, '2020-03-12 12:11:38'),
	(290, 109, NULL, 3, 9, 'Consiglio di Amministrazione (CDA)', 'PRENDE ATTO', NULL, '2020-03-12 12:11:38'),
	(291, 110, NULL, 2, 10, 'Collegio Sindacale (CS)', 'PRENDE VISIONE', NULL, '2020-03-12 12:11:38'),
	(292, 110, NULL, 1, 9, 'CCIR / OdV', 'PRENDE ATTO', NULL, '2020-03-12 12:11:38'),
	(293, 111, NULL, 2, 10, 'Collegio Sindacale (CS)', 'PRENDE VISIONE', NULL, '2020-03-12 12:11:38'),
	(294, 111, NULL, 1, 9, 'CCIR / OdV', 'PRENDE ATTO', NULL, '2020-03-12 12:11:38'),
	(295, 111, NULL, 3, 9, 'Consiglio di Amministrazione (CDA)', 'PRENDE ATTO', NULL, '2020-03-12 12:11:38'),
	(296, 112, NULL, 2, 9, 'Collegio Sindacale (CS)', 'PRENDE ATTO', NULL, '2020-03-12 12:11:38'),
	(297, 113, NULL, 2, 9, 'Collegio Sindacale (CS)', 'PRENDE ATTO', NULL, '2020-03-12 12:11:38'),
	(298, 114, NULL, 2, 9, 'Collegio Sindacale (CS)', 'PRENDE ATTO', NULL, '2020-03-12 12:11:38'),
	(299, 115, NULL, 2, 9, 'Collegio Sindacale (CS)', 'PRENDE ATTO', NULL, '2020-03-12 12:11:38'),
	(300, 116, NULL, 2, 9, 'Collegio Sindacale (CS)', 'PRENDE ATTO', NULL, '2020-03-12 12:11:38'),
	(301, 117, NULL, 2, 9, 'Collegio Sindacale (CS)', 'PRENDE ATTO', NULL, '2020-03-12 12:11:38'),
	(302, 118, NULL, 2, 9, 'Collegio Sindacale (CS)', 'PRENDE ATTO', NULL, '2020-03-12 12:11:38'),
	(303, 118, NULL, 1, 9, 'CCIR / OdV', 'PRENDE ATTO', NULL, '2020-03-12 12:11:38'),
	(304, 118, NULL, 3, 4, 'Consiglio di Amministrazione (CDA)', 'DELIBERA', NULL, '2020-03-12 12:11:38'),
	(305, 119, NULL, 4, 8, 'Comitato Nomine (CN)', 'PARERE', NULL, '2020-03-12 12:11:38'),
	(306, 119, NULL, 5, 8, 'Comitato Remunerazioni (CR)', 'PARERE', NULL, '2020-03-12 12:11:38'),
	(307, 119, NULL, 2, 8, 'Collegio Sindacale (CS)', 'PARERE', NULL, '2020-03-12 12:11:38'),
	(308, 119, NULL, 3, 4, 'Consiglio di Amministrazione (CDA)', 'DELIBERA', NULL, '2020-03-12 12:11:38'),
	(309, 120, NULL, 2, 8, 'Collegio Sindacale (CS)', 'PARERE', NULL, '2020-03-12 12:11:38'),
	(310, 120, NULL, 1, 9, 'CCIR / OdV', 'PRENDE ATTO', NULL, '2020-03-12 12:11:38'),
	(311, 120, NULL, 3, 4, 'Consiglio di Amministrazione (CDA)', 'DELIBERA', NULL, '2020-03-12 12:11:38'),
	(312, 121, NULL, 2, 8, 'Collegio Sindacale (CS)', 'PARERE', NULL, '2020-03-12 12:11:38'),
	(313, 121, NULL, 3, 4, 'Consiglio di Amministrazione (CDA)', 'DELIBERA', NULL, '2020-03-12 12:11:38'),
	(314, 122, NULL, 5, 8, 'Comitato Remunerazioni (CR)', 'PARERE', NULL, '2020-03-12 12:11:38'),
	(315, 122, NULL, 2, 8, 'Collegio Sindacale (CS)', 'PARERE', NULL, '2020-03-12 12:11:38'),
	(316, 122, NULL, 1, 11, 'CCIR / OdV', 'PROPONE', NULL, '2020-03-12 12:11:38'),
	(317, 122, NULL, 3, 4, 'Consiglio di Amministrazione (CDA)', 'DELIBERA', NULL, '2020-03-12 12:11:38'),
	(318, 123, NULL, 2, 8, 'Collegio Sindacale (CS)', 'PARERE', NULL, '2020-03-12 12:11:38'),
	(319, 123, NULL, 1, 11, 'CCIR / OdV', 'PROPONE', NULL, '2020-03-12 12:11:38'),
	(320, 123, NULL, 3, 4, 'Consiglio di Amministrazione (CDA)', 'DELIBERA', NULL, '2020-03-12 12:11:38'),
	(321, 124, NULL, 2, 8, 'Collegio Sindacale (CS)', 'PARERE', NULL, '2020-03-12 12:11:38'),
	(322, 124, NULL, 3, 4, 'Consiglio di Amministrazione (CDA)', 'DELIBERA', NULL, '2020-03-12 12:11:38'),
	(323, 125, NULL, 2, 8, 'Collegio Sindacale (CS)', 'PARERE', NULL, '2020-03-12 12:11:38'),
	(324, 125, NULL, 3, 4, 'Consiglio di Amministrazione (CDA)', 'DELIBERA', NULL, '2020-03-12 12:11:38'),
	(325, 126, NULL, 2, 8, 'Collegio Sindacale (CS)', 'PARERE', NULL, '2020-03-12 12:11:38'),
	(326, 126, NULL, 3, 4, 'Consiglio di Amministrazione (CDA)', 'DELIBERA', NULL, '2020-03-12 12:11:38'),
	(327, 127, NULL, 2, 8, 'Collegio Sindacale (CS)', 'PARERE', NULL, '2020-03-12 12:11:38'),
	(328, 127, NULL, 1, 8, 'CCIR / OdV', 'PARERE', NULL, '2020-03-12 12:11:38'),
	(329, 127, NULL, 3, 4, 'Consiglio di Amministrazione (CDA)', 'DELIBERA', NULL, '2020-03-12 12:11:38'),
	(330, 128, NULL, 4, 11, 'Comitato Nomine (CN)', 'PROPONE', NULL, '2020-03-12 12:11:38'),
	(331, 128, NULL, 2, 8, 'Collegio Sindacale (CS)', 'PARERE', NULL, '2020-03-12 12:11:38'),
	(332, 128, NULL, 1, 8, 'CCIR / OdV', 'PARERE', NULL, '2020-03-12 12:11:38'),
	(333, 128, NULL, 3, 4, 'Consiglio di Amministrazione (CDA)', 'DELIBERA', NULL, '2020-03-12 12:11:38'),
	(334, 129, NULL, 2, 8, 'Collegio Sindacale (CS)', 'PARERE', NULL, '2020-03-12 12:11:38'),
	(335, 129, NULL, 3, 4, 'Consiglio di Amministrazione (CDA)', 'DELIBERA', NULL, '2020-03-12 12:11:38'),
	(336, 130, NULL, 2, 8, 'Collegio Sindacale (CS)', 'PARERE', NULL, '2020-03-12 12:11:38'),
	(337, 130, NULL, 3, 4, 'Consiglio di Amministrazione (CDA)', 'DELIBERA', NULL, '2020-03-12 12:11:38'),
	(338, 131, NULL, 2, 8, 'Collegio Sindacale (CS)', 'PARERE', NULL, '2020-03-12 12:11:38'),
	(339, 131, NULL, 1, 9, 'CCIR / OdV', 'PRENDE ATTO', NULL, '2020-03-12 12:11:38'),
	(340, 131, NULL, 3, 4, 'Consiglio di Amministrazione (CDA)', 'DELIBERA', NULL, '2020-03-12 12:11:38'),
	(341, 132, NULL, 2, 8, 'Collegio Sindacale (CS)', 'PARERE', NULL, '2020-03-12 12:11:38'),
	(342, 132, NULL, 1, 8, 'CCIR / OdV', 'PARERE', NULL, '2020-03-12 12:11:38'),
	(343, 132, NULL, 3, 4, 'Consiglio di Amministrazione (CDA)', 'DELIBERA', NULL, '2020-03-12 12:11:38'),
	(344, 133, NULL, 2, 8, 'Collegio Sindacale (CS)', 'PARERE', NULL, '2020-03-12 12:11:38'),
	(345, 133, NULL, 3, 4, 'Consiglio di Amministrazione (CDA)', 'DELIBERA', NULL, '2020-03-12 12:11:38'),
	(346, 134, NULL, 2, 8, 'Collegio Sindacale (CS)', 'PARERE', NULL, '2020-03-12 12:11:38'),
	(347, 134, NULL, 1, 9, 'CCIR / OdV', 'PRENDE ATTO', NULL, '2020-03-12 12:11:38'),
	(348, 134, NULL, 3, 9, 'Consiglio di Amministrazione (CDA)', 'PRENDE ATTO', NULL, '2020-03-12 12:11:38'),
	(349, 135, NULL, 2, 8, 'Collegio Sindacale (CS)', 'PARERE', NULL, '2020-03-12 12:11:38'),
	(350, 135, NULL, 1, 9, 'CCIR / OdV', 'PRENDE ATTO', NULL, '2020-03-12 12:11:38'),
	(351, 135, NULL, 3, 4, 'Consiglio di Amministrazione (CDA)', 'DELIBERA', NULL, '2020-03-12 12:11:38'),
	(352, 136, NULL, 2, 8, 'Collegio Sindacale (CS)', 'PARERE', NULL, '2020-03-12 12:11:38'),
	(353, 136, NULL, 1, 9, 'CCIR / OdV', 'PRENDE ATTO', NULL, '2020-03-12 12:11:38'),
	(354, 136, NULL, 3, 4, 'Consiglio di Amministrazione (CDA)', 'DELIBERA', NULL, '2020-03-12 12:11:38'),
	(355, 137, NULL, 2, 8, 'Collegio Sindacale (CS)', 'PARERE', NULL, '2020-03-12 12:11:38'),
	(356, 137, NULL, 3, 4, 'Consiglio di Amministrazione (CDA)', 'DELIBERA', NULL, '2020-03-12 12:11:38'),
	(357, 138, NULL, 2, 8, 'Collegio Sindacale (CS)', 'PARERE', NULL, '2020-03-12 12:11:38'),
	(358, 138, NULL, 1, 8, 'CCIR / OdV', 'PARERE', NULL, '2020-03-12 12:11:38'),
	(359, 138, NULL, 3, 4, 'Consiglio di Amministrazione (CDA)', 'DELIBERA', NULL, '2020-03-12 12:11:38'),
	(360, 139, NULL, 2, 8, 'Collegio Sindacale (CS)', 'PARERE', NULL, '2020-03-12 12:11:38'),
	(361, 139, NULL, 1, 8, 'CCIR / OdV', 'PARERE', NULL, '2020-03-12 12:11:38'),
	(362, 139, NULL, 3, 4, 'Consiglio di Amministrazione (CDA)', 'DELIBERA', NULL, '2020-03-12 12:11:38'),
	(363, 140, NULL, 2, 8, 'Collegio Sindacale (CS)', 'PARERE', NULL, '2020-03-12 12:11:38'),
	(364, 140, NULL, 1, 8, 'CCIR / OdV', 'PARERE', NULL, '2020-03-12 12:11:38'),
	(365, 140, NULL, 3, 4, 'Consiglio di Amministrazione (CDA)', 'DELIBERA', NULL, '2020-03-12 12:11:38'),
	(366, 141, NULL, 2, 8, 'Collegio Sindacale (CS)', 'PARERE', NULL, '2020-03-12 12:11:38'),
	(367, 141, NULL, 1, 8, 'CCIR / OdV', 'PARERE', NULL, '2020-03-12 12:11:38'),
	(368, 141, NULL, 3, 4, 'Consiglio di Amministrazione (CDA)', 'DELIBERA', NULL, '2020-03-12 12:11:38'),
	(369, 142, NULL, 2, 8, 'Collegio Sindacale (CS)', 'PARERE', NULL, '2020-03-12 12:11:38'),
	(370, 142, NULL, 1, 9, 'CCIR / OdV', 'PRENDE ATTO', NULL, '2020-03-12 12:11:38'),
	(371, 142, NULL, 3, 9, 'Consiglio di Amministrazione (CDA)', 'PRENDE ATTO', NULL, '2020-03-12 12:11:38'),
	(372, 143, NULL, 2, 8, 'Collegio Sindacale (CS)', 'PARERE', NULL, '2020-03-12 12:11:38'),
	(373, 143, NULL, 3, 4, 'Consiglio di Amministrazione (CDA)', 'DELIBERA', NULL, '2020-03-12 12:11:38'),
	(374, 144, NULL, 5, 8, 'Comitato Remunerazioni (CR)', 'PARERE', NULL, '2020-03-12 12:11:38'),
	(375, 144, NULL, 2, 8, 'Collegio Sindacale (CS)', 'PARERE', NULL, '2020-03-12 12:11:38'),
	(376, 144, NULL, 3, 4, 'Consiglio di Amministrazione (CDA)', 'DELIBERA', NULL, '2020-03-12 12:11:38'),
	(377, 145, NULL, 4, 11, 'Comitato Nomine (CN)', 'PROPONE', NULL, '2020-03-12 12:11:38'),
	(378, 145, NULL, 2, 8, 'Collegio Sindacale (CS)', 'PARERE', NULL, '2020-03-12 12:11:38'),
	(379, 145, NULL, 1, 8, 'CCIR / OdV', 'PARERE', NULL, '2020-03-12 12:11:39'),
	(380, 145, NULL, 3, 4, 'Consiglio di Amministrazione (CDA)', 'DELIBERA', NULL, '2020-03-12 12:11:39'),
	(381, 146, NULL, 2, 8, 'Collegio Sindacale (CS)', 'PARERE', NULL, '2020-03-12 12:11:39'),
	(382, 146, NULL, 1, 9, 'CCIR / OdV', 'PRENDE ATTO', NULL, '2020-03-12 12:11:39'),
	(383, 146, NULL, 3, 4, 'Consiglio di Amministrazione (CDA)', 'DELIBERA', NULL, '2020-03-12 12:11:39'),
	(384, 147, NULL, 2, 8, 'Collegio Sindacale (CS)', 'PARERE', NULL, '2020-03-12 12:11:39'),
	(385, 147, NULL, 3, 4, 'Consiglio di Amministrazione (CDA)', 'DELIBERA', NULL, '2020-03-12 12:11:39'),
	(386, 148, NULL, 2, 8, 'Collegio Sindacale (CS)', 'PARERE', NULL, '2020-03-12 12:11:39'),
	(387, 148, NULL, 1, 8, 'CCIR / OdV', 'PARERE', NULL, '2020-03-12 12:11:39'),
	(388, 148, NULL, 3, 4, 'Consiglio di Amministrazione (CDA)', 'DELIBERA', NULL, '2020-03-12 12:11:39'),
	(389, 149, NULL, 2, 8, 'Collegio Sindacale (CS)', 'PARERE', NULL, '2020-03-12 12:11:39'),
	(390, 149, NULL, 1, 9, 'CCIR / OdV', 'PRENDE ATTO', NULL, '2020-03-12 12:11:39'),
	(391, 149, NULL, 3, 4, 'Consiglio di Amministrazione (CDA)', 'DELIBERA', NULL, '2020-03-12 12:11:39'),
	(392, 150, NULL, 2, 8, 'Collegio Sindacale (CS)', 'PARERE', NULL, '2020-03-12 12:11:39'),
	(393, 150, NULL, 1, 9, 'CCIR / OdV', 'PRENDE ATTO', NULL, '2020-03-12 12:11:39'),
	(394, 150, NULL, 3, 9, 'Consiglio di Amministrazione (CDA)', 'PRENDE ATTO', NULL, '2020-03-12 12:11:39'),
	(395, 151, NULL, 2, 8, 'Collegio Sindacale (CS)', 'PARERE', NULL, '2020-03-12 12:11:39'),
	(396, 151, NULL, 1, 9, 'CCIR / OdV', 'PRENDE ATTO', NULL, '2020-03-12 12:11:39'),
	(397, 151, NULL, 3, 4, 'Consiglio di Amministrazione (CDA)', 'DELIBERA', NULL, '2020-03-12 12:11:39'),
	(398, 152, NULL, 2, 7, 'Collegio Sindacale (CS)', 'INVIA ', NULL, '2020-03-12 12:11:39'),
	(399, 152, NULL, 1, 7, 'CCIR / OdV', 'INVIA ', NULL, '2020-03-12 12:11:39'),
	(400, 152, NULL, 3, 9, 'Consiglio di Amministrazione (CDA)', 'PRENDE ATTO', NULL, '2020-03-12 12:11:39'),
	(401, 153, NULL, 2, 7, 'Collegio Sindacale (CS)', 'INVIA ', NULL, '2020-03-12 12:11:39'),
	(402, 153, NULL, 1, 7, 'CCIR / OdV', 'INVIA ', NULL, '2020-03-12 12:11:39'),
	(403, 153, NULL, 3, 9, 'Consiglio di Amministrazione (CDA)', 'PRENDE ATTO', NULL, '2020-03-12 12:11:39'),
	(404, 154, NULL, 2, 7, 'Collegio Sindacale (CS)', 'INVIA ', NULL, '2020-03-12 12:11:39'),
	(405, 154, NULL, 1, 7, 'CCIR / OdV', 'INVIA ', NULL, '2020-03-12 12:11:39'),
	(406, 154, NULL, 3, 9, 'Consiglio di Amministrazione (CDA)', 'PRENDE ATTO', NULL, '2020-03-12 12:11:39'),
	(407, 155, NULL, 2, 7, 'Collegio Sindacale (CS)', 'INVIA ', NULL, '2020-03-12 12:11:39'),
	(408, 155, NULL, 1, 7, 'CCIR / OdV', 'INVIA ', NULL, '2020-03-12 12:11:39'),
	(409, 155, NULL, 3, 9, 'Consiglio di Amministrazione (CDA)', 'PRENDE ATTO', NULL, '2020-03-12 12:11:39'),
	(410, 156, NULL, 2, 7, 'Collegio Sindacale (CS)', 'INVIA ', NULL, '2020-03-12 12:11:39'),
	(411, 156, NULL, 1, 7, 'CCIR / OdV', 'INVIA ', NULL, '2020-03-12 12:11:39'),
	(412, 156, NULL, 3, 9, 'Consiglio di Amministrazione (CDA)', 'PRENDE ATTO', NULL, '2020-03-12 12:11:39'),
	(413, 157, NULL, 2, 5, 'Collegio Sindacale (CS)', 'ESAMINA', NULL, '2020-03-12 12:11:39'),
	(414, 157, NULL, 1, 5, 'CCIR / OdV', 'ESAMINA', NULL, '2020-03-12 12:11:39'),
	(415, 158, NULL, 2, 1, 'Collegio Sindacale (CS)', 'APPROVA', NULL, '2020-03-12 12:11:39'),
	(416, 158, NULL, 3, 9, 'Consiglio di Amministrazione (CDA)', 'PRENDE ATTO', NULL, '2020-03-12 12:11:39'),
	(417, 159, NULL, 2, 1, 'Collegio Sindacale (CS)', 'APPROVA', NULL, '2020-03-12 12:11:39'),
	(418, 160, NULL, 2, 1, 'Collegio Sindacale (CS)', 'APPROVA', NULL, '2020-03-12 12:11:39'),
	(419, 160, NULL, 3, 9, 'Consiglio di Amministrazione (CDA)', 'PRENDE ATTO', NULL, '2020-03-12 12:11:39'),
	(420, 161, NULL, 2, 1, 'Collegio Sindacale (CS)', 'APPROVA', NULL, '2020-03-12 12:11:39'),
	(421, 161, NULL, 3, 9, 'Consiglio di Amministrazione (CDA)', 'PRENDE ATTO', NULL, '2020-03-12 12:11:39'),
	(422, 162, NULL, 2, 12, 'Collegio Sindacale (CS)', 'VALUTA', NULL, '2020-03-12 12:11:39'),
	(423, 162, NULL, 1, 12, 'CCIR / OdV', 'VALUTA', NULL, '2020-03-12 12:11:39'),
	(424, 163, NULL, 2, 8, 'Collegio Sindacale (CS)', 'PARERE', NULL, '2020-03-12 12:11:39'),
	(425, 163, NULL, 1, 8, 'CCIR / OdV', 'PARERE', NULL, '2020-03-12 12:11:39'),
	(426, 163, NULL, 3, 4, 'Consiglio di Amministrazione (CDA)', 'DELIBERA', NULL, '2020-03-12 12:11:39'),
	(427, 164, NULL, 4, 8, 'Comitato Nomine (CN)', 'PARERE', NULL, '2020-03-12 12:11:39'),
	(428, 164, NULL, 2, 13, 'Collegio Sindacale (CS)', 'VERIFICA', NULL, '2020-03-12 12:11:39'),
	(429, 164, NULL, 3, 4, 'Consiglio di Amministrazione (CDA)', 'DELIBERA', NULL, '2020-03-12 12:11:39'),
	(430, 165, NULL, 2, 13, 'Collegio Sindacale (CS)', 'VERIFICA', NULL, '2020-03-12 12:11:39'),
	(431, 165, NULL, 1, 9, 'CCIR / OdV', 'PRENDE ATTO', NULL, '2020-03-12 12:11:39'),
	(432, 165, NULL, 3, 9, 'Consiglio di Amministrazione (CDA)', 'PRENDE ATTO', NULL, '2020-03-12 12:11:39'),
	(433, 167, NULL, 1, 9, 'CCIR / OdV', 'PRENDE ATTO', NULL, '2020-03-12 12:11:39'),
	(434, 168, NULL, 1, 9, 'CCIR / OdV', 'PRENDE ATTO', NULL, '2020-03-12 12:11:39'),
	(435, 169, NULL, 1, 9, 'CCIR / OdV', 'PRENDE ATTO', NULL, '2020-03-12 12:11:39'),
	(436, 170, NULL, 1, 9, 'CCIR / OdV', 'PRENDE ATTO', NULL, '2020-03-12 12:11:39'),
	(437, 171, NULL, 1, 9, 'CCIR / OdV', 'PRENDE ATTO', NULL, '2020-03-12 12:11:39'),
	(438, 172, NULL, 5, 8, 'Comitato Remunerazioni (CR)', 'PARERE', NULL, '2020-03-12 12:11:39'),
	(439, 172, NULL, 3, 4, 'Consiglio di Amministrazione (CDA)', 'DELIBERA', NULL, '2020-03-12 12:11:39'),
	(440, 173, NULL, 5, 8, 'Comitato Remunerazioni (CR)', 'PARERE', NULL, '2020-03-12 12:11:39'),
	(441, 173, NULL, 3, 4, 'Consiglio di Amministrazione (CDA)', 'DELIBERA', NULL, '2020-03-12 12:11:39'),
	(442, 174, NULL, 5, 8, 'Comitato Remunerazioni (CR)', 'PARERE', NULL, '2020-03-12 12:11:39'),
	(443, 174, NULL, 3, 4, 'Consiglio di Amministrazione (CDA)', 'DELIBERA', NULL, '2020-03-12 12:11:39'),
	(444, 175, NULL, 5, 8, 'Comitato Remunerazioni (CR)', 'PARERE', NULL, '2020-03-12 12:11:39'),
	(445, 175, NULL, 3, 4, 'Consiglio di Amministrazione (CDA)', 'DELIBERA', NULL, '2020-03-12 12:11:39'),
	(446, 176, NULL, 3, 4, 'Consiglio di Amministrazione (CDA)', 'DELIBERA', NULL, '2020-03-12 12:11:39'),
	(447, 177, NULL, 3, 4, 'Consiglio di Amministrazione (CDA)', 'DELIBERA', NULL, '2020-03-12 12:11:39'),
	(448, 178, NULL, 3, 4, 'Consiglio di Amministrazione (CDA)', 'DELIBERA', NULL, '2020-03-12 12:11:39'),
	(449, 179, NULL, 5, 1, 'Comitato Remunerazioni (CR)', 'APPROVA', NULL, '2020-03-12 12:11:39'),
	(450, 179, NULL, 3, 9, 'Consiglio di Amministrazione (CDA)', 'PRENDE ATTO', NULL, '2020-03-12 12:11:39'),
	(451, 180, NULL, 1, 9, 'CCIR / OdV', 'PRENDE ATTO', NULL, '2020-03-12 12:11:39'),
	(452, 181, NULL, 1, 9, 'CCIR / OdV', 'PRENDE ATTO', NULL, '2020-03-12 12:11:39'),
	(453, 181, NULL, 3, 4, 'Consiglio di Amministrazione (CDA)', 'DELIBERA', NULL, '2020-03-12 12:11:39'),
	(454, 182, NULL, 1, 9, 'CCIR / OdV', 'PRENDE ATTO', NULL, '2020-03-12 12:11:39'),
	(455, 182, NULL, 3, 4, 'Consiglio di Amministrazione (CDA)', 'DELIBERA', NULL, '2020-03-12 12:11:39'),
	(456, 183, NULL, 1, 9, 'CCIR / OdV', 'PRENDE ATTO', NULL, '2020-03-12 12:11:39'),
	(457, 183, NULL, 3, 4, 'Consiglio di Amministrazione (CDA)', 'DELIBERA', NULL, '2020-03-12 12:11:39'),
	(458, 184, NULL, 1, 9, 'CCIR / OdV', 'PRENDE ATTO', NULL, '2020-03-12 12:11:39'),
	(459, 184, NULL, 3, 4, 'Consiglio di Amministrazione (CDA)', 'DELIBERA', NULL, '2020-03-12 12:11:39'),
	(460, 185, NULL, 1, 9, 'CCIR / OdV', 'PRENDE ATTO', NULL, '2020-03-12 12:11:39'),
	(461, 186, NULL, 1, 9, 'CCIR / OdV', 'PRENDE ATTO', NULL, '2020-03-12 12:11:39'),
	(462, 187, NULL, 1, 9, 'CCIR / OdV', 'PRENDE ATTO', NULL, '2020-03-12 12:11:39'),
	(463, 188, NULL, 1, 9, 'CCIR / OdV', 'PRENDE ATTO', NULL, '2020-03-12 12:11:39'),
	(464, 188, NULL, 3, 9, 'Consiglio di Amministrazione (CDA)', 'PRENDE ATTO', NULL, '2020-03-12 12:11:39'),
	(465, 189, NULL, 1, 9, 'CCIR / OdV', 'PRENDE ATTO', NULL, '2020-03-12 12:11:39'),
	(466, 190, NULL, 1, 9, 'CCIR / OdV', 'PRENDE ATTO', NULL, '2020-03-12 12:11:39'),
	(467, 191, NULL, 1, 9, 'CCIR / OdV', 'PRENDE ATTO', NULL, '2020-03-12 12:11:39'),
	(468, 192, NULL, 3, 9, 'Consiglio di Amministrazione (CDA)', 'PRENDE ATTO', NULL, '2020-03-12 12:11:39'),
	(469, 193, NULL, 3, 9, 'Consiglio di Amministrazione (CDA)', 'PRENDE ATTO', NULL, '2020-03-12 12:11:39'),
	(470, 194, NULL, 3, 9, 'Consiglio di Amministrazione (CDA)', 'PRENDE ATTO', NULL, '2020-03-12 12:11:39'),
	(471, 195, NULL, 1, 9, 'CCIR / OdV', 'PRENDE ATTO', NULL, '2020-03-12 12:11:39'),
	(472, 195, NULL, 3, 4, 'Consiglio di Amministrazione (CDA)', 'DELIBERA', NULL, '2020-03-12 12:11:39'),
	(473, 196, NULL, 1, 9, 'CCIR / OdV', 'PRENDE ATTO', NULL, '2020-03-12 12:11:39'),
	(474, 197, NULL, 1, 9, 'CCIR / OdV', 'PRENDE ATTO', NULL, '2020-03-12 12:11:39'),
	(475, 198, NULL, 1, 9, 'CCIR / OdV', 'PRENDE ATTO', NULL, '2020-03-12 12:11:39'),
	(476, 199, NULL, 1, 9, 'CCIR / OdV', 'PRENDE ATTO', NULL, '2020-03-12 12:11:39'),
	(477, 200, NULL, 1, 9, 'CCIR / OdV', 'PRENDE ATTO', NULL, '2020-03-12 12:11:39'),
	(478, 201, NULL, 1, 9, 'CCIR / OdV', 'PRENDE ATTO', NULL, '2020-03-12 12:11:39'),
	(479, 202, NULL, 1, 9, 'CCIR / OdV', 'PRENDE ATTO', NULL, '2020-03-12 12:11:39'),
	(480, 203, NULL, 1, 9, 'CCIR / OdV', 'PRENDE ATTO', NULL, '2020-03-12 12:11:39'),
	(481, 203, NULL, 3, 9, 'Consiglio di Amministrazione (CDA)', 'PRENDE ATTO', NULL, '2020-03-12 12:11:39'),
	(482, 204, NULL, 1, 9, 'CCIR / OdV', 'PRENDE ATTO', NULL, '2020-03-12 12:11:39'),
	(483, 205, NULL, 1, 9, 'CCIR / OdV', 'PRENDE ATTO', NULL, '2020-03-12 12:11:39'),
	(484, 206, NULL, 1, 9, 'CCIR / OdV', 'PRENDE ATTO', NULL, '2020-03-12 12:11:39'),
	(485, 207, NULL, 1, 9, 'CCIR / OdV', 'PRENDE ATTO', NULL, '2020-03-12 12:11:39'),
	(486, 208, NULL, 1, 9, 'CCIR / OdV', 'PRENDE ATTO', NULL, '2020-03-12 12:11:39'),
	(487, 209, NULL, 1, 9, 'CCIR / OdV', 'PRENDE ATTO', NULL, '2020-03-12 12:11:39'),
	(488, 210, NULL, 1, 9, 'CCIR / OdV', 'PRENDE ATTO', NULL, '2020-03-12 12:11:39'),
	(489, 211, NULL, 1, 9, 'CCIR / OdV', 'PRENDE ATTO', NULL, '2020-03-12 12:11:39'),
	(490, 213, NULL, 1, 9, 'CCIR / OdV', 'PRENDE ATTO', NULL, '2020-03-12 12:11:39'),
	(491, 214, NULL, 1, 9, 'CCIR / OdV', 'PRENDE ATTO', NULL, '2020-03-12 12:11:39'),
	(492, 215, NULL, 1, 9, 'CCIR / OdV', 'PRENDE ATTO', NULL, '2020-03-12 12:11:39'),
	(493, 216, NULL, 3, 9, 'Consiglio di Amministrazione (CDA)', 'PRENDE ATTO', NULL, '2020-03-12 12:11:39'),
	(494, 217, NULL, 3, 9, 'Consiglio di Amministrazione (CDA)', 'PRENDE ATTO', NULL, '2020-03-12 12:11:39'),
	(495, 218, NULL, 3, 9, 'Consiglio di Amministrazione (CDA)', 'PRENDE ATTO', NULL, '2020-03-12 12:11:39'),
	(496, 219, NULL, 3, 9, 'Consiglio di Amministrazione (CDA)', 'PRENDE ATTO', NULL, '2020-03-12 12:11:39'),
	(497, 220, NULL, 1, 9, 'CCIR / OdV', 'PRENDE ATTO', NULL, '2020-03-12 12:11:39'),
	(498, 220, NULL, 3, 9, 'Consiglio di Amministrazione (CDA)', 'PRENDE ATTO', NULL, '2020-03-12 12:11:39'),
	(499, 221, NULL, 3, 9, 'Consiglio di Amministrazione (CDA)', 'PRENDE ATTO', NULL, '2020-03-12 12:11:39'),
	(500, 222, NULL, 1, 9, 'CCIR / OdV', 'PRENDE ATTO', NULL, '2020-03-12 12:11:39'),
	(501, 222, NULL, 3, 9, 'Consiglio di Amministrazione (CDA)', 'PRENDE ATTO', NULL, '2020-03-12 12:11:39'),
	(502, 223, NULL, 1, 8, 'CCIR / OdV', 'PARERE', NULL, '2020-03-12 12:11:39'),
	(503, 223, NULL, 3, 4, 'Consiglio di Amministrazione (CDA)', 'DELIBERA', NULL, '2020-03-12 12:11:39'),
	(504, 224, NULL, 5, 8, 'Comitato Remunerazioni (CR)', 'PARERE', NULL, '2020-03-12 12:11:39'),
	(505, 224, NULL, 3, 4, 'Consiglio di Amministrazione (CDA)', 'DELIBERA', NULL, '2020-03-12 12:11:39'),
	(506, 225, NULL, 1, 9, 'CCIR / OdV', 'PRENDE ATTO', NULL, '2020-03-12 12:11:39'),
	(507, 226, NULL, 1, 9, 'CCIR / OdV', 'PRENDE ATTO', NULL, '2020-03-12 12:11:39'),
	(508, 227, NULL, 1, 9, 'CCIR / OdV', 'PRENDE ATTO', NULL, '2020-03-12 12:11:39'),
	(509, 228, NULL, 1, 9, 'CCIR / OdV', 'PRENDE ATTO', NULL, '2020-03-12 12:11:39'),
	(510, 229, NULL, 1, 9, 'CCIR / OdV', 'PRENDE ATTO', NULL, '2020-03-12 12:11:39'),
	(511, 230, NULL, 1, 9, 'CCIR / OdV', 'PRENDE ATTO', NULL, '2020-03-12 12:11:39'),
	(512, 231, NULL, 1, 9, 'CCIR / OdV', 'PRENDE ATTO', NULL, '2020-03-12 12:11:39'),
	(513, 232, NULL, 1, 9, 'CCIR / OdV', 'PRENDE ATTO', NULL, '2020-03-12 12:11:39'),
	(514, 233, NULL, 1, 9, 'CCIR / OdV', 'PRENDE ATTO', NULL, '2020-03-12 12:11:39'),
	(515, 234, NULL, 1, 9, 'CCIR / OdV', 'PRENDE ATTO', NULL, '2020-03-12 12:11:39'),
	(516, 235, NULL, 1, 9, 'CCIR / OdV', 'PRENDE ATTO', NULL, '2020-03-12 12:11:39'),
	(517, 236, NULL, 1, 9, 'CCIR / OdV', 'PRENDE ATTO', NULL, '2020-03-12 12:11:39'),
	(518, 237, NULL, 1, 9, 'CCIR / OdV', 'PRENDE ATTO', NULL, '2020-03-12 12:11:39'),
	(519, 238, NULL, 1, 9, 'CCIR / OdV', 'PRENDE ATTO', NULL, '2020-03-12 12:11:39'),
	(520, 239, NULL, 3, 9, 'Consiglio di Amministrazione (CDA)', 'PRENDE ATTO', NULL, '2020-03-12 12:11:39'),
	(521, 240, NULL, 1, 3, 'CCIR / OdV', 'BENESTARE  ', NULL, '2020-03-12 12:11:39'),
	(522, 241, NULL, 1, 8, 'CCIR / OdV', 'PARERE', NULL, '2020-03-12 12:11:39'),
	(523, 241, NULL, 3, 4, 'Consiglio di Amministrazione (CDA)', 'DELIBERA', NULL, '2020-03-12 12:11:39'),
	(524, 242, NULL, 1, 8, 'CCIR / OdV', 'PARERE', NULL, '2020-03-12 12:11:39'),
	(525, 242, NULL, 3, 4, 'Consiglio di Amministrazione (CDA)', 'DELIBERA', NULL, '2020-03-12 12:11:39'),
	(526, 243, NULL, 1, 9, 'CCIR / OdV', 'PRENDE ATTO', NULL, '2020-03-12 12:11:39'),
	(527, 244, NULL, 1, 9, 'CCIR / OdV', 'PRENDE ATTO', NULL, '2020-03-12 12:11:39'),
	(528, 245, NULL, 1, 9, 'CCIR / OdV', 'PRENDE ATTO', NULL, '2020-03-12 12:11:39');
/*!40000 ALTER TABLE `assoc_doc_info_organi` ENABLE KEYS */;

-- Dump della struttura di tabella odc2.assoc_doc_info_presentazione
CREATE TABLE IF NOT EXISTS `assoc_doc_info_presentazione` (
  `id_presentazione` int(11) unsigned NOT NULL AUTO_INCREMENT,
  `id_doc_info` int(11) unsigned NOT NULL DEFAULT '0',
  `id_riunione` int(11) unsigned DEFAULT NULL,
  `numero_mese` int(11) unsigned NOT NULL DEFAULT '0',
  `descrizione` varchar(50) DEFAULT NULL,
  `uid_modifica` varchar(50) DEFAULT NULL,
  `data_modifica` datetime DEFAULT CURRENT_TIMESTAMP,
  PRIMARY KEY (`id_presentazione`)
) ENGINE=InnoDB DEFAULT CHARSET=utf8 ROW_FORMAT=DYNAMIC;

-- Dump dei dati della tabella odc2.assoc_doc_info_presentazione: ~263 rows (circa)
DELETE FROM `assoc_doc_info_presentazione`;
/*!40000 ALTER TABLE `assoc_doc_info_presentazione` DISABLE KEYS */;
INSERT INTO `assoc_doc_info_presentazione` (`id_presentazione`, `id_doc_info`, `id_riunione`, `numero_mese`, `descrizione`, `uid_modifica`, `data_modifica`) VALUES
	(1, 1, NULL, 12, 'Dicembre', NULL, '2020-03-12 12:11:39'),
	(2, 2, NULL, 3, 'Marzo', NULL, '2020-03-12 12:11:39'),
	(3, 3, NULL, 3, 'Marzo', NULL, '2020-03-12 12:11:39'),
	(4, 6, NULL, 3, 'Marzo', NULL, '2020-03-12 12:11:39'),
	(5, 8, NULL, 2, 'Febbraio', NULL, '2020-03-12 12:11:39'),
	(6, 9, NULL, 12, 'Dicembre', NULL, '2020-03-12 12:11:40'),
	(7, 10, NULL, 3, 'Marzo', NULL, '2020-03-12 12:11:40'),
	(8, 11, NULL, 3, 'Marzo', NULL, '2020-03-12 12:11:40'),
	(9, 12, NULL, 4, 'Aprile', NULL, '2020-03-12 12:11:40'),
	(10, 13, NULL, 4, 'Aprile', NULL, '2020-03-12 12:11:40'),
	(11, 14, NULL, 3, 'Marzo', NULL, '2020-03-12 12:11:40'),
	(12, 15, NULL, 12, 'Dicembre', NULL, '2020-03-12 12:11:40'),
	(13, 16, NULL, 3, 'Marzo', NULL, '2020-03-12 12:11:40'),
	(14, 18, NULL, 12, 'Dicembre', NULL, '2020-03-12 12:11:40'),
	(15, 19, NULL, 3, 'Marzo', NULL, '2020-03-12 12:11:40'),
	(16, 20, NULL, 1, 'Gennaio', NULL, '2020-03-12 12:11:40'),
	(17, 21, NULL, 3, 'Marzo', NULL, '2020-03-12 12:11:40'),
	(18, 22, NULL, 5, 'Maggio', NULL, '2020-03-12 12:11:40'),
	(19, 22, NULL, 11, 'Novembre', NULL, '2020-03-12 12:11:40'),
	(20, 23, NULL, 9, 'Settembre', NULL, '2020-03-12 12:11:40'),
	(21, 23, NULL, 2, 'Febbraio', NULL, '2020-03-12 12:11:40'),
	(22, 26, NULL, 3, 'Marzo', NULL, '2020-03-12 12:11:40'),
	(23, 26, NULL, 10, 'Ottobre', NULL, '2020-03-12 12:11:40'),
	(24, 27, NULL, 3, 'Marzo', NULL, '2020-03-12 12:11:40'),
	(25, 28, NULL, 1, 'Gennaio', NULL, '2020-03-12 12:11:40'),
	(26, 28, NULL, 4, 'Aprile', NULL, '2020-03-12 12:11:40'),
	(27, 28, NULL, 7, 'Luglio', NULL, '2020-03-12 12:11:40'),
	(28, 28, NULL, 10, 'Ottobre', NULL, '2020-03-12 12:11:40'),
	(29, 29, NULL, 11, 'Novembre', NULL, '2020-03-12 12:11:40'),
	(30, 30, NULL, 1, 'Gennaio', NULL, '2020-03-12 12:11:40'),
	(31, 30, NULL, 4, 'Aprile', NULL, '2020-03-12 12:11:40'),
	(32, 30, NULL, 7, 'Luglio', NULL, '2020-03-12 12:11:40'),
	(33, 30, NULL, 10, 'Ottobre', NULL, '2020-03-12 12:11:40'),
	(34, 31, NULL, 12, 'Dicembre', NULL, '2020-03-12 12:11:40'),
	(35, 32, NULL, 6, 'Giugno', NULL, '2020-03-12 12:11:40'),
	(36, 34, NULL, 7, 'Luglio', NULL, '2020-03-12 12:11:40'),
	(37, 34, NULL, 9, 'Settembre', NULL, '2020-03-12 12:11:40'),
	(38, 34, NULL, 10, 'Ottobre', NULL, '2020-03-12 12:11:40'),
	(39, 34, NULL, 11, 'Novembre', NULL, '2020-03-12 12:11:40'),
	(40, 34, NULL, 12, 'Dicembre', NULL, '2020-03-12 12:11:40'),
	(41, 35, NULL, 7, 'Luglio', NULL, '2020-03-12 12:11:40'),
	(42, 35, NULL, 9, 'Settembre', NULL, '2020-03-12 12:11:40'),
	(43, 35, NULL, 10, 'Ottobre', NULL, '2020-03-12 12:11:40'),
	(44, 35, NULL, 11, 'Novembre', NULL, '2020-03-12 12:11:40'),
	(45, 35, NULL, 12, 'Dicembre', NULL, '2020-03-12 12:11:40'),
	(46, 36, NULL, 6, 'Giugno', NULL, '2020-03-12 12:11:40'),
	(47, 37, NULL, 2, 'Febbraio', NULL, '2020-03-12 12:11:40'),
	(48, 39, NULL, 6, 'Giugno', NULL, '2020-03-12 12:11:40'),
	(49, 44, NULL, 12, 'Dicembre', NULL, '2020-03-12 12:11:40'),
	(50, 45, NULL, 1, 'Gennaio', NULL, '2020-03-12 12:11:40'),
	(51, 45, NULL, 4, 'Aprile', NULL, '2020-03-12 12:11:40'),
	(52, 45, NULL, 7, 'Luglio', NULL, '2020-03-12 12:11:40'),
	(53, 45, NULL, 10, 'Ottobre', NULL, '2020-03-12 12:11:40'),
	(54, 46, NULL, 1, 'Gennaio', NULL, '2020-03-12 12:11:40'),
	(55, 46, NULL, 4, 'Aprile', NULL, '2020-03-12 12:11:40'),
	(56, 46, NULL, 7, 'Luglio', NULL, '2020-03-12 12:11:40'),
	(57, 46, NULL, 10, 'Ottobre', NULL, '2020-03-12 12:11:40'),
	(58, 47, NULL, 1, 'Gennaio', NULL, '2020-03-12 12:11:40'),
	(59, 47, NULL, 4, 'Aprile', NULL, '2020-03-12 12:11:40'),
	(60, 47, NULL, 7, 'Luglio', NULL, '2020-03-12 12:11:40'),
	(61, 47, NULL, 10, 'Ottobre', NULL, '2020-03-12 12:11:40'),
	(62, 49, NULL, 3, 'Marzo', NULL, '2020-03-12 12:11:40'),
	(63, 49, NULL, 6, 'Giugno', NULL, '2020-03-12 12:11:40'),
	(64, 49, NULL, 9, 'Settembre', NULL, '2020-03-12 12:11:40'),
	(65, 49, NULL, 12, 'Dicembre', NULL, '2020-03-12 12:11:40'),
	(66, 50, NULL, 1, 'Gennaio', NULL, '2020-03-12 12:11:40'),
	(67, 50, NULL, 4, 'Aprile', NULL, '2020-03-12 12:11:40'),
	(68, 50, NULL, 7, 'Luglio', NULL, '2020-03-12 12:11:40'),
	(69, 50, NULL, 10, 'Ottobre', NULL, '2020-03-12 12:11:41'),
	(70, 51, NULL, 5, 'Maggio', NULL, '2020-03-12 12:11:41'),
	(71, 51, NULL, 9, 'Settembre', NULL, '2020-03-12 12:11:41'),
	(72, 51, NULL, 11, 'Novembre', NULL, '2020-03-12 12:11:41'),
	(73, 51, NULL, 2, 'Febbraio', NULL, '2020-03-12 12:11:41'),
	(74, 52, NULL, 9, 'Settembre', NULL, '2020-03-12 12:11:41'),
	(75, 53, NULL, 7, 'Luglio', NULL, '2020-03-12 12:11:41'),
	(76, 53, NULL, 3, 'Marzo', NULL, '2020-03-12 12:11:41'),
	(77, 54, NULL, 4, 'Aprile', NULL, '2020-03-12 12:11:41'),
	(78, 55, NULL, 3, 'Marzo', NULL, '2020-03-12 12:11:41'),
	(79, 56, NULL, 12, 'Dicembre', NULL, '2020-03-12 12:11:41'),
	(80, 58, NULL, 2, 'Febbraio', NULL, '2020-03-12 12:11:41'),
	(81, 58, NULL, 5, 'Maggio', NULL, '2020-03-12 12:11:41'),
	(82, 58, NULL, 9, 'Settembre', NULL, '2020-03-12 12:11:41'),
	(83, 58, NULL, 11, 'Novembre', NULL, '2020-03-12 12:11:41'),
	(84, 59, NULL, 2, 'Febbraio', NULL, '2020-03-12 12:11:41'),
	(85, 59, NULL, 5, 'Maggio', NULL, '2020-03-12 12:11:41'),
	(86, 59, NULL, 9, 'Settembre', NULL, '2020-03-12 12:11:41'),
	(87, 59, NULL, 11, 'Novembre', NULL, '2020-03-12 12:11:41'),
	(88, 60, NULL, 6, 'Giugno', NULL, '2020-03-12 12:11:41'),
	(89, 62, NULL, 5, 'Maggio', NULL, '2020-03-12 12:11:41'),
	(90, 63, NULL, 3, 'Marzo', NULL, '2020-03-12 12:11:41'),
	(91, 64, NULL, 7, 'Luglio', NULL, '2020-03-12 12:11:41'),
	(92, 64, NULL, 10, 'Ottobre', NULL, '2020-03-12 12:11:41'),
	(93, 64, NULL, 1, 'Gennaio', NULL, '2020-03-12 12:11:41'),
	(94, 64, NULL, 4, 'Aprile', NULL, '2020-03-12 12:11:41'),
	(95, 65, NULL, 1, 'Gennaio', NULL, '2020-03-12 12:11:41'),
	(96, 65, NULL, 4, 'Aprile', NULL, '2020-03-12 12:11:41'),
	(97, 65, NULL, 7, 'Luglio', NULL, '2020-03-12 12:11:41'),
	(98, 65, NULL, 10, 'Ottobre', NULL, '2020-03-12 12:11:41'),
	(99, 67, NULL, 1, 'Gennaio', NULL, '2020-03-12 12:11:41'),
	(100, 67, NULL, 4, 'Aprile', NULL, '2020-03-12 12:11:41'),
	(101, 67, NULL, 7, 'Luglio', NULL, '2020-03-12 12:11:41'),
	(102, 67, NULL, 10, 'Ottobre', NULL, '2020-03-12 12:11:41'),
	(103, 70, NULL, 4, 'Aprile', NULL, '2020-03-12 12:11:41'),
	(104, 71, NULL, 1, 'Gennaio', NULL, '2020-03-12 12:11:41'),
	(105, 71, NULL, 3, 'Marzo', NULL, '2020-03-12 12:11:41'),
	(106, 72, NULL, 1, 'Gennaio', NULL, '2020-03-12 12:11:41'),
	(107, 72, NULL, 3, 'Marzo', NULL, '2020-03-12 12:11:41'),
	(108, 73, NULL, 1, 'Gennaio', NULL, '2020-03-12 12:11:41'),
	(109, 73, NULL, 4, 'Aprile', NULL, '2020-03-12 12:11:41'),
	(110, 73, NULL, 7, 'Luglio', NULL, '2020-03-12 12:11:41'),
	(111, 73, NULL, 10, 'Ottobre', NULL, '2020-03-12 12:11:41'),
	(112, 75, NULL, 1, 'Gennaio', NULL, '2020-03-12 12:11:41'),
	(113, 75, NULL, 4, 'Aprile', NULL, '2020-03-12 12:11:41'),
	(114, 75, NULL, 7, 'Luglio', NULL, '2020-03-12 12:11:41'),
	(115, 75, NULL, 10, 'Ottobre', NULL, '2020-03-12 12:11:41'),
	(116, 79, NULL, 2, 'Febbraio', NULL, '2020-03-12 12:11:41'),
	(117, 79, NULL, 7, 'Luglio', NULL, '2020-03-12 12:11:41'),
	(118, 83, NULL, 6, 'Giugno', NULL, '2020-03-12 12:11:41'),
	(119, 83, NULL, 12, 'Dicembre', NULL, '2020-03-12 12:11:41'),
	(120, 85, NULL, 5, 'Maggio', NULL, '2020-03-12 12:11:41'),
	(121, 85, NULL, 11, 'Novembre', NULL, '2020-03-12 12:11:41'),
	(122, 87, NULL, 3, 'Marzo', NULL, '2020-03-12 12:11:41'),
	(123, 87, NULL, 9, 'Settembre', NULL, '2020-03-12 12:11:41'),
	(124, 89, NULL, 1, 'Gennaio', NULL, '2020-03-12 12:11:41'),
	(125, 89, NULL, 4, 'Aprile', NULL, '2020-03-12 12:11:41'),
	(126, 89, NULL, 7, 'Luglio', NULL, '2020-03-12 12:11:41'),
	(127, 89, NULL, 10, 'Ottobre', NULL, '2020-03-12 12:11:41'),
	(128, 90, NULL, 1, 'Gennaio', NULL, '2020-03-12 12:11:41'),
	(129, 90, NULL, 7, 'Luglio', NULL, '2020-03-12 12:11:41'),
	(130, 91, NULL, 4, 'Aprile', NULL, '2020-03-12 12:11:41'),
	(131, 91, NULL, 10, 'Ottobre', NULL, '2020-03-12 12:11:41'),
	(132, 93, NULL, 1, 'Gennaio', NULL, '2020-03-12 12:11:41'),
	(133, 93, NULL, 4, 'Aprile', NULL, '2020-03-12 12:11:41'),
	(134, 93, NULL, 7, 'Luglio', NULL, '2020-03-12 12:11:41'),
	(135, 93, NULL, 10, 'Ottobre', NULL, '2020-03-12 12:11:41'),
	(136, 96, NULL, 3, 'Marzo', NULL, '2020-03-12 12:11:41'),
	(137, 96, NULL, 6, 'Giugno', NULL, '2020-03-12 12:11:41'),
	(138, 96, NULL, 9, 'Settembre', NULL, '2020-03-12 12:11:41'),
	(139, 96, NULL, 12, 'Dicembre', NULL, '2020-03-12 12:11:41'),
	(140, 97, NULL, 6, 'Giugno', NULL, '2020-03-12 12:11:41'),
	(141, 98, NULL, 6, 'Giugno', NULL, '2020-03-12 12:11:41'),
	(142, 98, NULL, 12, 'Dicembre', NULL, '2020-03-12 12:11:41'),
	(143, 100, NULL, 3, 'Marzo', NULL, '2020-03-12 12:11:41'),
	(144, 100, NULL, 9, 'Settembre', NULL, '2020-03-12 12:11:41'),
	(145, 101, NULL, 3, 'Marzo', NULL, '2020-03-12 12:11:41'),
	(146, 101, NULL, 6, 'Giugno', NULL, '2020-03-12 12:11:41'),
	(147, 101, NULL, 10, 'Ottobre', NULL, '2020-03-12 12:11:41'),
	(148, 101, NULL, 12, 'Dicembre', NULL, '2020-03-12 12:11:41'),
	(149, 102, NULL, 7, 'Luglio', NULL, '2020-03-12 12:11:41'),
	(150, 102, NULL, 12, 'Dicembre', NULL, '2020-03-12 12:11:41'),
	(151, 103, NULL, 7, 'Luglio', NULL, '2020-03-12 12:11:41'),
	(152, 104, NULL, 2, 'Febbraio', NULL, '2020-03-12 12:11:42'),
	(153, 105, NULL, 6, 'Giugno', NULL, '2020-03-12 12:11:42'),
	(154, 105, NULL, 12, 'Dicembre', NULL, '2020-03-12 12:11:42'),
	(155, 106, NULL, 5, 'Maggio', NULL, '2020-03-12 12:11:42'),
	(156, 106, NULL, 9, 'Settembre', NULL, '2020-03-12 12:11:42'),
	(157, 106, NULL, 11, 'Novembre', NULL, '2020-03-12 12:11:42'),
	(158, 106, NULL, 2, 'Febbraio', NULL, '2020-03-12 12:11:42'),
	(159, 107, NULL, 3, 'Marzo', NULL, '2020-03-12 12:11:42'),
	(160, 109, NULL, 1, 'Gennaio', NULL, '2020-03-12 12:11:42'),
	(161, 109, NULL, 5, 'Maggio', NULL, '2020-03-12 12:11:42'),
	(162, 109, NULL, 9, 'Settembre', NULL, '2020-03-12 12:11:42'),
	(163, 118, NULL, 3, 'Marzo', NULL, '2020-03-12 12:11:42'),
	(164, 118, NULL, 6, 'Giugno', NULL, '2020-03-12 12:11:42'),
	(165, 118, NULL, 9, 'Settembre', NULL, '2020-03-12 12:11:42'),
	(166, 118, NULL, 12, 'Dicembre', NULL, '2020-03-12 12:11:42'),
	(167, 124, NULL, 3, 'Marzo', NULL, '2020-03-12 12:11:42'),
	(168, 124, NULL, 4, 'Aprile', NULL, '2020-03-12 12:11:42'),
	(169, 128, NULL, 3, 'Marzo', NULL, '2020-03-12 12:11:42'),
	(170, 131, NULL, 1, 'Gennaio', NULL, '2020-03-12 12:11:42'),
	(171, 132, NULL, 3, 'Marzo', NULL, '2020-03-12 12:11:42'),
	(172, 134, NULL, 1, 'Gennaio', NULL, '2020-03-12 12:11:42'),
	(173, 135, NULL, 12, 'Dicembre', NULL, '2020-03-12 12:11:42'),
	(174, 136, NULL, 2, 'Febbraio', NULL, '2020-03-12 12:11:42'),
	(175, 142, NULL, 3, 'Marzo', NULL, '2020-03-12 12:11:42'),
	(176, 145, NULL, 6, 'Giugno', NULL, '2020-03-12 12:11:42'),
	(177, 150, NULL, 3, 'Marzo', NULL, '2020-03-12 12:11:42'),
	(178, 157, NULL, 1, 'Gennaio', NULL, '2020-03-12 12:11:42'),
	(179, 157, NULL, 4, 'Aprile', NULL, '2020-03-12 12:11:42'),
	(180, 157, NULL, 7, 'Luglio', NULL, '2020-03-12 12:11:42'),
	(181, 157, NULL, 10, 'Ottobre', NULL, '2020-03-12 12:11:42'),
	(182, 158, NULL, 4, 'Aprile', NULL, '2020-03-12 12:11:43'),
	(183, 159, NULL, 4, 'Aprile', NULL, '2020-03-12 12:11:43'),
	(184, 160, NULL, 1, 'Gennaio', NULL, '2020-03-12 12:11:43'),
	(185, 160, NULL, 3, 'Marzo', NULL, '2020-03-12 12:11:43'),
	(186, 161, NULL, 1, 'Gennaio', NULL, '2020-03-12 12:11:43'),
	(187, 161, NULL, 3, 'Marzo', NULL, '2020-03-12 12:11:43'),
	(188, 164, NULL, 6, 'Giugno', NULL, '2020-03-12 12:11:43'),
	(189, 165, NULL, 12, 'Dicembre', NULL, '2020-03-12 12:11:43'),
	(190, 166, NULL, 4, 'Aprile', NULL, '2020-03-12 12:11:43'),
	(191, 167, NULL, 4, 'Aprile', NULL, '2020-03-12 12:11:43'),
	(192, 168, NULL, 2, 'Febbraio', NULL, '2020-03-12 12:11:43'),
	(193, 169, NULL, 5, 'Maggio', NULL, '2020-03-12 12:11:43'),
	(194, 169, NULL, 11, 'Novembre', NULL, '2020-03-12 12:11:43'),
	(195, 170, NULL, 5, 'Maggio', NULL, '2020-03-12 12:11:43'),
	(196, 170, NULL, 11, 'Novembre', NULL, '2020-03-12 12:11:43'),
	(197, 171, NULL, 5, 'Maggio', NULL, '2020-03-12 12:11:43'),
	(198, 171, NULL, 11, 'Novembre', NULL, '2020-03-12 12:11:43'),
	(199, 172, NULL, 5, 'Maggio', NULL, '2020-03-12 12:11:43'),
	(200, 173, NULL, 5, 'Maggio', NULL, '2020-03-12 12:11:43'),
	(201, 175, NULL, 5, 'Maggio', NULL, '2020-03-12 12:11:43'),
	(202, 176, NULL, 4, 'Aprile', NULL, '2020-03-12 12:11:43'),
	(203, 177, NULL, 4, 'Aprile', NULL, '2020-03-12 12:11:43'),
	(204, 179, NULL, 4, 'Aprile', NULL, '2020-03-12 12:11:43'),
	(205, 180, NULL, 1, 'Gennaio', NULL, '2020-03-12 12:11:43'),
	(206, 181, NULL, 4, 'Aprile', NULL, '2020-03-12 12:11:43'),
	(207, 185, NULL, 6, 'Giugno', NULL, '2020-03-12 12:11:43'),
	(208, 186, NULL, 6, 'Giugno', NULL, '2020-03-12 12:11:43'),
	(209, 187, NULL, 6, 'Giugno', NULL, '2020-03-12 12:11:43'),
	(210, 188, NULL, 10, 'Ottobre', NULL, '2020-03-12 12:11:43'),
	(211, 189, NULL, 2, 'Febbraio', NULL, '2020-03-12 12:11:43'),
	(212, 190, NULL, 2, 'Febbraio', NULL, '2020-03-12 12:11:43'),
	(213, 190, NULL, 10, 'Ottobre', NULL, '2020-03-12 12:11:43'),
	(214, 191, NULL, 2, 'Febbraio', NULL, '2020-03-12 12:11:43'),
	(215, 191, NULL, 10, 'Ottobre', NULL, '2020-03-12 12:11:43'),
	(216, 192, NULL, 10, 'Ottobre', NULL, '2020-03-12 12:11:43'),
	(217, 195, NULL, 12, 'Dicembre', NULL, '2020-03-12 12:11:43'),
	(218, 196, NULL, 3, 'Marzo', NULL, '2020-03-12 12:11:43'),
	(219, 197, NULL, 5, 'Maggio', NULL, '2020-03-12 12:11:43'),
	(220, 198, NULL, 5, 'Maggio', NULL, '2020-03-12 12:11:43'),
	(221, 199, NULL, 1, 'Gennaio', NULL, '2020-03-12 12:11:43'),
	(222, 200, NULL, 5, 'Maggio', NULL, '2020-03-12 12:11:43'),
	(223, 201, NULL, 5, 'Maggio', NULL, '2020-03-12 12:11:43'),
	(224, 202, NULL, 5, 'Maggio', NULL, '2020-03-12 12:11:43'),
	(225, 202, NULL, 10, 'Ottobre', NULL, '2020-03-12 12:11:43'),
	(226, 203, NULL, 1, 'Gennaio', NULL, '2020-03-12 12:11:43'),
	(227, 203, NULL, 4, 'Aprile', NULL, '2020-03-12 12:11:43'),
	(228, 203, NULL, 7, 'Luglio', NULL, '2020-03-12 12:11:43'),
	(229, 203, NULL, 10, 'Ottobre', NULL, '2020-03-12 12:11:43'),
	(230, 204, NULL, 2, 'Febbraio', NULL, '2020-03-12 12:11:43'),
	(231, 205, NULL, 2, 'Febbraio', NULL, '2020-03-12 12:11:43'),
	(232, 205, NULL, 9, 'Settembre', NULL, '2020-03-12 12:11:43'),
	(233, 206, NULL, 2, 'Febbraio', NULL, '2020-03-12 12:11:43'),
	(234, 206, NULL, 9, 'Settembre', NULL, '2020-03-12 12:11:43'),
	(235, 209, NULL, 2, 'Febbraio', NULL, '2020-03-12 12:11:43'),
	(236, 210, NULL, 2, 'Febbraio', NULL, '2020-03-12 12:11:43'),
	(237, 210, NULL, 9, 'Settembre', NULL, '2020-03-12 12:11:43'),
	(238, 211, NULL, 2, 'Febbraio', NULL, '2020-03-12 12:11:43'),
	(239, 211, NULL, 9, 'Settembre', NULL, '2020-03-12 12:11:43'),
	(240, 212, NULL, 4, 'Aprile', NULL, '2020-03-12 12:11:43'),
	(241, 213, NULL, 1, 'Gennaio', NULL, '2020-03-12 12:11:43'),
	(242, 213, NULL, 7, 'Luglio', NULL, '2020-03-12 12:11:43'),
	(243, 214, NULL, 1, 'Gennaio', NULL, '2020-03-12 12:11:43'),
	(244, 214, NULL, 7, 'Luglio', NULL, '2020-03-12 12:11:43'),
	(245, 219, NULL, 1, 'Gennaio', NULL, '2020-03-12 12:11:44'),
	(246, 220, NULL, 2, 'Febbraio', NULL, '2020-03-12 12:11:44'),
	(247, 221, NULL, 3, 'Marzo', NULL, '2020-03-12 12:11:44'),
	(248, 221, NULL, 9, 'Settembre', NULL, '2020-03-12 12:11:44'),
	(249, 222, NULL, 2, 'Febbraio', NULL, '2020-03-12 12:11:44'),
	(250, 223, NULL, 4, 'Aprile', NULL, '2020-03-12 12:11:44'),
	(251, 224, NULL, 1, 'Gennaio', NULL, '2020-03-12 12:11:44'),
	(252, 227, NULL, 2, 'Febbraio', NULL, '2020-03-12 12:11:44'),
	(253, 228, NULL, 9, 'Settembre', NULL, '2020-03-12 12:11:44'),
	(254, 228, NULL, 2, 'Febbraio', NULL, '2020-03-12 12:11:44'),
	(255, 232, NULL, 2, 'Febbraio', NULL, '2020-03-12 12:11:44'),
	(256, 232, NULL, 9, 'Settembre', NULL, '2020-03-12 12:11:44'),
	(257, 233, NULL, 2, 'Febbraio', NULL, '2020-03-12 12:11:44'),
	(258, 234, NULL, 2, 'Febbraio', NULL, '2020-03-12 12:11:44'),
	(259, 234, NULL, 9, 'Settembre', NULL, '2020-03-12 12:11:44'),
	(260, 239, NULL, 4, 'Aprile', NULL, '2020-03-12 12:11:44'),
	(261, 239, NULL, 7, 'Luglio', NULL, '2020-03-12 12:11:44'),
	(262, 239, NULL, 10, 'Ottobre', NULL, '2020-03-12 12:11:44'),
	(263, 239, NULL, 1, 'Gennaio', NULL, '2020-03-12 12:11:44');
/*!40000 ALTER TABLE `assoc_doc_info_presentazione` ENABLE KEYS */;

-- Dump della struttura di tabella odc2.assoc_doc_info_sessioni
CREATE TABLE IF NOT EXISTS `assoc_doc_info_sessioni` (
  `id` int(11) NOT NULL AUTO_INCREMENT,
  `id_doc_info` int(11) DEFAULT NULL,
  `id_sessione` int(11) DEFAULT NULL,
  `id_riunione` int(11) DEFAULT NULL,
  `descrizione` varchar(500) DEFAULT NULL,
  `uid_modifica` varchar(50) DEFAULT NULL,
  `data_modifica` datetime DEFAULT CURRENT_TIMESTAMP,
  PRIMARY KEY (`id`)
) ENGINE=InnoDB DEFAULT CHARSET=utf8 ROW_FORMAT=DYNAMIC COMMENT='''odc2._vgetdocriunioni'' is not BASE TABLE';

-- Dump dei dati della tabella odc2.assoc_doc_info_sessioni: ~129 rows (circa)
DELETE FROM `assoc_doc_info_sessioni`;
/*!40000 ALTER TABLE `assoc_doc_info_sessioni` DISABLE KEYS */;
INSERT INTO `assoc_doc_info_sessioni` (`id`, `id_doc_info`, `id_sessione`, `id_riunione`, `descrizione`, `uid_modifica`, `data_modifica`) VALUES
	(1, 9, 4, NULL, 'Sodvgener', NULL, '2020-03-12 12:11:40'),
	(2, 10, 4, NULL, 'Sodvgener', NULL, '2020-03-12 12:11:40'),
	(3, 14, 4, NULL, 'Sodvgener', NULL, '2020-03-12 12:11:40'),
	(4, 15, 4, NULL, 'Sodvgener', NULL, '2020-03-12 12:11:40'),
	(5, 16, 4, NULL, 'Sodvgener', NULL, '2020-03-12 12:11:40'),
	(6, 17, 4, NULL, 'Sodvgener', NULL, '2020-03-12 12:11:40'),
	(7, 18, 4, NULL, 'Sodvgener', NULL, '2020-03-12 12:11:40'),
	(8, 19, 4, NULL, 'Sodvgener', NULL, '2020-03-12 12:11:40'),
	(9, 20, 4, NULL, 'Sodvgener', NULL, '2020-03-12 12:11:40'),
	(10, 21, 4, NULL, 'Sodvgener', NULL, '2020-03-12 12:11:40'),
	(11, 23, 4, NULL, 'Sodvgener', NULL, '2020-03-12 12:11:40'),
	(12, 25, 3, NULL, 'Sodv', NULL, '2020-03-12 12:11:40'),
	(13, 26, 3, NULL, 'Sodv', NULL, '2020-03-12 12:11:40'),
	(14, 32, 4, NULL, 'Sodvgener', NULL, '2020-03-12 12:11:40'),
	(15, 41, 4, NULL, 'Sodvgener', NULL, '2020-03-12 12:11:40'),
	(16, 42, 4, NULL, 'Sodvgener', NULL, '2020-03-12 12:11:40'),
	(17, 43, 4, NULL, 'Sodvgener', NULL, '2020-03-12 12:11:40'),
	(18, 45, 4, NULL, 'Sodvgener', NULL, '2020-03-12 12:11:40'),
	(19, 46, 4, NULL, 'Sodvgener', NULL, '2020-03-12 12:11:40'),
	(20, 63, 2, NULL, 'Sgen', NULL, '2020-03-12 12:11:41'),
	(21, 64, 2, NULL, 'Sgen', NULL, '2020-03-12 12:11:41'),
	(22, 65, 4, NULL, 'Sodvgener', NULL, '2020-03-12 12:11:41'),
	(23, 66, 4, NULL, 'Sodvgener', NULL, '2020-03-12 12:11:41'),
	(24, 67, 2, NULL, 'Sgen', NULL, '2020-03-12 12:11:41'),
	(25, 68, 2, NULL, 'Sgen', NULL, '2020-03-12 12:11:41'),
	(26, 77, 2, NULL, 'Sgen', NULL, '2020-03-12 12:11:41'),
	(27, 78, 4, NULL, 'Sodvgener', NULL, '2020-03-12 12:11:41'),
	(28, 79, 4, NULL, 'Sodvgener', NULL, '2020-03-12 12:11:41'),
	(29, 80, 4, NULL, 'Sodvgener', NULL, '2020-03-12 12:11:41'),
	(30, 81, 4, NULL, 'Sodvgener', NULL, '2020-03-12 12:11:41'),
	(31, 83, 2, NULL, 'Sgen', NULL, '2020-03-12 12:11:41'),
	(32, 84, 4, NULL, 'Sodvgener', NULL, '2020-03-12 12:11:41'),
	(33, 85, 4, NULL, 'Sodvgener', NULL, '2020-03-12 12:11:41'),
	(34, 88, 2, NULL, 'Sgen', NULL, '2020-03-12 12:11:41'),
	(35, 89, 2, NULL, 'Sgen', NULL, '2020-03-12 12:11:41'),
	(36, 90, 4, NULL, 'Sodvgener', NULL, '2020-03-12 12:11:41'),
	(37, 95, 4, NULL, 'Sodvgener', NULL, '2020-03-12 12:11:41'),
	(38, 96, 4, NULL, 'Sodvgener', NULL, '2020-03-12 12:11:41'),
	(39, 97, 2, NULL, 'Sgen', NULL, '2020-03-12 12:11:41'),
	(40, 98, 4, NULL, 'Sodvgener', NULL, '2020-03-12 12:11:41'),
	(41, 99, 4, NULL, 'Sodvgener', NULL, '2020-03-12 12:11:41'),
	(42, 100, 4, NULL, 'Sodvgener', NULL, '2020-03-12 12:11:41'),
	(43, 101, 4, NULL, 'Sodvgener', NULL, '2020-03-12 12:11:41'),
	(44, 102, 2, NULL, 'Sgen', NULL, '2020-03-12 12:11:41'),
	(45, 103, 2, NULL, 'Sgen', NULL, '2020-03-12 12:11:41'),
	(46, 104, 4, NULL, 'Sodvgener', NULL, '2020-03-12 12:11:42'),
	(47, 105, 4, NULL, 'Sodvgener', NULL, '2020-03-12 12:11:42'),
	(48, 106, 4, NULL, 'Sodvgener', NULL, '2020-03-12 12:11:42'),
	(49, 107, 4, NULL, 'Sodvgener', NULL, '2020-03-12 12:11:42'),
	(50, 108, 4, NULL, 'Sodvgener', NULL, '2020-03-12 12:11:42'),
	(51, 109, 2, NULL, 'Sgen', NULL, '2020-03-12 12:11:42'),
	(52, 110, 4, NULL, 'Sodvgener', NULL, '2020-03-12 12:11:42'),
	(53, 113, 2, NULL, 'Sgen', NULL, '2020-03-12 12:11:42'),
	(54, 115, 2, NULL, 'Sgen', NULL, '2020-03-12 12:11:42'),
	(55, 116, 1, NULL, 'Sessai', NULL, '2020-03-12 12:11:42'),
	(56, 117, 1, NULL, 'Sessai', NULL, '2020-03-12 12:11:42'),
	(57, 118, 4, NULL, 'Sodvgener', NULL, '2020-03-12 12:11:42'),
	(58, 132, 4, NULL, 'Sodvgener', NULL, '2020-03-12 12:11:42'),
	(59, 134, 4, NULL, 'Sodvgener', NULL, '2020-03-12 12:11:42'),
	(60, 135, 2, NULL, 'Sgen', NULL, '2020-03-12 12:11:42'),
	(61, 136, 2, NULL, 'Sgen', NULL, '2020-03-12 12:11:42'),
	(62, 138, 1, NULL, 'Sessai', NULL, '2020-03-12 12:11:42'),
	(63, 139, 1, NULL, 'Sessai', NULL, '2020-03-12 12:11:42'),
	(64, 140, 1, NULL, 'Sessai', NULL, '2020-03-12 12:11:42'),
	(65, 141, 2, NULL, 'Sgen', NULL, '2020-03-12 12:11:42'),
	(66, 142, 4, NULL, 'Sodvgener', NULL, '2020-03-12 12:11:42'),
	(67, 146, 4, NULL, 'Sodvgener', NULL, '2020-03-12 12:11:42'),
	(68, 148, 1, NULL, 'Sessai', NULL, '2020-03-12 12:11:42'),
	(69, 149, 2, NULL, 'Sgen', NULL, '2020-03-12 12:11:42'),
	(70, 150, 2, NULL, 'Sgen', NULL, '2020-03-12 12:11:42'),
	(71, 151, 4, NULL, 'Sodvgener', NULL, '2020-03-12 12:11:42'),
	(72, 154, 4, NULL, 'Sodvgener', NULL, '2020-03-12 12:11:42'),
	(73, 155, 4, NULL, 'Sodvgener', NULL, '2020-03-12 12:11:42'),
	(74, 156, 4, NULL, 'Sodvgener', NULL, '2020-03-12 12:11:42'),
	(75, 164, 2, NULL, 'Sgen', NULL, '2020-03-12 12:11:43'),
	(76, 165, 2, NULL, 'Sgen', NULL, '2020-03-12 12:11:43'),
	(77, 167, 2, NULL, 'Sgen', NULL, '2020-03-12 12:11:43'),
	(78, 168, 3, NULL, 'Sodv', NULL, '2020-03-12 12:11:43'),
	(79, 169, 3, NULL, 'Sodv', NULL, '2020-03-12 12:11:43'),
	(80, 170, 3, NULL, 'Sodv', NULL, '2020-03-12 12:11:43'),
	(81, 171, 3, NULL, 'Sodv', NULL, '2020-03-12 12:11:43'),
	(82, 176, 1, NULL, 'Sessai', NULL, '2020-03-12 12:11:43'),
	(83, 180, 4, NULL, 'Sodvgener', NULL, '2020-03-12 12:11:43'),
	(84, 185, 3, NULL, 'Sodv', NULL, '2020-03-12 12:11:43'),
	(85, 186, 3, NULL, 'Sodv', NULL, '2020-03-12 12:11:43'),
	(86, 187, 3, NULL, 'Sodv', NULL, '2020-03-12 12:11:43'),
	(87, 189, 3, NULL, 'Sodv', NULL, '2020-03-12 12:11:43'),
	(88, 190, 3, NULL, 'Sodv', NULL, '2020-03-12 12:11:43'),
	(89, 191, 3, NULL, 'Sodv', NULL, '2020-03-12 12:11:43'),
	(90, 197, 3, NULL, 'Sodv', NULL, '2020-03-12 12:11:43'),
	(91, 198, 3, NULL, 'Sodv', NULL, '2020-03-12 12:11:43'),
	(92, 199, 3, NULL, 'Sodv', NULL, '2020-03-12 12:11:43'),
	(93, 200, 3, NULL, 'Sodv', NULL, '2020-03-12 12:11:43'),
	(94, 201, 3, NULL, 'Sodv', NULL, '2020-03-12 12:11:43'),
	(95, 202, 3, NULL, 'Sodv', NULL, '2020-03-12 12:11:43'),
	(96, 204, 3, NULL, 'Sodv', NULL, '2020-03-12 12:11:43'),
	(97, 205, 3, NULL, 'Sodv', NULL, '2020-03-12 12:11:43'),
	(98, 206, 3, NULL, 'Sodv', NULL, '2020-03-12 12:11:43'),
	(99, 207, 3, NULL, 'Sodv', NULL, '2020-03-12 12:11:43'),
	(100, 208, 3, NULL, 'Sodv', NULL, '2020-03-12 12:11:43'),
	(101, 209, 3, NULL, 'Sodv', NULL, '2020-03-12 12:11:43'),
	(102, 210, 3, NULL, 'Sodv', NULL, '2020-03-12 12:11:43'),
	(103, 211, 3, NULL, 'Sodv', NULL, '2020-03-12 12:11:43'),
	(104, 213, 3, NULL, 'Sodv', NULL, '2020-03-12 12:11:43'),
	(105, 214, 3, NULL, 'Sodv', NULL, '2020-03-12 12:11:43'),
	(106, 215, 3, NULL, 'Sodv', NULL, '2020-03-12 12:11:43'),
	(107, 221, 2, NULL, 'Sgen', NULL, '2020-03-12 12:11:44'),
	(108, 222, 2, NULL, 'Sgen', NULL, '2020-03-12 12:11:44'),
	(109, 223, 2, NULL, 'Sgen', NULL, '2020-03-12 12:11:44'),
	(110, 225, 3, NULL, 'Sodv', NULL, '2020-03-12 12:11:44'),
	(111, 226, 3, NULL, 'Sodv', NULL, '2020-03-12 12:11:44'),
	(112, 227, 3, NULL, 'Sodv', NULL, '2020-03-12 12:11:44'),
	(113, 228, 3, NULL, 'Sodv', NULL, '2020-03-12 12:11:44'),
	(114, 229, 3, NULL, 'Sodv', NULL, '2020-03-12 12:11:44'),
	(115, 230, 3, NULL, 'Sodv', NULL, '2020-03-12 12:11:44'),
	(116, 231, 3, NULL, 'Sodv', NULL, '2020-03-12 12:11:44'),
	(117, 232, 3, NULL, 'Sodv', NULL, '2020-03-12 12:11:44'),
	(118, 233, 3, NULL, 'Sodv', NULL, '2020-03-12 12:11:44'),
	(119, 234, 3, NULL, 'Sodv', NULL, '2020-03-12 12:11:44'),
	(120, 235, 3, NULL, 'Sodv', NULL, '2020-03-12 12:11:44'),
	(121, 236, 3, NULL, 'Sodv', NULL, '2020-03-12 12:11:44'),
	(122, 237, 3, NULL, 'Sodv', NULL, '2020-03-12 12:11:44'),
	(123, 238, 3, NULL, 'Sodv', NULL, '2020-03-12 12:11:44'),
	(124, 240, 1, NULL, 'Sessai', NULL, '2020-03-12 12:11:44'),
	(125, 241, 2, NULL, 'Sgen', NULL, '2020-03-12 12:11:44'),
	(126, 242, 2, NULL, 'Sgen', NULL, '2020-03-12 12:11:44'),
	(127, 243, 3, NULL, 'Sodv', NULL, '2020-03-12 12:11:44'),
	(128, 244, 3, NULL, 'Sodv', NULL, '2020-03-12 12:11:44'),
	(129, 245, 3, NULL, 'Sodv', NULL, '2020-03-12 12:11:44');
/*!40000 ALTER TABLE `assoc_doc_info_sessioni` ENABLE KEYS */;

-- Dump della struttura di tabella odc2.assoc_riunioni_doc_info
CREATE TABLE IF NOT EXISTS `assoc_riunioni_doc_info` (
  `id` int(10) unsigned NOT NULL AUTO_INCREMENT,
  `id_riunione` int(10) unsigned DEFAULT NULL,
  `id_doc_info` int(10) unsigned DEFAULT NULL,
  `peso` tinyint(1) unsigned NOT NULL DEFAULT '0',
  `flag_ricevuto` int(10) unsigned NOT NULL DEFAULT '0',
  `data_ricezione` datetime DEFAULT CURRENT_TIMESTAMP,
  `refog_ricevente` varchar(10) DEFAULT NULL,
  `attivo` tinyint(1) DEFAULT '1',
  `uid_inserimento` varchar(50) DEFAULT NULL,
  `data_inserimeto` datetime DEFAULT CURRENT_TIMESTAMP,
  `uid_modifica` varchar(50) DEFAULT NULL,
  `data_modifica` datetime DEFAULT CURRENT_TIMESTAMP ON UPDATE CURRENT_TIMESTAMP,
  PRIMARY KEY (`id`)
) ENGINE=InnoDB DEFAULT CHARSET=utf8;

-- Dump dei dati della tabella odc2.assoc_riunioni_doc_info: ~0 rows (circa)
DELETE FROM `assoc_riunioni_doc_info`;
/*!40000 ALTER TABLE `assoc_riunioni_doc_info` DISABLE KEYS */;
/*!40000 ALTER TABLE `assoc_riunioni_doc_info` ENABLE KEYS */;

-- Dump della struttura di tabella odc2.attivo
CREATE TABLE IF NOT EXISTS `attivo` (
  `id` int(11) NOT NULL AUTO_INCREMENT,
  `attivo` tinyint(2) NOT NULL,
  `descrizione` char(2) DEFAULT NULL,
  PRIMARY KEY (`id`)
) ENGINE=InnoDB DEFAULT CHARSET=utf8;

-- Dump dei dati della tabella odc2.attivo: ~2 rows (circa)
DELETE FROM `attivo`;
/*!40000 ALTER TABLE `attivo` DISABLE KEYS */;
INSERT INTO `attivo` (`id`, `attivo`, `descrizione`) VALUES
	(1, 0, 'No'),
	(2, 1, 'Si');
/*!40000 ALTER TABLE `attivo` ENABLE KEYS */;

-- Dump della struttura di tabella odc2.azioni
CREATE TABLE IF NOT EXISTS `azioni` (
  `id_azione` int(11) unsigned NOT NULL AUTO_INCREMENT,
  `descrizione` varchar(255) DEFAULT NULL,
  `ordine` tinyint(4) unsigned DEFAULT NULL,
  `uid_modifica` varchar(50) DEFAULT NULL,
  `data_modifica` datetime DEFAULT CURRENT_TIMESTAMP,
  PRIMARY KEY (`id_azione`)
) ENGINE=InnoDB DEFAULT CHARSET=utf8 ROW_FORMAT=DYNAMIC COMMENT='''odc2._vgetdocriunioni'' is not BASE TABLE';

-- Dump dei dati della tabella odc2.azioni: ~13 rows (circa)
DELETE FROM `azioni`;
/*!40000 ALTER TABLE `azioni` DISABLE KEYS */;
INSERT INTO `azioni` (`id_azione`, `descrizione`, `ordine`, `uid_modifica`, `data_modifica`) VALUES
	(1, 'APPROVA ', NULL, NULL, '2020-03-12 13:16:30'),
	(2, 'ASSEMBLEA ', NULL, NULL, '2020-03-12 13:16:30'),
	(3, 'BENESTARE  ', NULL, NULL, '2020-03-12 13:16:30'),
	(4, 'DELIBERA', NULL, NULL, '2020-03-12 13:16:30'),
	(5, 'ESAMINA', NULL, NULL, '2020-03-12 13:16:30'),
	(6, 'INFORMA ', NULL, NULL, '2020-03-12 13:16:30'),
	(7, 'INVIA ', NULL, NULL, '2020-03-12 13:16:30'),
	(8, 'PARERE', NULL, NULL, '2020-03-12 13:16:30'),
	(9, 'PRENDE ATTO', NULL, NULL, '2020-03-12 13:16:30'),
	(10, 'PRENDE VISIONE', NULL, NULL, '2020-03-12 13:16:30'),
	(11, 'PROPONE', NULL, NULL, '2020-03-12 13:16:30'),
	(12, 'VALUTA', NULL, NULL, '2020-03-12 13:16:30'),
	(13, 'VERIFICA', NULL, NULL, '2020-03-12 13:16:30');
/*!40000 ALTER TABLE `azioni` ENABLE KEYS */;

-- Dump della struttura di tabella odc2.destinatari
CREATE TABLE IF NOT EXISTS `destinatari` (
  `id_destinatario` int(11) unsigned NOT NULL AUTO_INCREMENT,
  `descrizione_destinatario` varchar(255) DEFAULT NULL,
  `descrizione_destinatario_breve` varchar(255) DEFAULT NULL,
  `ordine` tinyint(4) unsigned DEFAULT NULL,
  `uid_modifica` varchar(50) DEFAULT NULL,
  `data_modifica` datetime DEFAULT CURRENT_TIMESTAMP,
  PRIMARY KEY (`id_destinatario`)
) ENGINE=InnoDB DEFAULT CHARSET=utf8;

-- Dump dei dati della tabella odc2.destinatari: ~9 rows (circa)
DELETE FROM `destinatari`;
/*!40000 ALTER TABLE `destinatari` DISABLE KEYS */;
INSERT INTO `destinatari` (`id_destinatario`, `descrizione_destinatario`, `descrizione_destinatario_breve`, `ordine`, `uid_modifica`, `data_modifica`) VALUES
	(1, 'Assemblea', NULL, NULL, NULL, '2020-03-12 13:16:30'),
	(2, 'Autorita Di Vigilanza Di Settore', NULL, NULL, NULL, '2020-03-12 13:16:30'),
	(3, 'Banca Centrale Europea', NULL, NULL, NULL, '2020-03-12 13:16:30'),
	(4, 'Banca Ditalia', NULL, NULL, NULL, '2020-03-12 13:16:30'),
	(5, 'Bce', NULL, NULL, NULL, '2020-03-12 13:16:30'),
	(6, 'Bnpp', NULL, NULL, NULL, '2020-03-12 13:16:30'),
	(7, 'Consob', NULL, NULL, NULL, '2020-03-12 13:16:30'),
	(8, 'Delegato Delle Segnalazioni Di Operazioni Sospette Di Bnl', NULL, NULL, NULL, '2020-03-12 13:16:30'),
	(9, 'Ministero Delleconomia E Delle Finanze (mef)', NULL, NULL, NULL, '2020-03-12 13:16:30');
/*!40000 ALTER TABLE `destinatari` ENABLE KEYS */;

-- Dump della struttura di tabella odc2.documenti
CREATE TABLE IF NOT EXISTS `documenti` (
  `id_documento` int(11) NOT NULL AUTO_INCREMENT,
  `titolo` text NOT NULL,
  `dati_inserimento` datetime NOT NULL DEFAULT CURRENT_TIMESTAMP,
  `uid_modifica` varchar(50) DEFAULT NULL,
  `data_modifica` datetime DEFAULT CURRENT_TIMESTAMP,
  PRIMARY KEY (`id_documento`)
) ENGINE=InnoDB DEFAULT CHARSET=utf8;

-- Dump dei dati della tabella odc2.documenti: ~245 rows (circa)
DELETE FROM `documenti`;
/*!40000 ALTER TABLE `documenti` DISABLE KEYS */;
INSERT INTO `documenti` (`id_documento`, `titolo`, `dati_inserimento`, `uid_modifica`, `data_modifica`) VALUES
	(1, 'VERIFICA SINDACALE SULLE POLITICHE DI REMUNERAZIONE E SULL\'ATTUAZIONE DELLE POLITICHE DI REMUNERAZIONE (EX POST) PER AMMINISTRATORE DELEGATO E PER DIRIGENTE PREPOSTO ALLA REDAZIONE DEI DOCUMENTI CONTABILI SOCIETARI, DEL DIRETTORE RISCHI, DEL DIRETTORE RISORSE UMANE, DEL RESPONSABILE DELLA FUNZIONE DI REVISIONE INTERNA (IGHI), DEL RESPONSABILE DELLA FUNZIONE DI CONFORMITA\' (COMPLIANCE), DEL RESPONSABILE AZIENDALE ANTIRICICLAGGIO (SICUREZZA FINANZIARIA) E DEL RESPONSABILE B2C ITALY', '2020-03-11 17:34:30', NULL, '2020-03-11 17:34:30'),
	(2, 'RELAZIONE ANNUALE SULLE ATTIVITA\' SVOLTE DALLA FUNZIONE DI REVISIONE INTERNA SUL GRUPPO BANCARIO BNL:<br>- RELAZIONE IN ORDINE ALLA COMPLETEZZA, ADEGUATEZZA, FUNZIONALITA\' E AFFIDABILITA\' DEL SISTEMA DEI CONTROLLI INTERNI<br>- RELAZIONE DELL\'ATTIVITA\' SVOLTA CHE ILLUSTRA LE VERIFICHE EFFETTUATE, I RISULTATI EMERSI, I PUNTI DI DEBOLEZZA RILEVATI E PROPOSTA DEGLI INTERVENTI DA ADOTTARE PER LA LORO RIMOZIONE<br>- RELAZIONE RIGUARDANTE GLI ACCERTAMENTI EFFETTUATI SULLE SOCIETA\' CONTROLLATE E I RISULTATI EMERSI, I PUNTI DI DEBOLEZZA RILEVATI CON RIFERIMENTO SIA AL GRUPPO BANCARIO NEL SUO COMPLESSO SIA ALLE SINGOLE ENTITA\' E LA DESCRIZIONE DEGLI INTERVENTI DA ADOTTARE PER LA RIMOZIONE DELLE CARENZE RILEVATE<br>', '2020-03-11 17:34:30', NULL, '2020-03-11 17:34:30'),
	(3, 'Corporate Social Responsibility: Approvazione della Dichiarazione non finanziaria ai sensi della D.Lgs. n. 254 del 30 dicembre 2016 ', '2020-03-11 17:34:30', NULL, '2020-03-11 17:34:30'),
	(4, 'PARERE   DI AUDIT SU ""PRIMO IMPIANTO"" O  MODIFICHE DEI MODELLI INTERNI NON IRBA', '2020-03-11 17:34:30', NULL, '2020-03-11 17:34:30'),
	(5, 'PARERE DI AUDIT SU MODIFICHE / ESTENSIONI DEI SISTEMI DI RATING INTERNO AUTORIZZATI DALL\'AUTORITA\' DI VIGILANZA', '2020-03-11 17:34:30', NULL, '2020-03-11 17:34:30'),
	(6, 'PIANIFICAZIONE ANNUALE E PLURIENNALE SULL\'ATTIVITA\' DI REVISIONE INTERNA DELL\'IRB', '2020-03-11 17:34:30', NULL, '2020-03-11 17:34:30'),
	(7, 'PRE-VALIDAZIONE DEI SISTEMI DI RATING INTERNO NON ANCORA AUTORIZZATI DALL\'AUTORITA\' DI VIGILANZA ED INCLUSI NEL PIANO DI ESTENSIONE PROGRESSIVA', '2020-03-11 17:34:30', NULL, '2020-03-11 17:34:30'),
	(8, 'RELAZIONE ANNUALE DELLA FUNZIONE DI REVISIONE INTERNA SULLA COMPLETEZZA, ADEGUATEZZA, FUNZIONALITA\' ED AFFIDABILITA\' DEL SISTEMA INTERNO DI RATING', '2020-03-11 17:34:30', NULL, '2020-03-11 17:34:30'),
	(9, 'PIANO DEI CONTROLLI E FORMAZIONE COMPLIANCE', '2020-03-11 17:34:30', NULL, '2020-03-11 17:34:30'),
	(10, 'RELAZIONE DELLA FUNZIONE DI CONTROLLO DI CONFORMITA\' SULL\'ATTIVITA\' SVOLTA IN MATERIA DI SERVIZI E DI ATTIVITA\' DI INVESTIMENTO E SERVIZI ACCESSORI ', '2020-03-11 17:34:30', NULL, '2020-03-11 17:34:30'),
	(11, 'RELAZIONE ANNUALE IN MATERIA COMPLIANCE<br>? Relazione in ordine alla completezza, adeguatezza, funzionalità e affidabilità del sistema dei controlli interni<br>? Relazione dell\'attività svolta che illustra le verifiche effettuate, i risultati emersi, i punti di debolezza rilevati e proposta degli interventi da adottare per la loro rimozione<br>? Relazione riguardante gli accertamenti effettuati sulle Società Controllate e i risultati emersi, i punti di debolezza rilevati con riferimento sia al Gruppo Bancario nel suo complesso sia alle singole entità e la descrizione degli interventi da adottare per la rimozione delle carenze rilevate<br>? Relazione sull\'adeguatezza della gestione del rischio di non conformità e di reputazione attuata dalla Banca<br>-  Piano Compliance: rendicontazione attività anno precedente e Piano dei Controlli anno seguente<br>-  Relazione periodica in materia di sistemi interni di segnalazione <br>', '2020-03-11 17:34:30', NULL, '2020-03-11 17:34:30'),
	(12, 'RESOCONTO ICAAP <br>CAPITAL ADEQUACY STATEMENT (CAS) 2019: <br>Rappresentazione dell\'adeguatezza del livello di patrimonializzazione del Gruppo BNL, consuntivo e prospettico (anche in ipotesi di stress) secondo metodi di calcolo adeguati e coerenti con il RID e il RAF', '2020-03-11 17:34:30', NULL, '2020-03-11 17:34:30'),
	(13, 'Resoconto ILAAP e Liquidity Adequasy Statement (LAS)  ', '2020-03-11 17:34:30', NULL, '2020-03-11 17:34:30'),
	(14, 'Progetto di bilancio di esercizio della BNL SpA e bilancio consolidato del Gruppo BNL', '2020-03-11 17:34:30', NULL, '2020-03-11 17:34:30'),
	(15, ' RAF: DEFINIZIONE E APPROVAZIONE', '2020-03-11 17:34:30', NULL, '2020-03-11 17:34:30'),
	(16, 'RENDICONTAZIONE ANNUALE DELL\'ATTIVITA\' DI CONTROLLO SVOLTA DALLA DIREZIONE RISCHI:', '2020-03-11 17:34:30', NULL, '2020-03-11 17:34:30'),
	(17, 'POLICY RIGUARDANTI MATERIE DI COMPETENZA<br>- Politica di Outsourcing del Gruppo BNL', '2020-03-11 17:34:30', NULL, '2020-03-11 17:34:30'),
	(18, 'PROGRAMMAZIONE DELL\'ATTIVITA\' DI CONTROLLO DELLA DIREZIONE RISCHI PER L\'ANNO SEGUENTE', '2020-03-11 17:34:30', NULL, '2020-03-11 17:34:30'),
	(19, 'RELAZIONE ANNUALE INTEGRATA SUI RISCHI (DI CREDITO, DI CONTROPARTE, DI MERCATO, DI LIQUIDITA\' (ALM) E OPERATIVI)', '2020-03-11 17:34:30', NULL, '2020-03-11 17:34:30'),
	(20, 'CONSUNTIVO PIANO DI AUDIT ESERCIZIO PRECEDENTE E PROPOSTA PIANO DI AUDIT PLURIENNALE CON RIFERIMENTO A BNL E ALLE SOCIETA\' DEL GRUPPO BNL', '2020-03-11 17:34:30', NULL, '2020-03-11 17:34:30'),
	(21, 'PROPOSTA PIANO DI AUDIT PLURIENNALE CON RIFERIMENTO A BNL E ALLE SOCIETA\' DEL GRUPPO BNL', '2020-03-11 17:34:30', NULL, '2020-03-11 17:34:30'),
	(22, 'INFORMATIVA SULL\'ATTIVITA\' SVOLTA DAL COMITATO PER IL CONTROLLO INTERNO E RISCHI ', '2020-03-11 17:34:30', NULL, '2020-03-11 17:34:30'),
	(23, 'INFORMATIVA SU: <br>- PROVVEDIMENTI DISCIPLINARI SIA IN CASO DI FRODI ESTERNE, SIA NEI CASI IN CUI VOLUTAMENTE VENGANO AGGIRATE LE REGOLE DISPOSTE DALLA BANCA  E EVENTUALI AZIONI GESTIONALI<br>- ANDAMENTO GENERALE DELLE CAUSE GIUSLAVORISTICHE', '2020-03-11 17:34:30', NULL, '2020-03-11 17:34:30'),
	(24, 'CONVOCAZIONE ASSEMBLEA', '2020-03-11 17:34:30', NULL, '2020-03-11 17:34:30'),
	(25, 'AGGIORNAMENTO MODELLO DI ORGANIZZAZIONE, GESTIONE E CONTROLLO EX D.LGS. 231/2001', '2020-03-11 17:34:30', NULL, '2020-03-11 17:34:30'),
	(26, 'INFORMATIVA SULL\'ATTIVITA\' SVOLTA DALL\'ORGANISMO DI VIGILANZA EX D.LGS. 231/2001', '2020-03-11 17:34:30', NULL, '2020-03-11 17:34:30'),
	(27, 'RELAZIONE SULL\'ATTIVITA\' SVOLTA DAL COMITATO REMUNERAZIONI ', '2020-03-11 17:34:30', NULL, '2020-03-11 17:34:30'),
	(28, 'REPORT TRIMESTRALE PER IL COLLEGIO SINDACALE SULLE OPERAZIONI DI MAGGIOR RILEVANZA E DI MINOR RILEVANZA NON ORDINARIE NON ESIGUE EFFETTUATE CON PARTI CORRELATE PRODOTTE NEL CORSO DEL TRIMESTRE  ', '2020-03-11 17:34:30', NULL, '2020-03-11 17:34:30'),
	(29, 'INCONTRO DEL COLLEGIO SINDACALE DELLA CAPOGRUPPO BNL CON I COLLEGI SINDACALI DELLE SOCIETA\' DEL GRUPPO E LE SOCIETA\' IFITALIA E FINDOMESTIC', '2020-03-11 17:34:30', NULL, '2020-03-11 17:34:30'),
	(30, 'INCONTRO CON SOCIETA\' DI REVISIONE, ANCHE ALLA PRESENZA DEL DIRIGENTE PREPOSTO, PER VALUTAZIONI DEL SISTEMA DI CONTROLLO AMMINISTRATIVO-CONTABILE E SCAMBIO DI INFORMAZIONI RITENUTE RILEVANTI PER L\'ESPLETAMENTO DELLE PROPRIE FUNZIONI, NEL RISPETTO DELLE SPECIFICHE RESPONSABILITA\' E DEI RISPETTIVI COMPITI', '2020-03-11 17:34:30', NULL, '2020-03-11 17:34:30'),
	(31, 'PIANO DI REVISIONE CONTENENTE LA PROGRAMMAZIONE DELLE ATTIVITÀ PER L\'ANNO IN CORSO', '2020-03-11 17:34:30', NULL, '2020-03-11 17:34:30'),
	(32, 'RELAZIONE ANNUALE SULLO STATO DEI FORNITORI E DEI SUB-FORNITORI E GESTIONE DEL CONTANTE', '2020-03-11 17:34:30', NULL, '2020-03-11 17:34:30'),
	(33, 'ESTERNALIZZAZIONE TRA BNL S.p.A. - B2C-ITALY E SOCIETA\' DEL GRUPPO BNPP PER LE ATTIVITA\' DI INTERNAL AUDIT DEL SISTEMA INTERNO DI RATING', '2020-03-11 17:34:30', NULL, '2020-03-11 17:34:30'),
	(34, 'GIUDIZIO DI REVISIONE INTERNA SULL\'IRB E FOLLOW UP DELLO STATO DI AVANZAMENTO DELLE AZIONI CORRETTIVE A FRONTE DELLE RACCOMANDAZIONI EMESSE DAI SUPERVISORS E/O DA B2C-ITALY<br>ARC (Annual Review Corporate)<br>', '2020-03-11 17:34:30', NULL, '2020-03-11 17:34:30'),
	(35, 'GIUDIZIO DI REVISIONE INTERNA SULL\'IRB E FOLLOW UP DELLO STATO DI AVANZAMENTO DELLE AZIONI CORRETTIVE A FRONTE DELLE RACCOMANDAZIONI EMESSE DAI SUPERVISORS E/O DA B2C-ITALY<br>ARR (Annual Review Retail)<br>', '2020-03-11 17:34:30', NULL, '2020-03-11 17:34:30'),
	(36, 'RAPPORTO SINTETICO ADEGUATEZZA E COSTI ICT', '2020-03-11 17:34:30', NULL, '2020-03-11 17:34:30'),
	(37, 'RISULTANZE DEI CONTROLLI DI TIPO PSF IN AMBITO SICUREZZA INFORMATICA', '2020-03-11 17:34:30', NULL, '2020-03-11 17:34:30'),
	(38, 'POLITICA PER LA SICUREZZA INFORMATICA', '2020-03-11 17:34:30', NULL, '2020-03-11 17:34:30'),
	(39, 'RAPPORTO SINTETICO SULLO STATO DEL RISCHIO INFORMATICO BNL', '2020-03-11 17:34:30', NULL, '2020-03-11 17:34:30'),
	(40, 'METODOLOGIA DI GESTIONE DEL RISCHIO INFORMATICO', '2020-03-11 17:34:30', NULL, '2020-03-11 17:34:30'),
	(41, 'AGGIORNAMENTI SULLE ATTIVITA\': <br>-  MiFID<br>-  TRASPARENZA<br>-  RECLAMI, <br>-  USURA, <br>-  NEGATIVE NEWS<br>-  STATO DELL\'ARTE RELATIVO AD AZIONI DI MIGLIORAMENTO INTRAPRESE A SEGUITO DI VERIFICHE ISPETTIVE E COMUNICAZIONI DA PARTE DEI REGULATORS SU TEMI COMPLIANCE', '2020-03-11 17:34:30', NULL, '2020-03-11 17:34:30'),
	(42, 'POLICY RIGUARDANTI MATERIE DI COMPETENZA', '2020-03-11 17:34:30', NULL, '2020-03-11 17:34:30'),
	(43, 'VARIAZIONI ASSETTO ORGANIZZATIVO, MODELLO OPERATIVO E RUOLI DI RESPONSABILITA\' DELLA DIREZIONE COMPLIANCE', '2020-03-11 17:34:30', NULL, '2020-03-11 17:34:30'),
	(44, 'INFORMATIVA SULL\'ANDAMENTO DEI CONTROLLI SULLA TEMATICA MIFID II', '2020-03-11 17:34:30', NULL, '2020-03-11 17:34:30'),
	(45, 'RELAZIONE  SULLE ATTIVITÀ SVOLTE DALLA DIREZIONE COMPLIANCE  IN MATERIA DI CONFORMITÀ <br>(Semestralmente contiene anche info su Gruppo Bancario BNL)', '2020-03-11 17:34:30', NULL, '2020-03-11 17:34:30'),
	(46, 'RELAZIONE TRIMESTRALE IN MATERIA ANTIRICICLAGGIO E ANTITERRORISMO: <br>', '2020-03-11 17:34:30', NULL, '2020-03-11 17:34:30'),
	(47, 'INFORMATIVA ALLERTA ETICO<br>(Attività svolta sul corretto funzionamento dei sistemi interni di segnalazione) ', '2020-03-11 17:34:30', NULL, '2020-03-11 17:34:30'),
	(48, 'INFORMATIVA ALLERTA ETICO<br>', '2020-03-11 17:34:30', NULL, '2020-03-11 17:34:30'),
	(49, '“BNL NPL Strategy - evoluzione e aggiornamento della strategia di gestione dei crediti deteriorati della Banca e relativi KPI”', '2020-03-11 17:34:30', NULL, '2020-03-11 17:34:30'),
	(50, 'RISULTATI ECONOMICI E PATRIMONIALI DI BNL BANCA COMMERCIALE, BNL S.p.A. E DEL GRUPPO BNL', '2020-03-11 17:34:30', NULL, '2020-03-11 17:34:30'),
	(51, 'INFORMATIVA SUI REQUISITI PRUDENZIALI DEL GRUPPO BNL CON RIFERIMENTO ALLE SEGNALAZIONI AL (31 MARZO, 30 GIUGNO , 30 SETTEMBRE, 31 DICEMBRE   TRASMESSE ALLA BANCA D’ITALIA', '2020-03-11 17:34:30', NULL, '2020-03-11 17:34:30'),
	(52, 'APPROVAZIONE DELL\'INFORMATIVA AL PUBBLICO PILLAR 3 ', '2020-03-11 17:34:30', NULL, '2020-03-11 17:34:30'),
	(53, 'RESOCONTO DEL DIRIGENTE PREPOSTO IN MERITO ALLE ATTIVITA\' SVOLTE', '2020-03-11 17:34:30', NULL, '2020-03-11 17:34:30'),
	(54, 'TERZO PILASTRO DI BASILEA 3 – INFORMATIVA AL PUBBLICO AI SENSI DEL REGOLAMENTO (UE) N. 575/2013', '2020-03-11 17:34:30', NULL, '2020-03-11 17:34:30'),
	(55, 'INFORMATIVA AL CONSIGLIO DI AMMINISTRAZIONE RELATIVA ALLE OPERAZIONI CON SOGGETTI COLLEGATI DELIBERATE NELL’ESERCIZIO PRECEDENTE', '2020-03-11 17:34:30', NULL, '2020-03-11 17:34:30'),
	(56, 'BNL BANCA COMMERCIALE E GRUPPO BNL: BUDGET ', '2020-03-11 17:34:30', NULL, '2020-03-11 17:34:30'),
	(57, 'POLICY RIGUARDANTI MATERIE DI COMPETENZA', '2020-03-11 17:34:30', NULL, '2020-03-11 17:34:30'),
	(58, 'INCIDENTI CON I REGULATORS', '2020-03-11 17:34:30', NULL, '2020-03-11 17:34:30'),
	(59, 'REPORT EVENTI CON I REGULATORS', '2020-03-11 17:34:30', NULL, '2020-03-11 17:34:30'),
	(60, 'PROGRAMMA DI COVERED BOND: RELAZIONE ANNUALE DELL\'ASSET MONITOR', '2020-03-11 17:34:30', NULL, '2020-03-11 17:34:30'),
	(61, 'PIANO DI CONSERVAZIONE DEL CAPITALE', '2020-03-11 17:34:30', NULL, '2020-03-11 17:34:30'),
	(62, 'POLICY ""GOVERNO E GESTIONE DEL RISCHIO DI LIQUIDITA\' ” e LIQUIDITY CONTINGENCY PLAN ', '2020-03-11 17:34:30', NULL, '2020-03-11 17:34:30'),
	(63, 'Informativa sui rapporti con Parti Correlate (IAS 24)', '2020-03-11 17:34:30', NULL, '2020-03-11 17:34:30'),
	(64, 'Informativa trimestrale aggregata relativa alle operazioni di minore rilevanza non ordinarie esigue  con soggetti collegati   sulle loro principali caratteristichee e  rispetto dei limiti prudenziali con riferimento alla totalità dei soggetti collegati', '2020-03-11 17:34:30', NULL, '2020-03-11 17:34:30'),
	(65, 'INFORMATIVA CAUSE PASSIVE PROCEDIMENTI PENALI E  PROCEDIMENTI SANZIONATORI LEGAL RISKS ', '2020-03-11 17:34:30', NULL, '2020-03-11 17:34:30'),
	(66, '-Reportistica sull\'andamento delle vertenze e dei procedimenti <br>- Aggiornamento sull\'evoluzione della legislazione e della giurisprudenza ', '2020-03-11 17:34:30', NULL, '2020-03-11 17:34:30'),
	(67, 'MONITORAGGIO SVILUPPI PROCEDIMENTI PENALI ESPONENTI AZIENDALI INDICATI DA BCE (REQUISITI 23 MAGGIO 2018) ', '2020-03-11 17:34:30', NULL, '2020-03-11 17:34:30'),
	(68, '', '2020-03-11 17:34:30', NULL, '2020-03-11 17:34:30'),
	(69, 'Nomina Consiglieri di Amministrazione', '2020-03-11 17:34:30', NULL, '2020-03-11 17:34:30'),
	(70, 'Nomina Consiglieri di Amministrazione/Presidente ', '2020-03-11 17:34:30', NULL, '2020-03-11 17:34:30'),
	(71, 'AUTOVALUTAZIONE DEL CONSIGLIO DI AMMINISTRAZIONE<br>(valutazione complessiva dei requisiti di idoneità degli Amministratori)', '2020-03-11 17:34:30', NULL, '2020-03-11 17:34:30'),
	(72, 'AUTOVALUTAZIONE DEL CONSIGLIO DI AMMINISTRAZIONE<br>(valutazione complessiva dei requisiti di idoneità degli Amministratori)<br> (IN OCCASIONE DEL RINNOVO DELL\'ORGANO)', '2020-03-11 17:34:30', NULL, '2020-03-11 17:34:30'),
	(73, 'MONITORAGGIO TIME COMMITMENT ABETE ', '2020-03-11 17:34:30', NULL, '2020-03-11 17:34:30'),
	(74, 'MONITORAGGIO TIME COMMITMENT ABETE ', '2020-03-11 17:34:30', NULL, '2020-03-11 17:34:30'),
	(75, 'MONITORAGGIO TIME COMMITMENT COLLEGIO SINDACALE', '2020-03-11 17:34:30', NULL, '2020-03-11 17:34:30'),
	(76, 'MONITORAGGIO TIME COMMITMENT COLLEGIO SINDACALE', '2020-03-11 17:34:30', NULL, '2020-03-11 17:34:30'),
	(77, 'AGGIORNAMENTO COMITATI INTERFUNZIONALI', '2020-03-11 17:34:30', NULL, '2020-03-11 17:34:30'),
	(78, 'AGGIORNAMENTO SISTEMA DEI CONTROLLI INTERNI E RELATIVA POLICY', '2020-03-11 17:34:30', NULL, '2020-03-11 17:34:30'),
	(79, 'INFORMATIVA SU VARIAZIONI ASSETTO ORGANIZZATIVO DIREZIONE CENTRALE', '2020-03-11 17:34:30', NULL, '2020-03-11 17:34:30'),
	(80, 'VARIAZIONI ASSETTO ORGANIZZATIVO GENERALE', '2020-03-11 17:34:30', NULL, '2020-03-11 17:34:30'),
	(81, 'AGGIORNAMENTI IN MATERIA DI POTERI DI FIRMA E RAPPRESENTANZA', '2020-03-11 17:34:30', NULL, '2020-03-11 17:34:30'),
	(82, 'POTERI DELEGATI DALL\'AMMINISTRATORE DELEGATO', '2020-03-11 17:34:30', NULL, '2020-03-11 17:34:30'),
	(83, 'Aggiornamento su sanzione Consob ', '2020-03-11 17:34:30', NULL, '2020-03-11 17:34:30'),
	(84, ' FRODI: RELAZIONE ACCERTATIVA ', '2020-03-11 17:34:30', NULL, '2020-03-11 17:34:30'),
	(85, 'ANALISI DEI GIUDIZI DI REVOCATORIA FALLIMENTARE CON PETITUM SUPERIORE A 1 MILIONE DI EURO', '2020-03-11 17:34:30', NULL, '2020-03-11 17:34:30'),
	(86, 'Decisione BCE sulla IMI (Internal Model Investigation) per il model change Mid Corporate: aggiornamento sul  piano delle azioni correttive', '2020-03-11 17:34:30', NULL, '2020-03-11 17:34:30'),
	(87, 'Decisione BCE sulla IMI (Internal Model Investigation) per il model change Mid Corporate: informativa sullo stato di avanzamento del piano delle azioni correttive<br>', '2020-03-11 17:34:30', NULL, '2020-03-11 17:34:30'),
	(88, 'EVIDENZE DEL PROCESSO DI CONVALIDA ""DI PRIMO IMPIANTO"" O PER LE MODIFICHE DI SISTEMI DI RATING INTERNI ESISTENTI', '2020-03-11 17:34:30', NULL, '2020-03-11 17:34:30'),
	(89, 'INFORMATIVA SUL MONITORAGGIO DEL TRACCIAMENTO DELLE OPERAZIONI BANCARIE EX PROVVEDIMENTO DEL GARANTE PRIVACY 192/2011', '2020-03-11 17:34:30', NULL, '2020-03-11 17:34:30'),
	(90, 'INFORMATIVA SULLE FRODI RILEVATE, SULLE SANZIONI ADOTTATE E SULLE MISURE CORRETTIVE INDIVIDUATE/REALIZZATE', '2020-03-11 17:34:30', NULL, '2020-03-11 17:34:30'),
	(91, 'MONITORAGGIO POTENZIALI CONFLITTI DI INTERESSE DEGLI ESPONENTI AZIENDALI (altre esposizioni diverse da NPL)', '2020-03-11 17:34:30', NULL, '2020-03-11 17:34:30'),
	(92, 'MONITORAGGIO POTENZIALI CONFLITTI DI INTERESSE DEGLI ESPONENTI AZIENDALI (altre esposizioni diverse da NPL)<br>PER MUTAMENTI SIGNIFICATIVI', '2020-03-11 17:34:30', NULL, '2020-03-11 17:34:30'),
	(93, 'MONITORAGGIO POTENZIALI CONFLITTI DI INTERESSE DEGLI ESPONENTI AZIENDALI (ESPOSIZIONE NPL)', '2020-03-11 17:34:30', NULL, '2020-03-11 17:34:30'),
	(94, 'MONITORAGGIO POTENZIALI CONFLITTI DI INTERESSE DEGLI ESPONENTI AZIENDALI (ESPOSIZIONE NPL)', '2020-03-11 17:34:30', NULL, '2020-03-11 17:34:30'),
	(95, 'RAF: AZIONI CORRETTIVE PROPOSTE PER SUPERAMENTO DI LIMITI', '2020-03-11 17:34:30', NULL, '2020-03-11 17:34:30'),
	(96, 'RAF: RISULTANZE DELL\'ATTIVITA\' DI MONITORAGGIO DELLE METRICHE E DELLE LORO SOGLIE ASSOCIATE', '2020-03-11 17:34:30', NULL, '2020-03-11 17:34:30'),
	(97, 'RELAZIONE SULLE VALUTAZIONI DI BNL SUL RATING ECAI UTILIZZATI PER IL CALCOLO DEL REQUISITO PATRIMONIALE IN REGIME STANDARD (Valutazione del merito del credito)', '2020-03-11 17:34:30', NULL, '2020-03-11 17:34:30'),
	(98, 'REPORT RISCHI OPERATIVI <br>(comprensivo di ""Focus Cause Passive""  e ""Report sulle Raccomandazioni scadute"")', '2020-03-11 17:34:30', NULL, '2020-03-11 17:34:30'),
	(99, 'VARIAZIONI ASSETTO ORGANIZZATIVO, MODELLO OPERATIVO E RUOLI DI RESPONSABILITA\' DELLA DIREZIONE RISCHI', '2020-03-11 17:34:30', NULL, '2020-03-11 17:34:30'),
	(100, '- RELAZIONE INTEGRATA SUI RISCHI (DI CREDITO, DI CONTROPARTE, DI MERCATO, DI LIQUIDITA\' (ALM) E OPERATIVI) <br>- MONITORAGGIO ANDAMENTALE DEL MODELLO INTERNO SU RISCHIO DI MERCATO', '2020-03-11 17:34:30', NULL, '2020-03-11 17:34:30'),
	(101, 'Controlli sui processi di Override e Misure di Rischio Judgmental', '2020-03-11 17:34:30', NULL, '2020-03-11 17:34:30'),
	(102, 'Evidenze del processo di monitoraggio infra-annuale sui modelli di rating IRBA per il calcolo dei requisiti patrimoniali', '2020-03-11 17:34:30', NULL, '2020-03-11 17:34:30'),
	(103, 'Evidenze del processo di validazione annuale sui modelli di rating IRBA per il calcolo dei requisiti patrimoniali', '2020-03-11 17:34:30', NULL, '2020-03-11 17:34:30'),
	(104, 'Informativa circa l\'esito dei controllo di 2° livello in materia di esternalizzazioni<br>*Richiesto dall\'IG-Hi nell\'ambito dell\'Audit IG001249 ""BNL S.p.A. - Outsourcing management"" attraverso specifica Reco ""R102619 / Define second level controls on operational risk related to outsourcing<br>management process in BNL and the information flows toward BNL’s Corporate Bodies""  ', '2020-03-11 17:34:30', NULL, '2020-03-11 17:34:30'),
	(105, 'INFORMATIVA PERIODICA SULLE RISSULTANZE DEI CONTROLLI PSF RILEVANTI 231/2001', '2020-03-11 17:34:30', NULL, '2020-03-11 17:34:30'),
	(106, 'REPORTING GESTIONE RECLAMI Reporting circa la gestione dei reclami, con dettaglio dell\'avanzamento e della ""risposta"" / punti di attenzione.', '2020-03-11 17:34:30', NULL, '2020-03-11 17:34:30'),
	(107, 'Relazione sulle modalità di svolgimento dei servizi e delle attività d\'investimento e dei servizi accessori e delle attività di distribuzione di prodotti finanziari emessi dalle Banche.', '2020-03-11 17:34:30', NULL, '2020-03-11 17:34:30'),
	(108, 'ESITI DELLE MISSIONI DI AUDIT DI BNL', '2020-03-11 17:34:30', NULL, '2020-03-11 17:34:30'),
	(109, 'REPORT SUGLI ESITI DELL\'ATTIVITA\' DI VERIFICA CONDOTTA  DALL\'IGHI NEL PERIODO DI RIFERIMENTO OSSIA SINTESI DELLE ATTIVITA\' DI REVISIONE INTERNA SVOLTE NEL CORSO DEL QUADRIMESTRE PRECEDENTE', '2020-03-11 17:34:30', NULL, '2020-03-11 17:34:30'),
	(110, 'VARIAZIONI ASSETTO ORGANIZZATIVO, MODELLO OPERATIVO E RUOLI DI RESPONSABILITA\' DELL\'IGHI', '2020-03-11 17:34:30', NULL, '2020-03-11 17:34:30'),
	(111, 'INFORMATIVA SU CONTRATTI DI OUTSOURCING<br>(a seguito dell\'Accordo quadro tra BNL SpA e Società le Gruppo BNPP e del Gruppo BNL operanti sull\'intero territorio italiano per l\'attività di revisione interna da parte dell\'Ighi)', '2020-03-11 17:34:30', NULL, '2020-03-11 17:34:30'),
	(112, 'INFORMATIVA SULLE OPERAZIONI DI MAGGIORE RILEVANZA NEI CONFRONTI DI PARTI CORRELATE E SOGGETTI CONNESSI', '2020-03-11 17:34:30', NULL, '2020-03-11 17:34:30'),
	(113, 'INFORMATIVA SULLE OPERAZIONI DI MINOR RILEVANZA NON ORDINARIE NON ESIGUE NEI CONFRONTI DI PARTI CORRELATE E SOGGETTI CONNESSI', '2020-03-11 17:34:30', NULL, '2020-03-11 17:34:30'),
	(114, 'INFORMATIVA SULLE OPERAZIONI NEI CONFRONTI DI PARTI CORRELATE E DI SOGGETTI CONNESSI PER I CASI PREVISTI IN MATERIA DI ATTIVITA\' DI RISCHIO E CONFLITTI DI INTERESSE IVI COMPRESO CREDITI NON PERFORMING E I PASSAGGI DI STATUS, GLI ACCORDI TRANSATTIVI GIUDIZIALI O EXTRA-GIUDIZIALI ED OPERAZIONI CHE DIANO LUOGO A PERDITE DELIBERATE IN DIFFORMITA\' DEL PARERE DEL CCIR-AI/CS<br> ', '2020-03-11 17:34:30', NULL, '2020-03-11 17:34:30'),
	(115, 'INFORMATIVA SULLE OPERAZIONI NEI CONFRONTI DI PARTI CORRELATE E DI SOGGETTI CONNESSI PER I CASI PREVISTI IN MATERIA DI VENDITA DI PRODOTTI DI RACCOLTA E RISPARMIO E DEI SERVIZI SU C/C DELIBERATE IN DIFFORMITA\' DEL PARERE DEL CCIR<br>(equiparate alle operazioni di minore rilevanza non ordinarie)', '2020-03-11 17:34:30', NULL, '2020-03-11 17:34:30'),
	(116, 'INFORMATIVA SULLE OPERAZIONI DI MAGGIOR RILEVANZA (acquisti con importo per la durata del contratto maggiori o uguali al 5% del patrimonio di vigilanza) RIENTRANTI NEL CICLO PASSIVO DELLA BANCA (FORNITURE DI BENI MOBILI E SERVIZI/ACQUISTO E LOCAZIONE PASSIVA DI IMMOBILI AD USO STRUMENTALE E CONSULENZE DI SERVIZI) NEI CONFRONTI DI PARTI CORRELATE E DI SOGGETTI CONNESSI  DELIBERATE IN DIFFORMITA\' DEL PARERE DEL CCIR-AI/CS', '2020-03-11 17:34:30', NULL, '2020-03-11 17:34:30'),
	(117, 'INFORMATIVA SULLE OPERAZIONI DI MAGGIOR RILEVANZA (acquisti con importo per la durata del contratto maggiori o uguali al 5% del patrimonio di vigilanza) RIENTRANTI NEL CICLO ATTIVO DELLA BANCA (VENDITA E LOCAZIONE ATTIVE DI IMMOBILI/ACCORDI DI PROMOZIONE E COLLOCAMENTO PRODOTTI/SPONSORIZZAZIONI, CONTRIBUTI E LIBERALITA\') NEI CONFRONTI DI PARTI CORRELATE E DI SOGGETTI CONNESSI  DELIBERATE IN DIFFORMITA\' DEL PARERE DEL CCIR-AI/CS', '2020-03-11 17:34:30', NULL, '2020-03-11 17:34:30'),
	(118, 'Aggiornamento su stato di implementazione piano Trasparenza', '2020-03-11 17:34:30', NULL, '2020-03-11 17:34:30'),
	(119, 'NOMINA AMMINISTRATORE DELEGATO/DIRETTORE GENERALE E RELATIVO TRATTAMENTO RETRIBUTIVO', '2020-03-11 17:34:30', NULL, '2020-03-11 17:34:30'),
	(120, 'ADOZIONE E/O AGGIORNAMENTO DI NUOVI MODELLI DI RATING INTERNO', '2020-03-11 17:34:30', NULL, '2020-03-11 17:34:30'),
	(121, 'COMPENSO AGGIUNTIVO SU BASE ANNUA SPETTANTE ALL\'AMMINISTRATORE DELEGATO E AI CONSIGLIERI INVESTITI DI PARTICOLARI INCARICHI', '2020-03-11 17:34:30', NULL, '2020-03-11 17:34:30'),
	(122, 'PROPOSTA DI NOMINA PER I RESPONSABILI DELLE FUNZIONI DI CONTROLLO ', '2020-03-11 17:34:30', NULL, '2020-03-11 17:34:30'),
	(123, 'PROPOSTA DI REVOCA PER I RESPONSABILI DELLE FUNZIONI DI CONTROLLO ', '2020-03-11 17:34:30', NULL, '2020-03-11 17:34:30'),
	(124, 'NOMINA DEL PRESIDENTE, VICE PRESIDENTE E SEGRETARIO DEL CONSIGLIO DI AMMINISTRAZIONE', '2020-03-11 17:34:30', NULL, '2020-03-11 17:34:30'),
	(125, 'NOMINA DEL PRESIDENTE, VICE PRESIDENTE E SEGRETARIO DEL CONSIGLIO DI AMMINISTRAZIONE', '2020-03-11 17:34:30', NULL, '2020-03-11 17:34:30'),
	(126, 'REVOCA DEL DIRIGENTE PREPOSTO ALLA REDAZIONE DEI DOCUMENTI CONTABILI SOCIETARI <br>', '2020-03-11 17:34:30', NULL, '2020-03-11 17:34:30'),
	(127, 'PROPOSTA DI NOMINA DEL DIRIGENTE PREPOSTO ALLA REDAZIONE DEI DOCUMENTI CONTABILI SOCIETARI', '2020-03-11 17:34:30', NULL, '2020-03-11 17:34:30'),
	(128, 'RELAZIONE SU COMPENSATION BNL RIGUARDO:<br>- CRITERI MRT<br>- ART. 2389 c.c (AD) COMPENSO AGGIUNTIVO SU BASE ANNUA SPETTANTE ALL\'AMMINISTRATORE DELEGATO<br>- TRATTAMENTO RETRIBUTIVO VICE DIRETTORI GENERALI<br>- TRATTAMENTO RETRIBUTIVO FUNZIONI AZIENDALI DI CONTROLLO<br>- TRATTAMENTO RETRIBUTIVO DIRIGNTE PREPOSTO', '2020-03-11 17:34:30', NULL, '2020-03-11 17:34:30'),
	(129, 'CONGRUITA\' DEL VALORE DI LIQUIDAZIONE E DI VENDITA DELLE AZIONI', '2020-03-11 17:34:30', NULL, '2020-03-11 17:34:30'),
	(130, 'CONGRUITA\' DEL PREZZO DI EMISSIONE AZIONI IN CASO DI AUMENTO DI CAPITALE', '2020-03-11 17:34:30', NULL, '2020-03-11 17:34:30'),
	(131, 'RESOCONTO DELLE ATTIVITA\' SVOLTE IN TEMA DI BUSINESS CONTINUITY IN BNL', '2020-03-11 17:34:30', NULL, '2020-03-11 17:34:30'),
	(132, 'RELAZIONE ANNUALE IN MATERIA ANTIRICICLAGGIO E ANTITERRORISMO: <br>', '2020-03-11 17:34:30', NULL, '2020-03-11 17:34:30'),
	(133, 'COVERED BONDS: decisioni connesse alla partecipazione a programmi di Obbligazioni Bancarie Garantite (titoli obbligazionari strutturati)  <br>PARERI:                                                                                                             1) SULLA DEFINIZIONE DELLE PROCEDURE DI CONTROLLO E SUL PROGRAMMA DI OBG (Obbligazioni Bancarie Garantite);                                                                                                  2) SULLA CONFORMITA\' DELLE SINGOLE OPERAZIONI O DELLE ATTIVITA\' DESCRITTE NEL PROGRAMMA.     ', '2020-03-11 17:34:30', NULL, '2020-03-11 17:34:30'),
	(134, 'PROCESSO DI ESTERNALIZZAZIONE DELLE ATTIVITA\' DI TRATTAMENTO DEL CONTANTE', '2020-03-11 17:34:30', NULL, '2020-03-11 17:34:30'),
	(135, 'RELAZIONE SULL\'UTILIZZO DEL METODO AVANZATO (AMA) AI FINI DELLA DETERMINAZIONE DEL REQUISITO PATRIMONIALE PER I RISCHI OPERATIVI ', '2020-03-11 17:34:30', NULL, '2020-03-11 17:34:30'),
	(136, 'VERIFICA DEL RISPETTO DEI REQUISITI NORMATIVI PER GLI ASPETTI INERENTI I SISTEMI INTERNI DI RATING UTILIZZATI PER IL CALCOLO DEL REQUISITO PATRIMONIALE', '2020-03-11 17:34:30', NULL, '2020-03-11 17:34:30'),
	(137, 'PIANO DI RIENTRO IN CASO DI SUPERAMENTO DI UN LIMITE (INDIVIDUALE O CONSOLIDATO) DELLE ATTIVITA\' DI RISCHIO NEI CONFRONTI DI UN SOGGETTO COLLEGATO', '2020-03-11 17:34:30', NULL, '2020-03-11 17:34:30'),
	(138, 'OPERAZIONI DI MAGGIORE RILEVANZA NEI CONFRONTI DI PARTI CORRELATE E SOGGETTI CONNESSI', '2020-03-11 17:34:30', NULL, '2020-03-11 17:34:30'),
	(139, 'OPERAZIONI DI MAGGIOR RILEVANZA (acquisti con importo per la durata del contratto maggiori o uguali al 5% del patrimonio di vigilanza) RIENTRANTI NEL CICLO PASSIVO DELLA BANCA (FORNITURE DI BENI MOBILI E SERVIZI/ACQUISTO E LOCAZIONE PASSIVA DI IMMOBILI AD USO STRUMENTALE E CONSULENZE DI SERVIZI) NEI CONFRONTI DI PARTI CORRELATE E DI SOGGETTI CONNESSI ', '2020-03-11 17:34:30', NULL, '2020-03-11 17:34:30'),
	(140, 'OPERAZIONI DI MAGGIOR RILEVANZA (acquisti con importo per la durata del contratto maggiori o uguali al 5% del patrimonio di vigilanza) RIENTRANTI NEL CICLO ATTIVO DELLA BANCA (VENDITA E LOCAZIONE ATTIVE DI IMMOBILI/ACCORDI DI PROMOZIONE E COLLOCAMENTO PRODOTTI/SPONSORIZZAZIONI, CONTRIBUTI E LIBERALITA\') NEI CONFRONTI DI PARTI CORRELATE E DI SOGGETTI CONNESSI ', '2020-03-11 17:34:30', NULL, '2020-03-11 17:34:30'),
	(141, 'ACCORDO QUADRO TRA BNL SpA E SOCIETA\' DEL GRUPPO BNP PARIBAS S.A. E DEL GRUPPO BNL S.p.A. OPERANTI SULL\'INTERO TERRITORIO ITALIANO PER L\'ATTIVITA\' DI REVISIONE INTERNA DA PARTE DELL\'IGHI', '2020-03-11 17:34:30', NULL, '2020-03-11 17:34:30'),
	(142, 'RELAZIONE RELATIVA AI CONTROLLI SVOLTI SULLE FUNZIONI OPERATIVE IMPORTANTI O DI CONTROLLO ESTERNALIZZATE DI BNL', '2020-03-11 17:34:30', NULL, '2020-03-11 17:34:30'),
	(143, 'CONFERIMENTO E REVOCA DELL\'INCARICO DI REVISIONE LEGALE DEI CONTI<br>', '2020-03-11 17:34:30', NULL, '2020-03-11 17:34:30'),
	(144, 'COOPTAZIONE CONSIGLIERE DI AMMINISTRAZIONE', '2020-03-11 17:34:30', NULL, '2020-03-11 17:34:30'),
	(145, 'RELAZIONE SULLE POLITICHE DI REMUNERAZIONE DEL GRUPPO BNL-BNP PARIBAS ', '2020-03-11 17:34:30', NULL, '2020-03-11 17:34:30'),
	(146, 'INFORMATIVA TEMPESTIVA SU OGNI VIOLAZIONE O CARENZA RILEVANTE RISCONTRATA NEL SISTEMA DEI CONTROLLI INTERNI', '2020-03-11 17:34:30', NULL, '2020-03-11 17:34:30'),
	(147, 'CESSIONE IN BLOCCO DI IMMOBILI AD USO PREVALENTEMENTE FUNZIONALE', '2020-03-11 17:34:30', NULL, '2020-03-11 17:34:30'),
	(148, 'AGGIORNAMENTO POLICY GESTIONE DEI RAPPORTI CON PARTI CORRELATE E SOGGETTI CONNESSI ', '2020-03-11 17:34:30', NULL, '2020-03-11 17:34:30'),
	(149, 'PROGETTO DI GOVERNO SOCIETARIO ED EVENTUALI INTEGRAZIONI AL PROGETTO', '2020-03-11 17:34:30', NULL, '2020-03-11 17:34:30'),
	(150, 'RELAZIONE DELLA FUNZIONE DI REVISIONE INTERNA SULLE MODALITA\' DI SVOLGIMENTO DEI SERVIZI IN MATERIA DI PRESTAZIONE DI SERVIZI E ATTIVITÀ DI INVESTIMENTO E SERVIZI ACCESSORI', '2020-03-11 17:34:30', NULL, '2020-03-11 17:34:30'),
	(151, 'INFORMATIVA TEMPESTIVA SU OGNI VIOLAZIONE O CARENZA RILEVANTE RISCONTRATA NEL SISTEMA DEI CONTROLLI INTERNI', '2020-03-11 17:34:30', NULL, '2020-03-11 17:34:30'),
	(152, 'COMUNICAZIONE, AI SENSI DELL\'ART. 52 COMMA 2 DEL D.LGS. 231/2007, SENZA RITARDO DELLE INFRAZIONI ALLE DISPOSIZIONI DI CUI ALL\'ART. 41 DEL MEDESIMO DECRETO DI CUI HANNO NOTIZIA (OBBLIGHI DI SEGNALAZIONE)', '2020-03-11 17:34:30', NULL, '2020-03-11 17:34:30'),
	(153, 'COMUNICAZIONE NEI CASI DI DELIBERAZIONI  IN VIA  DI URGENZA RIGUARDANTI OPERAZIONI DI MINORE RILEVANZA NON ORDINARIE NON ESIGUE E/O OPERAZIONI DI MAGGIORE RILEVANZA NEI CONFRONTI DI PARTI CORRELATE E SOGGETTI CONNESSI PER I CASI PREVISTI IN MATERIA DI ATTIVITA’ DI RISCHIO E CONFLITTI DI INTERESSE QUALORA NON SIANO STATI RITENUTI RISPETTATI I REQUISITI DI URGENZA ', '2020-03-11 17:34:30', NULL, '2020-03-11 17:34:30'),
	(154, 'COMUNICAZIONE, AI SENSI DELL\'ART. 52 COMMA 2 DEL D.LGS. 231/2007, ENTRO 30 GIORNI AL MINISTERO DELL\'ECONOMIA E DELLE FINANZE DELLE INFRAZIONI ALLE DISPOSIZIONI DI CUI ALL\'ART. 49, COMMI 1, 5, 6, 7, 12, 13 E 14 E ALL\'ART. 50 DEL MEDESIMO DECRETO DI CUI HANNO NOTIZIA (LIMITAZIONI ALL\'USO DEL CONTANTE E DEI TITOLI AL PORTATORE)', '2020-03-11 17:34:30', NULL, '2020-03-11 17:34:30'),
	(155, 'COMUNICAZIONE, AI SENSI DELL\'ART. 52 COMMA 2 DEL D.LGS. 231/2007, ENTRO 30 GIORNI ALL\'AUTORITA\' DI VIGILANZA DI SETTORE DELLE INFRAZIONI ALLE DISPOSIZIONI CONTENUTE NELL\'ART. 36 DEL MEDESIMO DECRETO DI CUI HANNO NOTIZIA (OBBLIGHI DI REGISTRAZIONE)', '2020-03-11 17:34:30', NULL, '2020-03-11 17:34:30'),
	(156, 'COMUNICAZIONE, AI SENSI DELL\'ART. 52 COMMA 2 DEL D.LGS. 231/2007, SENZA RITARDO, ALLE AUTORITA\' DI VIGILANZA DI SETTORE DI TUTTI GLI ATTI O I FATTI DI CUI VENGONO A CONOSCENZA NELL\'ESERCIZIO DEI PROPRI COMPITI, CHE POSSANO COSTITUIRE UNA VIOLAZIONE DELLE DISPOSIZIONI EMANATE AI SENSI DELL\'ART. 7 COMMA 2 DEL MEDESIMO DECRETO (OBBLIGHI DI ADEGUATA VERIFICA DELLA CLIENTELA)', '2020-03-11 17:34:30', NULL, '2020-03-11 17:34:30'),
	(157, 'MONITORING COMMITTEE CONTROL<br>(flussi non presentati in riunione ma messi a disposizione sulla piattaforma)', '2020-03-11 17:34:30', NULL, '2020-03-11 17:34:30'),
	(158, 'RELAZIONE SULL\'ATTIVITA\' SVOLTA ', '2020-03-11 17:34:30', NULL, '2020-03-11 17:34:30'),
	(159, 'RELAZIONE AL BILANCIO D\'ESERCIZIO DI BNL ', '2020-03-11 17:34:30', NULL, '2020-03-11 17:34:30'),
	(160, 'AUTOVALUTAZIONE  DELL\'ORGANO CON FUNZIONE DI CONTROLLO<br>(valutazione complessiva dei requisiti di idoneità dei Sindaci)', '2020-03-11 17:34:30', NULL, '2020-03-11 17:34:30'),
	(161, 'AUTOVALUTAZIONE  DELL\'ORGANO CON FUNZIONE DI CONTROLLO<br>(valutazione complessiva dei requisiti di idoneità dei Sindaci)', '2020-03-11 17:34:30', NULL, '2020-03-11 17:34:30'),
	(162, 'COMUNICAZIONE ANTE DELIBERAZIONE PER I CASI DI URGENZA DI OPERAZIONI DI MINORE RILEVANZA NON ORDINARIE NON ESIGUE E/O OPERAZIONI DI MAGGIORE RILEVANZA NEI CONFRONTI DI PARTI CORRELATE E SOGGETTI CONNESSI PER I CASI PREVISTI IN MATERIA DI ATTIVITA’ DI RISCHIO E CONFLITTI DI INTERESSE PER LA VALUTAZIONE DELLA SUSSISTENZA DEI REQUISITI DI URGENZA', '2020-03-11 17:34:30', NULL, '2020-03-11 17:34:30'),
	(163, 'OPERAZIONI NEI CONFRONTI DI PARTI CORRELATE E DI SOGGETTI CONNESSI PER I CASI PREVISTI IN MATERIA DI ATTIVITA\' DI RISCHIO E CONFLITTI DI INTERESSE IVI COMPRESO CREDITI NON PERFORMING E I PASSAGGI DI STATUS, GLI ACCORDI TRANSATTIVI GIUDIZIALI O EXTRA-GIUDIZIALI ED OPERAZIONI CHE DIANO LUOGO A PERDITE<br>(sia nel caso in cui l\'operazione sia di maggiore rilevanza sia di minore rilevanza non ordinaria non esigua)', '2020-03-11 17:34:30', NULL, '2020-03-11 17:34:30'),
	(164, 'RELAZIONE SULL\'ATTUAZIONE DELLE POLITICHE DI REMUNERAZIONE DEL GRUPPO BNL-BNP PARIBAS', '2020-03-11 17:34:30', NULL, '2020-03-11 17:34:30'),
	(165, 'REPORT ANNUALE SU POLITICHE DI REMUNERAZIONE', '2020-03-11 17:34:30', NULL, '2020-03-11 17:34:30'),
	(166, 'COMPENSO ANNUO FISSO E COMPENSO ANNUO AGGIUNTIVO PER I CONSIGLIERI DI AMMINISTRAZIONE E COMPENSO ANNUO FISSO PER I COMPONENTI DEL COLLEGIO SINDACALE', '2020-03-11 17:34:30', NULL, '2020-03-11 17:34:30'),
	(167, 'Informativa Privacy - Designazioni ""Responsabile Esterno del trattamento"" di fornitori esterni con qualifica di ""Responsabile del trattamento dati"" ai sensi dell\'art. 28 del Regolamento General Data Protection Regulation 2016/679 (GDPR)', '2020-03-11 17:34:30', NULL, '2020-03-11 17:34:30'),
	(168, 'Contratti di sponsorizzazione', '2020-03-11 17:34:30', NULL, '2020-03-11 17:34:30'),
	(169, 'Visite ispettive/esito/azioni correttive - Banca d\'Italia', '2020-03-11 17:34:30', NULL, '2020-03-11 17:34:30'),
	(170, 'Segnalazioni inviate a / esiti ricevuti dalla Banca d’Italia circa Banconote/monete sospette di falsità', '2020-03-11 17:34:30', NULL, '2020-03-11 17:34:30'),
	(171, 'Casi accertati di falsità in banconote o monete', '2020-03-11 17:34:30', NULL, '2020-03-11 17:34:30'),
	(172, 'VERIFICA DEI REQUISITI INDIVIDUALI DI IDONEITA\' DEGLI AMMINISTRATORI E COMPONENTI COLLEGIO SINDACALE', '2020-03-11 17:34:30', NULL, '2020-03-11 17:34:30'),
	(173, 'VERIFICA DEI REQUISITI INDIVIDUALI DI IDONEITA\' DEGLI AMMINISTRATORI E COMPONENTI COLLEGIO SINDACALE', '2020-03-11 17:34:30', NULL, '2020-03-11 17:34:30'),
	(174, 'VERIFICA DEI REQUISITI INDIVIDUALI DI IDONEITA\' DEGLI AMMINISTRATORI E COMPONENTI COLLEGIO SINDACALE', '2020-03-11 17:34:30', NULL, '2020-03-11 17:34:30'),
	(175, 'VERIFICA DELLA COMPOSIZIONE POST ASSEMBLEARE DEL CONSIGLIO DI AMMINISTRAZIONE RISPETTO AI CRITERI DI OTTIMALE COMPOSIZIONE QUALI-QUANTITATIVA', '2020-03-11 17:34:30', NULL, '2020-03-11 17:34:30'),
	(176, 'INFORMATIVA SULLE OPERAZIONI DI MAGGIORE RILEVANZA  NEI CONFRONTI DI PARTI CORRELATE E SOGGETTI CONNESSI ', '2020-03-11 17:34:30', NULL, '2020-03-11 17:34:30'),
	(177, 'INFORMATIVA SULLE OPERAZIONI DI MAGGIORE RILEVANZA NEI CONFRONTI DI PARTI CORRELATE E DI SOGGETTI CONNESSI PER I CASI PREVISTI IN MATERIA DI ATTIVITA\' DI RISCHIO E CONFLITTI DI INTERESSE IVI COMPRESO CREIDITI NON PERFORMING E I PASSAGGI DI STATUS, GLI ACCORDI TRANSATTIVI GIUDIZIALI O EXTRA-GIUDIZIALI ED OPERAZIONI CHE DIANO LUOGO A PERDITE DELIBERATE IN DIFFORMITA\' DEL PARERE DEL CCIR-AI/CS', '2020-03-11 17:34:30', NULL, '2020-03-11 17:34:30'),
	(178, 'COSTITUZIONE COMITATO NOMINE, COMITATO REMUNERAZIONI, COMITATO PER IL CONTROLLO INTERNO E RISCHI/OdV DELIBERANDONE COMPOSIZIONE E ATTRIBUZIONI', '2020-03-11 17:34:30', NULL, '2020-03-11 17:34:30'),
	(179, 'RELAZIONE SULL\'ATTIVITA\' SVOLTA DAL COMITATO NOMINE', '2020-03-11 17:34:30', NULL, '2020-03-11 17:34:30'),
	(180, 'INCONTRO CON SOCIETA\' DI REVISIONE, ANCHE ALLA PRESENZA DEL DIRIGENTE PREPOSTO, PER VALUTAZIONI DEL SISTEMA DI CONTROLLO AMMINISTRATIVO-CONTABILE E SCAMBIO DI INFORMAZIONI RITENUTE RILEVANTI PER L\'ESPLETAMENTO DELLE PROPRIE FUNZIONI, NEL RISPETTO DELLE SPECIFICHE RESPONSABILITA\' E DEI RISPETTIVI COMPITI', '2020-03-11 17:34:30', NULL, '2020-03-11 17:34:30'),
	(181, 'DOCUMENTO DI INDIRIZZO STRATEGICO IT', '2020-03-11 17:34:30', NULL, '2020-03-11 17:34:30'),
	(182, 'PROCESSI DI GESTIONE DELL\'ICT ', '2020-03-11 17:34:30', NULL, '2020-03-11 17:34:30'),
	(183, 'PROCEDURA DI GESTIONE DEI CAMBIAMENTI', '2020-03-11 17:34:30', NULL, '2020-03-11 17:34:30'),
	(184, 'PROCEDURA DI GESTIONE DEGLI INCIDENTI', '2020-03-11 17:34:30', NULL, '2020-03-11 17:34:30'),
	(185, 'Acquisti beni/servizi superiori ai 10.000 (spese sensibili ex. D.Lgs. 231/2001)', '2020-03-11 17:34:30', NULL, '2020-03-11 17:34:30'),
	(186, 'Assegnazione di fornitura non conformemente alla normativa interna', '2020-03-11 17:34:30', NULL, '2020-03-11 17:34:30'),
	(187, 'Report con esito della dichiarazione di vicinanza ai soggetti apicali degli enti privatistici (ex art. 5 D.Lgs. 231/2001 ed art. 2635 I comma c.c)', '2020-03-11 17:34:30', NULL, '2020-03-11 17:34:30'),
	(188, 'Report delle risultanze dei test di sicurezza sulle risorse del sistema informatico aziendale', '2020-03-11 17:34:30', NULL, '2020-03-11 17:34:30'),
	(189, 'Informativa circa la presentazione della documentazione all’OFSS e le principali risultanze ', '2020-03-11 17:34:30', NULL, '2020-03-11 17:34:30'),
	(190, 'Informativa circa le visite ispettive delle Autorità di Vigilanza', '2020-03-11 17:34:30', NULL, '2020-03-11 17:34:30'),
	(191, 'REPORT SUGLI INCIDENTI DI SICUREZZA INFORMATICA  DI PARTICOLARE GRAVITA\' E SULLE AZIONI CORRETTIVE INTRAPRESE ', '2020-03-11 17:34:30', NULL, '2020-03-11 17:34:30'),
	(192, 'aggiornamento obiettivi e piano d\'azione in termini di sostenibilità', '2020-03-11 17:34:30', NULL, '2020-03-11 17:34:30'),
	(193, 'CONFRONTO TRA BNL bc E PRINCIPALI CONCORRENTI', '2020-03-11 17:34:30', NULL, '2020-03-11 17:34:30'),
	(194, 'CONTRIBUZIONE PER L’ANNO DI RIFERIMENTO AL FONDO DI RISOLUZIONE UNICO', '2020-03-11 17:34:30', NULL, '2020-03-11 17:34:30'),
	(195, 'STANDARD DI DATA GOVERNANCE ', '2020-03-11 17:34:30', NULL, '2020-03-11 17:34:30'),
	(196, 'Resoconto sulla coerenza dei prezzi e condizioni applicati alla clientela con il modello di business e le strategie in materia di rischi', '2020-03-11 17:34:30', NULL, '2020-03-11 17:34:30'),
	(197, 'Verifiche fiscali: esercizio precedente e in corso con relativi esiti', '2020-03-11 17:34:30', NULL, '2020-03-11 17:34:30'),
	(198, 'Informativa circa Regulator, data visita ispettiva, data chiusura', '2020-03-11 17:34:30', NULL, '2020-03-11 17:34:30'),
	(199, 'Movimentazioni del portafoglio partecipativo', '2020-03-11 17:34:30', NULL, '2020-03-11 17:34:30'),
	(200, 'Report dei Controlli Contabili (FACT)', '2020-03-11 17:34:30', NULL, '2020-03-11 17:34:30'),
	(201, 'Avvisi di Liquidazione e Cartelle di Pagamento', '2020-03-11 17:34:30', NULL, '2020-03-11 17:34:30'),
	(202, 'Vertenze e procedimenti ex D.Lgs. 231/2001', '2020-03-11 17:34:30', NULL, '2020-03-11 17:34:30'),
	(203, 'INFORMATIVA CHE CONTENGA INFORMAZIONI RELATIVE ALL\'ATTUAZIONE DI DELIBERE QUADRO EVENTUALMENTE ASSUNTE DALLA BANCA NELL\'ANNO SOLARE DI RIFERIMENTO', '2020-03-11 17:34:30', NULL, '2020-03-11 17:34:30'),
	(204, 'Informativa circa gli adempimenti di legge ex D.Lgs. 81/2008 ', '2020-03-11 17:34:30', NULL, '2020-03-11 17:34:30'),
	(205, 'Informativa circa Il regolare avanzamento degli adempimenti di legge ex D.Lgs. 81/2008 ', '2020-03-11 17:34:30', NULL, '2020-03-11 17:34:30'),
	(206, 'Informativa afferente a visite ispettive a cura dell’Organo Ispettivo', '2020-03-11 17:34:30', NULL, '2020-03-11 17:34:30'),
	(207, 'Informativa afferente a visite ispettive a cura dell’Organo Ispettivo', '2020-03-11 17:34:30', NULL, '2020-03-11 17:34:30'),
	(208, 'Informativa circa particolari situazione circa gli adempimenti di legge ex D.Lgs. 81/2008 ', '2020-03-11 17:34:30', NULL, '2020-03-11 17:34:30'),
	(209, 'Verifica del Sistema di Gestione della Salute e Sicurezza sul Lavoro ed esito del Riesame della Direzione', '2020-03-11 17:34:30', NULL, '2020-03-11 17:34:30'),
	(210, 'AVANZAMENTO STATO ""RIESAME DELLA DIREZIONE""', '2020-03-11 17:34:30', NULL, '2020-03-11 17:34:30'),
	(211, 'Gestione dello smaltimento dei rifiuti e relativi adempimenti periodici', '2020-03-11 17:34:30', NULL, '2020-03-11 17:34:30'),
	(212, 'Nomina Collegio Sindacale ', '2020-03-11 17:34:30', NULL, '2020-03-11 17:34:30'),
	(213, 'Reportistica sull\'andamento delle vertenze e dei procedimenti inerenti al D.Lgs.231/2001;', '2020-03-11 17:34:30', NULL, '2020-03-11 17:34:30'),
	(214, 'Aggiornamento circa evoluzioni normative e giurisprudenziali  inerenti al D.Lgs. 231/2001', '2020-03-11 17:34:30', NULL, '2020-03-11 17:34:30'),
	(215, 'Informativa sui provvedimenti ex D.Lgs. 231/2001 ricevuti dalla Banca', '2020-03-11 17:34:30', NULL, '2020-03-11 17:34:30'),
	(216, 'CONSTATAZIONE A VERBALE AI SENSI E PER GLI EFFETTI DELL\'ART. 136 DEL D.LGS. 1.9.1993 N. 385', '2020-03-11 17:34:30', NULL, '2020-03-11 17:34:30'),
	(217, 'INFORMATIVA DELEGHE DI POTERI', '2020-03-11 17:34:30', NULL, '2020-03-11 17:34:30'),
	(218, 'INFORMATIVA VIA D\'URGENZA', '2020-03-11 17:34:30', NULL, '2020-03-11 17:34:30'),
	(219, 'Elenco dei Responsabili Esterni del trattamento dei Dati Personali designati dal Direttore Rischi', '2020-03-11 17:34:30', NULL, '2020-03-11 17:34:30'),
	(220, 'Esito on site inspection Banca d’Italia sull’utilizzo del sistema IRB di BNL in ambito ECAF: informativa sullo stato di avanzamento del piano delle azioni correttive', '2020-03-11 17:34:30', NULL, '2020-03-11 17:34:30'),
	(221, 'INFORMATIVA DELL\'AMMINISTRATORE DELEGATO SULLE DELIBERE CREDITIZIE DI IMPORTO SIGNIFICATIVO ASSUNTE NELL\'ESERCZIO DELLE DELEGHE CONFERITE DAL CDA ', '2020-03-11 17:34:30', NULL, '2020-03-11 17:34:30'),
	(222, 'SINTESI ATTIVITA\' SVOLTE DAL DPO', '2020-03-11 17:34:30', NULL, '2020-03-11 17:34:30'),
	(223, 'Rinnovo annuale della polizza Globale Rischi Bancari<br>Delibera di autorizzazione al rinnovo dell’adesione alla Polizza BBB (Globale Rischi Bancari) del Gruppo BNP Paribas stipulata con la società captive del Gruppo BNP Paribas “Le Sphinx Insurance s.a.”<br>', '2020-03-11 17:34:30', NULL, '2020-03-11 17:34:30'),
	(224, 'PIANO DI FORMAZIONE E INDUCTION DEI MEMBRI DEL CONSIGLIO DI AMMINISTRAZIONE ', '2020-03-11 17:34:30', NULL, '2020-03-11 17:34:30'),
	(225, 'Informativa sulle segnalazioni ex D.Lgs 231/2001 inviate dai dipendenti per procedimenti a loro carico e circa l’avvio dell’iter disciplinare e le sanzioni irrogate per violazioni inerenti al Modello.', '2020-03-11 17:34:30', NULL, '2020-03-11 17:34:30'),
	(226, 'Informativa sui provvedimenti ex D.Lgs. 231/2001 ricevuti dalla Banca', '2020-03-11 17:34:30', NULL, '2020-03-11 17:34:30'),
	(227, 'Piano annuale di formazione della Banca con evidenza del Piano inerente al Modello ex D.lgs.231/2001 adottato dalla Banca e agli ambiti “rilevanti” ai fini e per gli effetti del D.lgs.231/2001 ', '2020-03-11 17:34:30', NULL, '2020-03-11 17:34:30'),
	(228, 'Procedimenti disciplinari attivati dalla Banca e definiti con l’irrogazione di una sanzione disciplinare aventi rilevanza ai sensi del Modello 231', '2020-03-11 17:34:30', NULL, '2020-03-11 17:34:30'),
	(229, 'Comunicazione per variazione di un corso di formazione rilevante ex D.Lgs. 231/2001', '2020-03-11 17:34:30', NULL, '2020-03-11 17:34:30'),
	(230, 'Informativa sulle segnalazioni ex D.Lgs 231/2001 inviate dai dipendenti per procedimenti a loro carico e circa l’avvio dell’iter disciplinare e le sanzioni irrogate per violazioni inerenti al Modello.', '2020-03-11 17:34:30', NULL, '2020-03-11 17:34:30'),
	(231, 'Rendicontazione in materia di  attività formative, ivi incluso la Formazione Finanziata', '2020-03-11 17:34:30', NULL, '2020-03-11 17:34:30'),
	(232, 'Gestione dei consulenti finanziari abilitati all’offerta fuori sede, dei mediatori creditizi e dei Partner commerciali', '2020-03-11 17:34:30', NULL, '2020-03-11 17:34:30'),
	(233, 'Imprese appartenenti alla Pubblica Amministrazione con contribuzione totale annua superiore a 250 mila euro', '2020-03-11 17:34:30', NULL, '2020-03-11 17:34:30'),
	(234, 'Aggiudicazione di servizi a seguito di partecipazione a procedure negoziate, indette da soggetti pubblici (ai sensi del Codice Contratti Pubblici ex. D.Lgs. 50/2016)', '2020-03-11 17:34:30', NULL, '2020-03-11 17:34:30'),
	(235, 'Stipula di nuovi contratti di finanza derivata con Enti della Pubblica Amministrazione.', '2020-03-11 17:34:30', NULL, '2020-03-11 17:34:30'),
	(236, 'Informativa circa  le sanzioni comminate  in relazione a gare ad evidenza pubblica indette in applicazione del Codice dei Contratti pubblici', '2020-03-11 17:34:30', NULL, '2020-03-11 17:34:30'),
	(237, 'Informativa circa eventuali  deroghe a procedure vigenti nell’ambito dei rapporti con la Pubblica Amministrazione', '2020-03-11 17:34:30', NULL, '2020-03-11 17:34:30'),
	(238, 'Informativa obbligatoria all\'OdV contenente il dettaglio dei Raggruppamenti temporanei di Impresa costituiti con altre società o Enti aventi natura privatistica ', '2020-03-11 17:34:30', NULL, '2020-03-11 17:34:30'),
	(239, 'POLITICHE AZIENDALI IN MATERIA DI PRESTAZIONE DEL SERVIZIO DI GESTIONE SU BASE INDIVIDUALE DI PORTAFOGLI DI INVESTIMENTO', '2020-03-11 17:34:30', NULL, '2020-03-11 17:34:30'),
	(240, 'COMUNICAZONE IN FASE PRE-DELIBERATIVA DI OPERAZIONI DI MAGGIORE RILEVANZA NEI CONFRONTI DI PARTI CORRELATE E SOGGETTI CONNESSI', '2020-03-11 17:34:30', NULL, '2020-03-11 17:34:30'),
	(241, 'OPERAZIONI NEI CONFRONTI DI PARTI CORRELATE E DI SOGGETTI CONNESSI PER I CASI PREVISTI IN MATERIA DI VENDITA DI PRODOTTI DI RACCOLTA E RISPARMIO E DEI SERVIZI SU C/C<br>(equiparate alle operazioni di minore rilevanza non ordinarie)', '2020-03-11 17:34:30', NULL, '2020-03-11 17:34:30'),
	(242, ' OPERAZIONI DI MINORE RILEVANZA NON ORDINARIE NON ESIGUE NEI CONFRONTI DI PARTI CORRELATE E SOGGETTI CONNESSI', '2020-03-11 17:34:30', NULL, '2020-03-11 17:34:30'),
	(243, 'Spese sostenute per sponsorizzazioni, quote associative, contributi e liberalità (alla Fondazione BNL).', '2020-03-11 17:34:30', NULL, '2020-03-11 17:34:30'),
	(244, 'Segnalazione d\'infrazione e/o altra informazione rilevante ai fini del D.Lgs. 231/2001', '2020-03-11 17:34:30', NULL, '2020-03-11 17:34:30'),
	(245, 'Segnalazione circa le modifiche organizzative e/o operative rilevanti ex D.Lgs. 231/2001', '2020-03-11 17:34:30', NULL, '2020-03-11 17:34:30');
/*!40000 ALTER TABLE `documenti` ENABLE KEYS */;

-- Dump della struttura di tabella odc2.doc_info
CREATE TABLE IF NOT EXISTS `doc_info` (
  `id_doc_info` int(11) unsigned NOT NULL AUTO_INCREMENT,
  `id_documento` int(11) unsigned NOT NULL DEFAULT '0',
  `cod_tipo_doc` char(2) DEFAULT 'd',
  `periodicita` int(11) DEFAULT NULL,
  `desc_periodicita` varchar(50) DEFAULT NULL,
  `titolo` text,
  `descrizione` text,
  `norma_esterna` text,
  `norma_interna` text,
  `finalita` text,
  `note_presentazione` text,
  `attivo` tinyint(4) DEFAULT '1',
  `flag_copia` tinyint(4) DEFAULT '0',
  `uid_modifica` varchar(50) DEFAULT NULL,
  `data_modifica` datetime DEFAULT CURRENT_TIMESTAMP,
  PRIMARY KEY (`id_doc_info`)
) ENGINE=InnoDB DEFAULT CHARSET=utf8;

-- Dump dei dati della tabella odc2.doc_info: ~245 rows (circa)
DELETE FROM `doc_info`;
/*!40000 ALTER TABLE `doc_info` DISABLE KEYS */;
INSERT INTO `doc_info` (`id_doc_info`, `id_documento`, `cod_tipo_doc`, `periodicita`, `desc_periodicita`, `titolo`, `descrizione`, `norma_esterna`, `norma_interna`, `finalita`, `note_presentazione`, `attivo`, `flag_copia`, `uid_modifica`, `data_modifica`) VALUES
	(1, 1, 'd', 2, 'ANNUALE', 'VERIFICA SINDACALE SULLE POLITICHE DI REMUNERAZIONE E SULL\'ATTUAZIONE DELLE POLITICHE DI REMUNERAZIONE (EX POST) PER AMMINISTRATORE DELEGATO E PER DIRIGENTE PREPOSTO ALLA REDAZIONE DEI DOCUMENTI CONTABILI SOCIETARI, DEL DIRETTORE RISCHI, DEL DIRETTORE RISORSE UMANE, DEL RESPONSABILE DELLA FUNZIONE DI REVISIONE INTERNA (IGHI), DEL RESPONSABILE DELLA FUNZIONE DI CONFORMITA\' (COMPLIANCE), DEL RESPONSABILE AZIENDALE ANTIRICICLAGGIO (SICUREZZA FINANZIARIA) E DEL RESPONSABILE B2C ITALY', 'IL PRESIDENTE DEL CR INCONTRA IL PRESIDENTE DEL CS', 'PROV. BANCA D\'ITALIA 30.03.2011<br>', '', 'Verifica sindacale sulle Politiche di Remunerazione dell\'anno in corso e  sull’Attuazione delle Politiche Retributive di BNL (ex post) con riguardo al ruolo dell’Amministratore Delegato e dei Responsabili delle Funzioni di Controllo', 'A SEGUITO PRESENTAZIONE AUDIT IGHI DI DICEMBRE', 1, 0, NULL, '2020-03-11 17:42:14'),
	(2, 2, 'd', 2, 'ANNUALE', 'RELAZIONE ANNUALE SULLE ATTIVITA\' SVOLTE DALLA FUNZIONE DI REVISIONE INTERNA SUL GRUPPO BANCARIO BNL:<br>- RELAZIONE IN ORDINE ALLA COMPLETEZZA, ADEGUATEZZA, FUNZIONALITA\' E AFFIDABILITA\' DEL SISTEMA DEI CONTROLLI INTERNI<br>- RELAZIONE DELL\'ATTIVITA\' SVOLTA CHE ILLUSTRA LE VERIFICHE EFFETTUATE, I RISULTATI EMERSI, I PUNTI DI DEBOLEZZA RILEVATI E PROPOSTA DEGLI INTERVENTI DA ADOTTARE PER LA LORO RIMOZIONE<br>- RELAZIONE RIGUARDANTE GLI ACCERTAMENTI EFFETTUATI SULLE SOCIETA\' CONTROLLATE E I RISULTATI EMERSI, I PUNTI DI DEBOLEZZA RILEVATI CON RIFERIMENTO SIA AL GRUPPO BANCARIO NEL SUO COMPLESSO SIA ALLE SINGOLE ENTITA\' E LA DESCRIZIONE DEGLI INTERVENTI DA ADOTTARE PER LA RIMOZIONE DELLE CARENZE RILEVATE<br>', 'CS Accerta l\'adeguatezza di tutte le funzioni coinvolte nel sistema dei controlli, il corretto assolvimento dei compiti e l\'adeguato coordinamento delle medesime, promuovendo gli interventi correttivi delle carenze e delle irregolarità rilevate<br>CCIR Verifica l\'adeguatezza e l\'effettivo funzionamento del sistema di controllo interno<br>CDA DELIBERA IN MERITO:<br>-  INTERVENTI DA ADOTTARE, IN SEGUITO ALLE VERIFICHE EFFETTUATE SULLE SOCIETA\' CONTROLLATE ED AI RISULTATI EMERSI, PER LA RIMOZIONE DEI PROFILI DI DEBOLEZZA RILEVATI CON RIFERIMENTO SIA AL GRUPPO BANCARIO NEL SUO COMPLESSO SIA ALLE SINGOLE ENTITA\'<br>-  COMPLETEZZA, ADEGUATEZZA, FUNZIONALITA\' E AFFIDABILITA\' DEL SISTEMA DEI CONTROLLI INTERNI', 'BANCA D\'ITALIA: Circ. 263/2006<br>BANCA D\'ITALIA: Circ. 285/2013', '', 'RENDICONTAZIONE ANNUALE DELL\'ATTIVITA\' DI CONTROLLO SVOLTA DALLA FUNZIONE DI REVISIONE INTERNA:<br>VERIFICA  SULL\'ADEGUATEZZA, COMPLETEZZA, FUNZIONALITA\' E AFFIDABILITA\' E IN MERITO AGLI INTERVENTI DA ADOTTARE<br>(al termine del ciclo gestionale)', '', 1, 0, NULL, '2020-03-11 17:42:14'),
	(3, 3, 'd', 2, 'ANNUALE', 'Corporate Social Responsibility: Approvazione della Dichiarazione non finanziaria ai sensi della D.Lgs. n. 254 del 30 dicembre 2016 ', 'della valutazione del CS sarà data Info nella relazione annuale al  Bilancio d’esercizio di BNL  in Assemblea', 'DL 254/16 ', '', 'Approvazione del CDA ai sensi del DL 254 /2016  La Società di Revisione produce un’attestazione circa la conformità delle informazioni non finanziarie fornite rispetto a quanto richiesto dal Decreto Legislativo e rispetto ai principi, alle metodologie e alle modalità di rendicontazione', 'fine marzo insieme al bilancio d\'esercizio', 1, 0, NULL, '2020-03-11 17:42:14'),
	(4, 4, 'd', 1, 'AD EVENTO', 'PARERE   DI AUDIT SU ""PRIMO IMPIANTO"" O  MODIFICHE DEI MODELLI INTERNI NON IRBA', '', 'BANCA D\'ITALIA: Circ. 285/2013<br><br>', '', 'PARERE DI AUDIT SU ADOZIONE DEI MODELLI DI STIMA DEL RISCHIO DI CREDITO A USO NON IRBA', '', 1, 0, NULL, '2020-03-11 17:42:14'),
	(5, 5, 'd', 1, 'AD EVENTO', 'PARERE DI AUDIT SU MODIFICHE / ESTENSIONI DEI SISTEMI DI RATING INTERNO AUTORIZZATI DALL\'AUTORITA\' DI VIGILANZA', '', 'BANCA D\'ITALIA: Circ. 285/2013<br>Regolamento UE 529/2014', 'Delibera CdA del 29.9.2011 Circolare 30/2014 GOP 64/2015 Procedura BNPP - GRM00312E', 'RELAZIONE CHE ILLUSTRA I CONTROLLI FINALIZZATI A VALUTARE L\'ADEGUATEZZA E LA MATERIALITA\' DEI CAMBIAMENTI SUI SISTEMI DI RATING INTERNO AUTORIZZATI', '', 1, 0, NULL, '2020-03-11 17:42:14'),
	(6, 6, 'd', 2, 'ANNUALE', 'PIANIFICAZIONE ANNUALE E PLURIENNALE SULL\'ATTIVITA\' DI REVISIONE INTERNA DELL\'IRB', '', 'REGOLAMENTO UE 876/2019<br>BANCA D\'ITALIA: Circ. 285/2013', 'Documento SCI del 18.12.2017 Circolare 30/2014', 'INFORMATIVA SUL PIANO DI LAVORO IN CUI SONO INDIVIDUATI GLI AMBITI E GLI INTERVENTI DI CONTROLLO DA ATTUARE, AL FINE DI VALUTARE IL GRADO DI CONFORMITA\' DEL SISTEMA DI RATING INTERNO RISPETTO AI REQUISITI REGOLAMENTARI ', 'DA PRESENTARE ENTRO IL 1° TRIMESTRE ', 1, 0, NULL, '2020-03-11 17:42:14'),
	(7, 7, 'd', 1, 'AD EVENTO', 'PRE-VALIDAZIONE DEI SISTEMI DI RATING INTERNO NON ANCORA AUTORIZZATI DALL\'AUTORITA\' DI VIGILANZA ED INCLUSI NEL PIANO DI ESTENSIONE PROGRESSIVA', '', 'BANCA D\'ITALIA: Circ. 285/2013<br>Regolamento UE 575/2013', 'Delibera CdA del 29.9.2011<br>Circolare 30/2014<br>GOP 64/2015', 'RELAZIONE CHE ILLUSTRA I CONTROLLI FINALIZZATI A VALUTARE L\'ADEGUATEZZA DEI SISTEMI DI RATING INTERNO NON AUTORIZZATI ED INCLUSI NEL PIANO DI ESTENSIONE PROGRESSIVA EVIDENZIANDO I RELATIVI ESITI, LE CRITICITA\' RILEVATE E GLI INTERVENTI CORRETTIVI RICHIESTI', '', 1, 0, NULL, '2020-03-11 17:42:14'),
	(8, 8, 'd', 2, 'ANNUALE', 'RELAZIONE ANNUALE DELLA FUNZIONE DI REVISIONE INTERNA SULLA COMPLETEZZA, ADEGUATEZZA, FUNZIONALITA\' ED AFFIDABILITA\' DEL SISTEMA INTERNO DI RATING', 'al termine del ciclo gestionale', 'BANCA D\'ITALIA: Circ. 285/2013', '', 'RELAZIONE CHE ILLUSTRA L\'ATTIVITA\' DI CONTROLLO SVOLTA, LE VERIFICHE EFFETTUATE, I RISULTATI EMERSI, EVENTUALI INTERVENTI ADOTTATI NONCHE\' GLI ESITI DELL\'ATTIVITA\' DI FOLLOW UP SULLE RACCOMANDAZIONI RIVENIENTI DA PRECEDENTI ATTIVITA\' DI AUDIT PER FORNIRE UN QUADRO DI INSIEME SULLA GENERALE CONFORMITA\' IN TERMINI DI COMPLETEZZA, ADEGUATEZZA, FUNZIONALITA\' E AFFIDABILITA\' DEL FRAMEWORK DI CONTROLLO DEL SISTEMA INTERNO DI RATING CON I REQUISITI REGOLAMENTARI<br>', '', 1, 0, NULL, '2020-03-11 17:42:14'),
	(9, 9, 'd', 2, 'ANNUALE', 'PIANO DEI CONTROLLI E FORMAZIONE COMPLIANCE', '', 'BANCA D\'ITALIA: Circ. 263/2006<br>BANCA D\'ITALIA: Circ. 285/2013', 'Documento SCI del 18.12.2017', 'PIANO DEI CONTROLLI E FORMAZIONE COMPLIANCE <br> (anche  piano di formazione obbligatoria, per  ambiti Compliance e per ambiti Financial Security<br>', '', 1, 0, NULL, '2020-03-11 17:42:14'),
	(10, 10, 'd', 2, 'ANNUALE', 'RELAZIONE DELLA FUNZIONE DI CONTROLLO DI CONFORMITA\' SULL\'ATTIVITA\' SVOLTA IN MATERIA DI SERVIZI E DI ATTIVITA\' DI INVESTIMENTO E SERVIZI ACCESSORI ', '', 'REGOLAMENTO CONGIUNTO BANCA D\'ITALIA E CONSOB AI SENSI DELL\'ART. 16, COMMA 2 BIS DEL 29.10.2007 E DELIBERA CONSOB N. 17297 DEL 28.4.2010<br>D.LGS. 231/2001 ART. 6, COMMA 2', 'Policy “Gestione delle contestazioni della clientela”, n. 15 del 23/12/2015 - agg. Dicembre 2019  ALLEGATO C): FLUSSI INFORMATIVI NEI CONFRONTI OdV (Modello di Organizzazione, Gestione e Controllo ex D.Lgs. 231/2001)<br>', 'ILLUSTRAZIONE, PER CIASCUN SERVIZIO PRESTATO DALLA BANCA, DELLE VERIFICHE EFFETTUATE E DEI RISULTATI EMERSI EVIDENZIANDO LE MISURE ADOTTATE PER RIMEDIARE A EVENTUALI ANOMALIE RISCONTRATE NONCHE\' ILLUSTRAZIONE DELLA PIANIFICAZIONE DELLE ATTIVITA\' PER L\'ANNO SUCCESSIVO <br>adeguatezza delle procedure e delle soluzioni organizzative adottate<br>(#03.Gestione dei servizi di investimento e delle attività connesse agli abusi di mercato)', 'Invio a Consob entro 30 giorni dall\'approvazione del Bilancio di esercizio', 1, 0, NULL, '2020-03-11 17:42:14'),
	(11, 11, 'd', 2, 'ANNUALE', 'RELAZIONE ANNUALE IN MATERIA COMPLIANCE<br>? Relazione in ordine alla completezza, adeguatezza, funzionalità e affidabilità del sistema dei controlli interni<br>? Relazione dell\'attività svolta che illustra le verifiche effettuate, i risultati emersi, i punti di debolezza rilevati e proposta degli interventi da adottare per la loro rimozione<br>? Relazione riguardante gli accertamenti effettuati sulle Società Controllate e i risultati emersi, i punti di debolezza rilevati con riferimento sia al Gruppo Bancario nel suo complesso sia alle singole entità e la descrizione degli interventi da adottare per la rimozione delle carenze rilevate<br>? Relazione sull\'adeguatezza della gestione del rischio di non conformità e di reputazione attuata dalla Banca<br>-  Piano Compliance: rendicontazione attività anno precedente e Piano dei Controlli anno seguente<br>-  Relazione periodica in materia di sistemi interni di segnalazione <br>', 'CS<br>Accertare l\'adeguatezza di tutte le funzioni coinvolte nel sistema dei controlli, il corretto assolvimento dei compiti e l\'adeguato coordinamento delle medesime, promuovendo gli interventi correttivi delle carenze e delle irregolarità rilevate.<br>Valutal Piano dei  Icontrolli - consuntivo anno precedente e previsione anno seguente <br>PRENDE VISIONE<br>(Allerta Etico) <br>CCIR<br>Verifica l\'adeguatezza e l\'effettivo funzionamento del sistema di controllo interno<br>valuta il Piano dei controlli - consuntivo anno precedente e previsione anno seguente<br>PRENDE ATTO<br>(Allerta Etico)<br>CDA<br>DELIBERA IN MERITO:<br>-  INTERVENTI DA ADOTTARE, IN SEGUITO ALLE VERIFICHE EFFETTUATE SULLE SOCIETA\' CONTROLLATE ED AI RISULTATI EMERSI, PER LA RIMOZIONE DEI PROFILI DI DEBOLEZZA RILEVATI CON RIFERIMENTO SIA AL GRUPPO BANCARIO NEL SUO COMPLESSO SIA ALLE SINGOLE ENTITA\'<br>-  COMPLETEZZA, ADEGUATEZZA, FUNZIONALITA\' E AFFIDABILITA\' DEL SISTEMA DEI CONTROLLI INTERNI<br>-  PIANO DEI CONTROLLI - CONSUNTIVO ANNO PRECEDENTE E PREVISIONE ANNO SEGUENTE PRENDE ATTO ALLERTA ETICO ', 'BANCA D\'ITALIA: Circ. 263/2006<br><br>BANCA D\'ITALIA: Circ. 285/2013<br><br>D.LGS. 231/2001 ART. 6, COMMA 2', 'Documento SCI del 18.12.2017<br>Governo Societario del 22.05.2019 Policy “Gestione delle contestazioni della clientela”, n. 15 del 23/12/2015 - agg. Giugno 2019  ALLEGATO C): FLUSSI INFORMATIVI NEI CONFRONTI OdV (Modello di Organizzazione, Gestione e Controllo ex D.Lgs. 231/2001)<br>', 'Adeguatezza delle procedure e delle soluzioni organizzative adottate<br>RELAZIONE A CURA DEL ""RESPONSABILE DEL SISTEMA INTERNO DI SEGNALAZIONE"" SUL CORRETTO FUNZIONAMENTO DEI SISTEMI INTERNI DI SEGNALAZIONE, CONTENENTE LE INFORMAZIONI AGGREGATE SULLE RISULTANZE DELL\'ATTIVITA\' SVOLTA A SEGUITO DELLE SEGNALAZIONI RICEVUTE<br>(al termine del ciclo gestionale)', '', 1, 0, NULL, '2020-03-11 17:42:14'),
	(12, 12, 'd', 2, 'ANNUALE', 'RESOCONTO ICAAP <br>CAPITAL ADEQUACY STATEMENT (CAS) 2019: <br>Rappresentazione dell\'adeguatezza del livello di patrimonializzazione del Gruppo BNL, consuntivo e prospettico (anche in ipotesi di stress) secondo metodi di calcolo adeguati e coerenti con il RID e il RAF', '', 'Basel agreements: International Convergence of Capital Measurement (June 2006)  and Capital Standards Enhancements to the Basel II framework (July 2009);  Directive 2013-36-EU and the Regulation EU 575-2013 (i.e. CRDIV / CRR);  EBA’s guidelines on common ', 'BNPPPARIBAS CAPITAL POLICY<br>CIRCOLARE BNL 36/2018', 'RESOCONTO SUL MODELLO GENERALE PREDISPOSTO PER LA MISURAZIONE E LA GESTIONE DEI RISCHI CONNESSI ALL\'ATTIVITA\' DEL GRUPPO BNL CON UNA VALUTAZIONE DELL\'ADEGUATEZZA CORRENTE E PROSPETTICA DEI MEZZI PATRIMONIALI POSTI A PRESIDIO DI TALI RISCHI', 'A BANCA D\'ITALIA Entro il 30 APRILE', 1, 0, NULL, '2020-03-11 17:42:14'),
	(13, 13, 'd', 2, 'ANNUALE', 'Resoconto ILAAP e Liquidity Adequasy Statement (LAS)  ', '', 'EBA (European Banking Authority): Guidelines 11.12.2015<br>Art. 86 Direttiva 2013/36/UE<br>D.lgs. 72 del 2015', '', 'RESOCONTO SUL PROCESSO DI VALUTAZIONE DELL\'ADEGUATEZZA DELLA LIQUIDITA\' INTERNA CONTENENTE LE INFORMAZIONI QUALITATIVE E QUANTITATIVE NECESSARIE A DEFINIRE LA PROPENSIONE AL RISCHIO DELLA BANCA E LA DESCRIZIONE DELLE POLITICHE, DEI PROCESSI E DELLE METODOLOGIE DI MISURAZIONE E GESTIONE DEI RISCHI DI LIQUIDITA\' E DI RIFINANZIAMENTO', 'A BCE Entro il 30 aprile', 1, 0, NULL, '2020-03-11 17:42:14'),
	(14, 14, 'd', 2, 'ANNUALE', 'Progetto di bilancio di esercizio della BNL SpA e bilancio consolidato del Gruppo BNL', '', 'Art. 2429 Cod.Civ.<br>D.LGS. 231/2001 ART. 6, COMMA 2', 'ALLEGATO C): FLUSSI INFORMATIVI NEI CONFRONTI OdV (Modello di Organizzazione, Gestione e Controllo ex D.Lgs. 231/2001)', '1. Informativa sulla predisposizione del Progetto di Bilancio della BNL SpA e del progetto di Bilancio Consolidato del Gruppo BNL da parte del Consiglio di Amministrazione corredata da: 1. Relazione sulla gestione consolidata; 2. Politiche di Bilancio al consolidato (criteri); 3. NI parte B – Info Stato Patrimoniale – p.9 Eventi e operazioni significative non ricorrenti; 4. NI parte C – info Conto Economico – p 23.1 Eventi e operazioni significative non ricorrenti; 5. Relazione del Collegio Sindacale; 6. Relazione della Società di Revisione Legale e, nel caso in cui siano state rilevate criticità/raccomandazioni, le connesse eventuali azioni correttive pianificate, nonché il relativo stato d\'avanzamento.<br>(#12.Gestione delle attività contabili e fiscali)', 'Inoltro a CONSOB entro 30 giorni dall\'approvazione del bilancio d\'esercizio<br>', 1, 0, NULL, '2020-03-11 17:42:14'),
	(15, 15, 'd', 2, 'ANNUALE', ' RAF: DEFINIZIONE E APPROVAZIONE', 'CCIR Pareri in materia di Risk Appetite Framework - RAF circa l\'adeguatezza dell\'impianto con particolare riguardo ai risk limits e alle soglie di attenzione', 'BANCA D\'ITALIA: Circ. 285/2013', 'Delibera CdA del 20.12.2013<br>Delibera CdA del 15.12.2016<br>CIRC N. 71 del 20/12/2016', 'ADOZIONE DEL RISK APPETITE STATEMENT CHE STABILISCE RUOLI, RESPONSABILITA\' DEGLI ORGANI STATUTARI E DELLE FUNZIONI AZIENDALI, LE SOGLIE DI TOLLERANZA, METRICHE E LIMITI OPERATIVI NONCHE\' LE MODALITA\' DI GOVERNO ED IL SUO PERIODICO MONITORAGGIO <br>EVENTUALI AGGIORNAMENTI INTEGRAZIONI REVISIONI ALL\'IMPIANTO DEL RAF IN ESSERE', '', 1, 0, NULL, '2020-03-11 17:42:14'),
	(16, 16, 'd', 2, 'ANNUALE', 'RENDICONTAZIONE ANNUALE DELL\'ATTIVITA\' DI CONTROLLO SVOLTA DALLA DIREZIONE RISCHI:', 'CS è tenuto ad accertare l\'adeguatezza di tutte le funzioni coinvolte nel sistema dei controlli, il corretto assolvimento dei compiti e l\'adeguato coordinamento delle medesime, promuovendo gli interventi correttivi delle carenze e delle irregolarità rilevate. CCIR Verifica circa l\'adeguatezza e l\'effettivo funzionamento del sistema di controllo interno CDA DELIBERA IN MERITO: -  INTERVENTI DA ADOTTARE, IN SEGUITO ALLE VERIFICHE EFFETTUATE SULLE SOCIETA\' CONTROLLATE ED AI RISULTATI EMERSI, PER LA RIMOZIONE DEI PROFILI DI DEBOLEZZA RILEVATI CON RIFERIMENTO SIA AL GRUPPO BANCARIO NEL SUO COMPLESSO SIA ALLE SINGOLE ENTITA\' -  COMPLETEZZA, ADEGUATEZZA, FUNZIONALITA\' E AFFIDABILITA\' DEL SISTEMA DEI CONTROLLI INTERNI', 'BANCA D\'ITALIA: Circ. 285/2013', '', 'RENDICONTAZIONE ANNUALE DELL\'ATTIVITA\' DI CONTROLLO SVOLTA DALLA DIREZIONE RISCHI:<br>(al termine del ciclo gestionale)<br>RELAZIONE IN ORDINE ALLA COMPLETEZZA, ADEGUATEZZA, FUNZIONALITA\' E AFFIDABILITA\' DEL SISTEMA DEI CONTROLLI INTERNI RELAZIONE DELL\'ATTIVITA\' SVOLTA CHE ILLUSTRA LE VERIFICHE EFFETTUATE, I RISULTATI EMERSI, I PUNTI DI DEBOLEZZA RILEVATI E PROPOSTA DEGLI INTERVENTI DA ADOTTARE PER LA LORO RIMOZIONE RELAZIONE RIGUARDANTE GLI ACCERTAMENTI EFFETTUATI SULLE SOCIETA\' CONTROLLATE E I RISULTATI EMERSI, I PUNTI DI DEBOLEZZA RILEVATI CON RIFERIMENTO SIA AL GRUPPO BANCARIO NEL SUO COMPLESSO SIA ALLE SINGOLE ENTITA\' E LA DESCRIZIONE DEGLI INTERVENTI DA ADOTTARE PER LA RIMOZIONE DELLE CARENZE RILEVATE REPORT DEL RISCHIO INFORMATICO IN CUI VENGONO FORMALIZZATE LE RISULTANZE DELL\'ATTIVITA\' DI MONITORAGGIO SVOLTE IN MATERIA DI ICT', '', 1, 0, NULL, '2020-03-11 17:42:14'),
	(17, 17, 'd', 1, 'AD EVENTO', 'POLICY RIGUARDANTI MATERIE DI COMPETENZA<br>- Politica di Outsourcing del Gruppo BNL', '', 'BANCA D\'ITALIA: Circ. 285/2013', '', '', '', 1, 0, NULL, '2020-03-11 17:42:14'),
	(18, 18, 'd', 2, 'ANNUALE', 'PROGRAMMAZIONE DELL\'ATTIVITA\' DI CONTROLLO DELLA DIREZIONE RISCHI PER L\'ANNO SEGUENTE', '', 'BANCA D\'ITALIA: Circ. 285/2013', '', '', '', 1, 0, NULL, '2020-03-11 17:42:14'),
	(19, 19, 'd', 2, 'ANNUALE', 'RELAZIONE ANNUALE INTEGRATA SUI RISCHI (DI CREDITO, DI CONTROPARTE, DI MERCATO, DI LIQUIDITA\' (ALM) E OPERATIVI)', 'CS OSSERVAZIONI A CONSOB <br>(con particolare cenno a modello interno MRX su Rischio di mercato e sul RAS sulla relazione annuale contenuta qua dentro e a parte Audit regolamentare dell\'IGHI) CS Parere al CdA circa la completezza, adeguatezza, funzionalità e affidabilità del sistema dei controlli interni e del RAF  CCIR pareri in materia di Risk Appetite Framework - RAF circa l\'adeguatezza dell\'impianto con particolare riguardo ai risk limits e alle soglie di attenzione, verificandone la corretta attuazione<br>IN CASO DI <br>EVENTUALI AGGIORNAMENTI INTEGRAZIONI REVISIONI ALL\'IMPIANTO DEL RAF IN ESSERE)', 'REGOLAMENTO CONGIUNTO BANCA D\'ITALIA E CONSOB AI SENSI DELL\'ART. 13, COMMA 3 DEL 29.10.2007 E DELIBERA CONSOB N. 17297 DEL 28.4.2010<br>BANCA D\'ITALIA: Circ. 285/2013<br><br>', '(Rischio di Mercato: BNL_CIR_187/2012 Versione n. 2.0 del 18.11.2015)<br>CIRC N. 71 del 20/12/2016', 'ANALISI PER L\'ANNO DEL PORTAFOGLIO SU RISCHI DI CREDITO, CONTROPARTE, MERCATO, DI ALM, E OPERATIVI  <br>ALUTAZIONE DELL\'AFFIDABILITA\' E ROBUSTEZZA DEI PARAMETRI DI RISCHIO DI CREDITO STIMATI SUI PORTAFOLI CORPORATE E RETAIL DELLA BANCA RELAZIONE SULL\'USO DEL MODELLO INTERNO MRX AI FINI DEL CALCOLO DEL REQUISITO PATRIMONIALE A FRONTE DEL RISCHIO DI MERCATO <br>', 'A CONSOB Entro 30 giorni dall\'esame delle medesime relazioni da parte degli Organi aziendali', 1, 0, NULL, '2020-03-11 17:42:14'),
	(20, 20, 'd', 2, 'ANNUALE', 'CONSUNTIVO PIANO DI AUDIT ESERCIZIO PRECEDENTE E PROPOSTA PIANO DI AUDIT PLURIENNALE CON RIFERIMENTO A BNL E ALLE SOCIETA\' DEL GRUPPO BNL', '', 'BANCA D\'ITALIA: Circ. 263/2006<br>BANCA D\'ITALIA: Circ. 285/2013', '', 'RIEPILOGO DEGLI INTERVENTI PIANIFICATI EFFETTUATI E NON EFFETTUATI  E PIANIFICAZIONE PER L\'ESERCIZIO CORRENTE', '', 1, 0, NULL, '2020-03-11 17:42:14'),
	(21, 21, 'd', 2, 'ANNUALE', 'PROPOSTA PIANO DI AUDIT PLURIENNALE CON RIFERIMENTO A BNL E ALLE SOCIETA\' DEL GRUPPO BNL', '', 'BANCA D\'ITALIA: Circ. 263/2006<br>BANCA D\'ITALIA: Circ. 285/2013', '', ' PIANIFICAZIONE PLURIENNALE CON RIFERIMENTO A BNL E ALLE SOCIETA\' DEL GRUPPO BNL', '', 1, 0, NULL, '2020-03-11 17:42:14'),
	(22, 22, 'd', 5, 'SEMESTRALE', 'INFORMATIVA SULL\'ATTIVITA\' SVOLTA DAL COMITATO PER IL CONTROLLO INTERNO E RISCHI ', '', 'BANCA D\'ITALIA: Circ. 285/2013', 'GOVERNO SOCIETARIO REGOLAMENTO CCIR', 'INFORMATIVA', '', 1, 0, NULL, '2020-03-11 17:42:14'),
	(23, 23, 'd', 5, 'SEMESTRALE', 'INFORMATIVA SU: <br>- PROVVEDIMENTI DISCIPLINARI SIA IN CASO DI FRODI ESTERNE, SIA NEI CASI IN CUI VOLUTAMENTE VENGANO AGGIRATE LE REGOLE DISPOSTE DALLA BANCA  E EVENTUALI AZIONI GESTIONALI<br>- ANDAMENTO GENERALE DELLE CAUSE GIUSLAVORISTICHE', '(con il contributo della Divisione Commercial Banking e Reti Agenti, Divisione Private Banking e Wealth Management, Divisione Corporate Banking) ', '', 'VERBALE CCIR E CS 24.3.2016 VERBALE CCIR <br>28.01.2020', 'INFORMATIVA SU:  -  PROVVEDIMENTI DISCIPLINARI SIA IN CASO DI FRODI ESTERNE, SIA NEI CASI IN CUI VOLUTAMENTE VENGANO AGGIRATE LE REGOLE DISPOSTE DALLA BANCA INTEGRATI CON INFORMAZIONI DI NATURA GESTIONALE , PER OGNI SINGOLA POSIZIONE, DALLA DATA EVENTO FRODE, CHE LE DIVISIONI DI BUSINESS E LA DIREZIONE RISORSE UMANE HANNO ASSUNTO O ASSUMERANNO IN RELAZIONE ALLA GRAVITA\' DELL\'EVENTO, AL FINE DI AVERE UNA VISIONE INTEGRATA E COMPLETA  -  ANDAMENTO GENERALE DELLE CAUSE GIUSLAVORISTICHE CON UN PARTICOLARE DETTAGLIO RICOLLEGABILI ALL\'AMBITO DEL D.LGS. 231/2001', '', 1, 0, NULL, '2020-03-11 17:42:14'),
	(24, 24, 'd', 1, 'AD EVENTO', 'CONVOCAZIONE ASSEMBLEA', 'CS RICEVE COMUNICAZIONE <br>PRESIDENTE CDA INVIA LETTERA A BNPP', 'ART. 2366 c.c', 'Statuto BNL SpA Titolo IV Assemblea Art. 12', '', '', 1, 0, NULL, '2020-03-11 17:42:14'),
	(25, 25, 'd', 1, 'AD EVENTO', 'AGGIORNAMENTO MODELLO DI ORGANIZZAZIONE, GESTIONE E CONTROLLO EX D.LGS. 231/2001', '', 'D.LGS. 231/2001', 'MODELLO DI ORGANIZZAZIONE E GESTIONE EX D.LGS. 231/2001 ', 'ADOZIONE DEL MODELLO DI ORGANIZZAZIONE, GESTIONE E CONTROLLO AGGIORNATO A SEGUITO DI NOVITA\' LEGISLATIVE', '', 1, 0, NULL, '2020-03-11 17:42:14'),
	(26, 26, 'd', 5, 'SEMESTRALE', 'INFORMATIVA SULL\'ATTIVITA\' SVOLTA DALL\'ORGANISMO DI VIGILANZA EX D.LGS. 231/2001', '', 'D.LGS. 231/2001', 'MODELLO DI ORGANIZZAZIONE E GESTIONE EX D.LGS. 231/2001 ', 'INFORMATIVA', '', 1, 0, NULL, '2020-03-11 17:42:14'),
	(27, 27, 'd', 2, 'ANNUALE', 'RELAZIONE SULL\'ATTIVITA\' SVOLTA DAL COMITATO REMUNERAZIONI ', '', 'BANCA D\'ITALIA: Circolare 285/2013', 'REGOLAMENTO COMITATO REMUNERAZIONI ', '', '', 1, 0, NULL, '2020-03-11 17:42:14'),
	(28, 28, 'd', 7, 'TRIMESTRALE', 'REPORT TRIMESTRALE PER IL COLLEGIO SINDACALE SULLE OPERAZIONI DI MAGGIOR RILEVANZA E DI MINOR RILEVANZA NON ORDINARIE NON ESIGUE EFFETTUATE CON PARTI CORRELATE PRODOTTE NEL CORSO DEL TRIMESTRE  ', '', 'BANCA D\'ITALIA - Circ. 263/2006 9° Aggiornamento 12.12.2011 - Titolo V, Cap. 5 - Attività di rischio e conflitti di interesse nei confronti dei Soggetti Collegati; Art. 136 TUB - Obbligazioni degli Esponenti bancari; Art. 24 ter L. 221/2012', 'Policy n. 14 del 29.07.2019<br>Circolare n. 72 del 18.12.2019', 'Informativa al fine di adempiere ai requisiti espressi dalla disciplina di Banca d\'Italia in materia di operatività nei confronti dei soggetti collegati', '', 1, 0, NULL, '2020-03-11 17:42:14'),
	(29, 29, 'd', 2, 'ANNUALE', 'INCONTRO DEL COLLEGIO SINDACALE DELLA CAPOGRUPPO BNL CON I COLLEGI SINDACALI DELLE SOCIETA\' DEL GRUPPO E LE SOCIETA\' IFITALIA E FINDOMESTIC', '', 'BANCA D\'ITALIA: Circ. 285/2013<br>ART. 2403 bis c.c', '', 'RECIPROCO SCAMBIO DI INFORMAZIONI', '', 1, 0, NULL, '2020-03-11 17:42:14'),
	(30, 30, 'd', 7, 'TRIMESTRALE', 'INCONTRO CON SOCIETA\' DI REVISIONE, ANCHE ALLA PRESENZA DEL DIRIGENTE PREPOSTO, PER VALUTAZIONI DEL SISTEMA DI CONTROLLO AMMINISTRATIVO-CONTABILE E SCAMBIO DI INFORMAZIONI RITENUTE RILEVANTI PER L\'ESPLETAMENTO DELLE PROPRIE FUNZIONI, NEL RISPETTO DELLE SPECIFICHE RESPONSABILITA\' E DEI RISPETTIVI COMPITI', '', 'D.LGS. N. 135 DEL 17.7.2016<br><br>Banca d\'Italia Circ. 285/2013', '', 'RECIPROCO SCAMBIO DI INFORMAZIONI ', '', 1, 0, NULL, '2020-03-11 17:42:14'),
	(31, 31, 'd', 2, 'ANNUALE', 'PIANO DI REVISIONE CONTENENTE LA PROGRAMMAZIONE DELLE ATTIVITÀ PER L\'ANNO IN CORSO', '', 'D.LGS. N. 135 DEL 17.7.2016', '', 'PIANO DI LAVORO DA ADOTTARE PER LA REVISIONE DEL BILANCIO D\'ESERCIZIO DI BNL SpA E DEL BILANCIO CONSOLIDATO DEL GRUPPO BNL', '', 1, 0, NULL, '2020-03-11 17:42:14'),
	(32, 32, 'd', 2, 'ANNUALE', 'RELAZIONE ANNUALE SULLO STATO DEI FORNITORI E DEI SUB-FORNITORI E GESTIONE DEL CONTANTE', '', '', 'SPECIFICA RICHIESTA DI CCIR-CS (verbali CCIR-CS del 26.11.2015)', 'RELAZIONE COMPLESSIVA DELLE QUANTIFICAZIONI DEI RISCHI SOTTOSTANTI E DI UN QUADRO COMPLETO SULLO STATO DEI FORNITORI E DEI SUB-FORNITORI', '', 1, 0, NULL, '2020-03-11 17:42:14'),
	(33, 33, 'd', 1, 'AD EVENTO', 'ESTERNALIZZAZIONE TRA BNL S.p.A. - B2C-ITALY E SOCIETA\' DEL GRUPPO BNPP PER LE ATTIVITA\' DI INTERNAL AUDIT DEL SISTEMA INTERNO DI RATING', '', 'BANCA D\'ITALIA: Circ. 285/2013<br>BANCA D\'ITALIA: Circ. 288/2015 ', 'Policy 24/2016<br>Policy n. 14 del 29.07.2019<br>Circolare n. 72 del 18.12.2019', 'PRESTAZIONE DI SERVIZI DI CONTROLLO SUL SISTEMA DI RATING INTERNO A FAVORE DI ENTITA\' DEL GRUPPO BNPP IN ITALIA', '', 1, 0, NULL, '2020-03-11 17:42:14'),
	(34, 34, 'd', 2, 'ANNUALE', 'GIUDIZIO DI REVISIONE INTERNA SULL\'IRB E FOLLOW UP DELLO STATO DI AVANZAMENTO DELLE AZIONI CORRETTIVE A FRONTE DELLE RACCOMANDAZIONI EMESSE DAI SUPERVISORS E/O DA B2C-ITALY<br>ARC (Annual Review Corporate)<br>', '', 'BANCA D\'ITALIA: Circ. 285/2013<br>Regolamento UE 529/2014', 'Documento SCI del 18.12.2017', 'RELAZIONE CHE ILLUSTRA I CONTROLLI SUL SISTEMA DI RATING INTERNO, PER CIASCUN PORTAFOGLIO AUTORIZZATO E I RELATIVI ESITI, DANDO SPECIFICA EVIDENZA DELLE CRITICITÀ RILEVATE E DEGLI INTERVENTI CORRETTIVI RICHIESTI', 'ENTRO IL 2° SEMESTRE DELL\'ANNO ', 1, 0, NULL, '2020-03-11 17:42:14'),
	(35, 35, 'd', 2, 'ANNUALE', 'GIUDIZIO DI REVISIONE INTERNA SULL\'IRB E FOLLOW UP DELLO STATO DI AVANZAMENTO DELLE AZIONI CORRETTIVE A FRONTE DELLE RACCOMANDAZIONI EMESSE DAI SUPERVISORS E/O DA B2C-ITALY<br>ARR (Annual Review Retail)<br>', '', 'BANCA D\'ITALIA: Circ. 285/2013<br><br>Regolamento UE 529/2014', 'Documento SCI del 18.12.2017', 'RELAZIONE CHE ILLUSTRA I CONTROLLI SUL SISTEMA DI RATING INTERNO, PER CIASCUN PORTAFOGLIO AUTORIZZATO E I RELATIVI ESITI, DANDO SPECIFICA EVIDENZA DELLE CRITICITÀ RILEVATE E DEGLI INTERVENTI CORRETTIVI RICHIESTI', 'ENTRO IL 2° SEMESTRE DELL\'ANNO ', 1, 0, NULL, '2020-03-11 17:42:14'),
	(36, 36, 'd', 2, 'ANNUALE', 'RAPPORTO SINTETICO ADEGUATEZZA E COSTI ICT', '', 'BANCA D\'ITALIA: Circolare 285/2013', '', 'Illustrazione del rapporto sintetico su adeguatezza e costi dell\'ICT (Information and Communications Technology).', '', 1, 0, NULL, '2020-03-11 17:42:14'),
	(37, 37, 'd', 2, 'ANNUALE', 'RISULTANZE DEI CONTROLLI DI TIPO PSF IN AMBITO SICUREZZA INFORMATICA', '', 'BANCA D\'ITALIA: Circolare 285/2013', '', 'Illustrazione dei controlli PSF di sicurezza informatica relativi all\'anno precedente Illustrazione del rapporto che ha lo scopo di sintetizzare lo stato di adeguatezza ed attuazione dei presidi di sicurezza informatica adottati dall\'organizzazione', '', 1, 0, NULL, '2020-03-11 17:42:14'),
	(38, 38, 'd', 1, 'AD EVENTO', 'POLITICA PER LA SICUREZZA INFORMATICA', '', 'BANCA D\'ITALIA: Circolare 285/2013', '', 'Illustrazione del documento di Politica per la Sicurezza Informatica', '', 1, 0, NULL, '2020-03-11 17:42:14'),
	(39, 39, 'd', 2, 'ANNUALE', 'RAPPORTO SINTETICO SULLO STATO DEL RISCHIO INFORMATICO BNL', '', 'BANCA D\'ITALIA: Circolare 285/2013', '', 'Presentazione dei risultati dell\'analisi del rischio informatico BNL alla data del 31/12 dell\'anno precedente - secondo la metodologia predefinita - con indicazione del livello di rischio rilevato.', '', 1, 0, NULL, '2020-03-11 17:42:14'),
	(40, 40, 'd', 1, 'AD EVENTO', 'METODOLOGIA DI GESTIONE DEL RISCHIO INFORMATICO', '', 'BANCA D\'ITALIA: Circolare 285/2013', '', 'Presentazione della metodologia di gestione del rischio informatico (parametri e modalità di calcolo), che viene applicata annualmente per elaborare l\'analisi del rischio informatico aziendale.', '', 1, 0, NULL, '2020-03-11 17:42:14'),
	(41, 41, 'd', 1, 'AD EVENTO', 'AGGIORNAMENTI SULLE ATTIVITA\': <br>-  MiFID<br>-  TRASPARENZA<br>-  RECLAMI, <br>-  USURA, <br>-  NEGATIVE NEWS<br>-  STATO DELL\'ARTE RELATIVO AD AZIONI DI MIGLIORAMENTO INTRAPRESE A SEGUITO DI VERIFICHE ISPETTIVE E COMUNICAZIONI DA PARTE DEI REGULATORS SU TEMI COMPLIANCE', '', 'BANCA D\'ITALIA:: Circ. 263/2006<br>BANCA D\'ITALIA:: Circ. 285/2013', 'Documento SCI del 18.12.2017', 'Aggiornamenti attività inerenti temi sensibili della Conformità', '', 1, 0, NULL, '2020-03-11 17:42:14'),
	(42, 42, 'd', 1, 'AD EVENTO', 'POLICY RIGUARDANTI MATERIE DI COMPETENZA', '', 'BANCA D\'ITALIA: Circ. 285/2013', '', '', '', 1, 0, NULL, '2020-03-11 17:42:14'),
	(43, 43, 'd', 1, 'AD EVENTO', 'VARIAZIONI ASSETTO ORGANIZZATIVO, MODELLO OPERATIVO E RUOLI DI RESPONSABILITA\' DELLA DIREZIONE COMPLIANCE', '', '', 'SPECIFICA RICHIESTA DEL CS-CCIR', '', '', 1, 0, NULL, '2020-03-11 17:42:14'),
	(44, 44, 'd', 2, 'ANNUALE', 'INFORMATIVA SULL\'ANDAMENTO DEI CONTROLLI SULLA TEMATICA MIFID II', '', 'DIRETTIVA MIFID II', 'Policy n.31/2018 Documento SCI 18.12.2017', '', '', 1, 0, NULL, '2020-03-11 17:42:14'),
	(45, 45, 'd', 7, 'TRIMESTRALE', 'RELAZIONE  SULLE ATTIVITÀ SVOLTE DALLA DIREZIONE COMPLIANCE  IN MATERIA DI CONFORMITÀ <br>(Semestralmente contiene anche info su Gruppo Bancario BNL)', '', 'BANCA D\'ITALIA:: Circ. 263/2006<br>BANCA D\'ITALIA:: Circ. 285/2013', 'Documento SCI del 18.12.2017', 'Resoconto sulle attività svolte dalla Direzione Compliance relativamente ai propri ambiti', '', 1, 0, NULL, '2020-03-11 17:42:14'),
	(46, 46, 'd', 7, 'TRIMESTRALE', 'RELAZIONE TRIMESTRALE IN MATERIA ANTIRICICLAGGIO E ANTITERRORISMO: <br>', '', 'BANCA D\'ITALIA:: Circ. 263/2006<br>BANCA D\'ITALIA:: Circ. 285/2013<br>PROVVEDIMENTO RECANTE DISPOSIZIONI ATTUATIVE IN MATERIA DI ORGANIZZAZIONE, PROCEDURE E CONTROLLI INTERNI VOLTI A PREVENIRE L\'UTILIZZO DEGLI INTERMEDIARI E DEGLI ALTRI SOGGETTI CHE SVOLGONO ATTIVITA\' FINANZIARIA A FINI DI RICICLAGGIO E DI FINANZIAMENTO DEL TERRORISMO, AI SENSI DELL\'ART. 7 COMMA 2 DEL D.LGS. N. 231 DI BANCA D\'ITALIA DEL 10.3.2011 <br>D.LGS. 231/2001 ART. 6, COMMA 2', 'Manuale Antiriciclaggio <br>(Circolare n° 68 del 12/12/2019)', 'RELAZIONE TRIMESTRALE IN MATERIA ANTIRICICLAGGIO E ANTITERRORISMO:  <br>(Semestralmente contiene anche info su Gruppo Bancario BNL)<br>- Relazione su KYC e supporto alla rete <br>- gestione dell\'AUI <br>- SOS <br>- antiterrorismo embarghi e armamenti<br>- monitoraggio e controlli <br>- formazione antiriciclaggio <br>- normativa antiriciclaggio  <br>- nuove progettualità<br>-Relazione inerente all\'attività svolta in materia di Sicurezza Finanziaria (#18.Contrasto finanziario al terrorismo, al riciclaggio, ai reati di criminalità organizzata e ai reati transnazionali)', '', 1, 0, NULL, '2020-03-11 17:42:14'),
	(47, 47, 'd', 7, 'TRIMESTRALE', 'INFORMATIVA ALLERTA ETICO<br>(Attività svolta sul corretto funzionamento dei sistemi interni di segnalazione) ', '', 'BANCA D\'ITALIA: Circ. 285/2013<br>D.LGS. 231/2001 ART. 6, COMMA 2<br>', 'Policy BNL n. 3/2019 – “Procedura Whistleblowing” Circolare 37/2019 “Principi di funzionamento del dispositivo di allerta etico – Whistleblowing”', 'segnalazioni ricevute dal dispositivo, gli esiti delle stesse e i presidi posti in essere a mitigazione del rischio accertato o presunte', '', 1, 0, NULL, '2020-03-11 17:42:14'),
	(48, 48, 'd', 1, 'AD EVENTO', 'INFORMATIVA ALLERTA ETICO<br>', '', 'BANCA D\'ITALIA: Circ. 285/2013<br>D.LGS. 231/2001 ART. 6, COMMA 2<br>', 'Policy BNL n. 3/2019 – “Procedura Whistleblowing” Circolare 37/2019 “Principi di funzionamento del dispositivo di allerta etico – Whistleblowing”', 'GESTIONE DEGLI ALERT AVENTI AD OGGETTO SOGGETTI APICALI', '', 1, 0, NULL, '2020-03-11 17:42:14'),
	(49, 49, 'd', 7, 'TRIMESTRALE', '“BNL NPL Strategy - evoluzione e aggiornamento della strategia di gestione dei crediti deteriorati della Banca e relativi KPI”', '', 'Linee Guida BCE sui Crediti Deteriorati (NPL\'S)', '', 'INFORMATIVA AL CDA SULL\'ANDAMENTO DEILA STRATEGIA DELLA BANCA SUI CREDITI DETERIORATI (NPL) NONCHE\' RAPPRESENTARE GLI ESITI DEI KPI PREVISTI DALLA BANCA CENTRALE EUROPEA', 'Entro il trimestre successivo al mese di riferimento dei dati<br>', 1, 0, NULL, '2020-03-11 17:42:14'),
	(50, 50, 'd', 7, 'TRIMESTRALE', 'RISULTATI ECONOMICI E PATRIMONIALI DI BNL BANCA COMMERCIALE, BNL S.p.A. E DEL GRUPPO BNL', '', '', 'ISTRUZIONI DELLA CAPOGRUPPO BNPP', 'RELAZIONE PREDISPOSTA PER L\'INVIO DELLA PREVISTA INFORMATIVA CONTABILE (cd. Package Matisse) AI FINI DEL RECEPIMENTO DEI CONTI DELLA BANCA NEL REPORTING CONSOLIDATO DEL GRUPPO FRANCESE', '', 1, 0, NULL, '2020-03-11 17:42:14'),
	(51, 51, 'd', 7, 'TRIMESTRALE', 'INFORMATIVA SUI REQUISITI PRUDENZIALI DEL GRUPPO BNL CON RIFERIMENTO ALLE SEGNALAZIONI AL (31 MARZO, 30 GIUGNO , 30 SETTEMBRE, 31 DICEMBRE   TRASMESSE ALLA BANCA D’ITALIA', '', '', 'SEGNALZIONI DI VIGILANZA ', 'Informativa sulle Segnalazioni prudenziali al 31 dicembre: il patrimonio di vigilanza, i coefficienti patrimoniali e di leva finanziaria, gli indicatori di copertura della liquidità e di finanziamento stabile (PASSA NELLA RIUNIONE SUCCESSIVA ALL\'approvazione del contributo di BNL S.p.A. al reporting consolidato del Gruppo francese ', '', 1, 0, NULL, '2020-03-11 17:42:14'),
	(52, 52, 'd', 2, 'ANNUALE', 'APPROVAZIONE DELL\'INFORMATIVA AL PUBBLICO PILLAR 3 ', 'Approvazione dell’informativa al pubblico Pillar 3 al 30 giugno; il patrimonio di vigilanza, i coefficienti patrimoniali e di leva finanziaria. Successivamente il documento sarà pubblicato sul sito ""bnl.it""', 'art. 433, comma 3, del Regolamento (UE) n. 575/2013 (CRR). ', '', '', '', 1, 0, NULL, '2020-03-11 17:42:14'),
	(53, 53, 'd', 5, 'SEMESTRALE', 'RESOCONTO DEL DIRIGENTE PREPOSTO IN MERITO ALLE ATTIVITA\' SVOLTE', '', 'TUF - D.LGS. N. 58 ART. 154 BIS DEL 24.02.1998 E SUCCESSIVI AGGIORNAMENTI L. 262/2005', 'Regolamento del Dirigente Preposto <br>(CdA del 25.9.2008) Cessazione dello status di emittente quotato di BNL SpA<br>(CdA del 25.6.2015)', 'ILLUSTRAZIONE DELLE ATTIVITA\' SVOLTE DAL DIRIGENTE PREPOSTO', '', 1, 0, NULL, '2020-03-11 17:42:14'),
	(54, 54, 'd', 2, 'ANNUALE', 'TERZO PILASTRO DI BASILEA 3 – INFORMATIVA AL PUBBLICO AI SENSI DEL REGOLAMENTO (UE) N. 575/2013', '', 'art. 433, comma 3, del Regolamento (UE) n. 575/2013 (CRR). ', '', 'informativa al pubblico Pillar 3 al 31 dicembre ...in materia di composizione dei fondi propri, dei requisiti di capitale e delle altre informazioni rese ai sensi dell’art. 433, comma 3, del Regolamento (UE) n. 575/2013 (CRR). l’Informativa da parte degli Enti ai sensi del Regolamento (UE) n. 575/2013” sarà inserita nel fascicolo “Relazione Finanziaria ”, e reso pubblico, ai sensi della CRR, unitamente al Bilancio d’esercizio.', '', 1, 0, NULL, '2020-03-11 17:42:14'),
	(55, 55, 'd', 2, 'ANNUALE', 'INFORMATIVA AL CONSIGLIO DI AMMINISTRAZIONE RELATIVA ALLE OPERAZIONI CON SOGGETTI COLLEGATI DELIBERATE NELL’ESERCIZIO PRECEDENTE', '', 'BANCA D\'ITALIA - Circ. 263/2006 9° Aggiornamento 12.12.2011 - Titolo V, Cap. 5 - Attività di rischio e conflitti di interesse nei confronti dei Soggetti Collegati; Art. 136 TUB - Obbligazioni degli Esponenti bancari; Art. 24 ter L. 221/2012', 'Policy n. 14 del 29.07.2019<br>Circolare n. 72 del 18.12.2019', 'Informativa sintetica relativa alle operazioni con soggetti collegati, deliberate nell’esercizio precedente, che, per loro natura e controvalore, non sono state sottoposte all’approvazione del Consiglio stesso<br>Informativa al fine di adempiere ai requisiti espressi dalla disciplina di Banca d\'Italia in materia di operatività nei confronti dei soggetti collegati<br>(Fanno parte del perimetro le operazioni ordinarie, inoltrate dalle strutture della Banca, (incluse le<br>operazioni con soggetti dipendenti della Banca o di una società del Gruppo, qualora si tratti di operazioni<br>cui tali soggetti hanno diritto per la loro qualità di dipendenti, nei limiti e condizioni previsti per i dipendenti<br>stessi), le operazioni non ordinarie esigue, le operazioni con le società del gruppo bancario BNL e le<br>operazioni creditizie concluse a condizioni di mercato ad esclusione delle operazioni di affidamento<br>concluse con un soggetto rientrante nel perimetro ex art. 136 TUB)<br>Le operazioni non ordinarie esigue sono oggetto di altro specifico flusso trimestrale', '', 1, 0, NULL, '2020-03-11 17:42:14'),
	(56, 56, 'd', 2, 'ANNUALE', 'BNL BANCA COMMERCIALE E GRUPPO BNL: BUDGET ', '', '', '', '', '', 1, 0, NULL, '2020-03-11 17:42:14'),
	(57, 57, 'd', 1, 'AD EVENTO', 'POLICY RIGUARDANTI MATERIE DI COMPETENZA', '', 'BANCA D\'ITALIA: Circ. 285/2013', '', '', '', 1, 0, NULL, '2020-03-11 17:42:14'),
	(58, 58, 'd', 7, 'TRIMESTRALE', 'INCIDENTI CON I REGULATORS', '', '', 'DISPOSIZIONI DELLA CAPOGRUPPO<br>(verb. CS n.32 del 30.10.2008)<br>(verb. CS n. 168 del 28.10.2015)', 'REPORT RIEPILOGATIVO RIGUARDANTE GLI INCIDENTI CON I REGULATORS (Banca d\'Italia, MEF, AGCM, Consob, ACP, AVCP, ABF, COVIP, Guardia di Finanza)', '', 1, 0, NULL, '2020-03-11 17:42:14'),
	(59, 59, 'd', 7, 'TRIMESTRALE', 'REPORT EVENTI CON I REGULATORS', '', '', 'DISPOSIZIONI DELLA CAPOGRUPPO<br>(verb. CS n.32 del 30.10.2008)<br>(verb. CS n. 168 del 28.10.2015)', 'REPORT RIEPILOGATIVO RIGUARDANTE LE RELAZIONI CON I REGULATORS (Banca d\'Italia, MEF, AGCM, Consob, ACP, AVCP, ABF, COVIP, Guardia di Finanza)', '', 1, 0, NULL, '2020-03-11 17:42:14'),
	(60, 60, 'd', 2, 'ANNUALE', 'PROGRAMMA DI COVERED BOND: RELAZIONE ANNUALE DELL\'ASSET MONITOR', '', 'Banca d\'Italia: Disposizioni di Vigilanza - Disciplina delle Obbligazioni Bancarie Garantite del 24.3.2010 (Legge n. 130 del 1999)', '', 'LA SOCIETA\' DI REVISIONE IN QUALITA\' DI ASSET MONITOR DEL PROGRAMMA DI COVERED BOND PRODUCE UNA RELAZIONE ANNUALE IN MERITO AI CONTROLLI SVOLTI SULLA REGOLARITA\' DELLE OPERAZIONI RICOMPRESE NEL PROGRAMMA STESSO E SULL\'INTEGRITA\' DELLA RELATIVA GARANZIA ', '', 1, 0, NULL, '2020-03-11 17:42:14'),
	(61, 61, 'd', 1, 'AD EVENTO', 'PIANO DI CONSERVAZIONE DEL CAPITALE', '', 'BANCA D\'ITALIA: Circolare 285/2013', '', 'Deliberazione di un Piano di conservazione del capitale nel caso in cui una banca non soddisfi il requisito combinato di riserva di capitale ', 'Invio tempestivo a Banca d\'Italia, entro 5 giorni lavorativi e prorogabili fino a 10 giorni', 1, 0, NULL, '2020-03-11 17:42:14'),
	(62, 62, 'd', 3, 'OGNI 18 MESI', 'POLICY ""GOVERNO E GESTIONE DEL RISCHIO DI LIQUIDITA\' ” e LIQUIDITY CONTINGENCY PLAN ', '', 'BANCA D\'ITALIA: Circolare 285/2013', 'Policy per il “Governo e gestione del rischio di liquidità” e del Liquidity Contingency Plan ', 'Governance e gestione del rischio di liquidità e predisposizione Piano di Emergenza (Contingency Funding and Recovery Plan ) per fronteggiare situazioni avverse  nel reperimento di fondi e per ripianamento di eventuali carenze di liquidità ', 'ULTIMA DATA DI PRESENTAZIONE 25.02.2020 PROSSIMA MAGGIO 2021 E NOVEMBRE 2022 (ogni 18 mesi)', 1, 0, NULL, '2020-03-11 17:42:14'),
	(63, 63, 'd', 2, 'ANNUALE', 'Informativa sui rapporti con Parti Correlate (IAS 24)', '', 'BANCA D\'ITALIA - Circ. 263/2006 9° Aggiornamento 12.12.2011 - Titolo V, Cap. 5 - Attività di rischio e conflitti di interesse nei confronti dei Soggetti Collegati; Art. 136 TUB - Obbligazioni degli Esponenti bancari; Art. 24 ter L. 221/2012- IAS 24', 'Policy n. 14 del 29.07.2019<br>', 'Informativa al fine di adempiere ai requisiti espressi dalla disciplina di Banca d\'Italia in materia di operatività nei confronti dei soggetti collegati', '', 1, 0, NULL, '2020-03-11 17:42:14'),
	(64, 64, 'd', 7, 'TRIMESTRALE', 'Informativa trimestrale aggregata relativa alle operazioni di minore rilevanza non ordinarie esigue  con soggetti collegati   sulle loro principali caratteristichee e  rispetto dei limiti prudenziali con riferimento alla totalità dei soggetti collegati', '', 'BANCA D\'ITALIA - Circ. 263/2006 9° Aggiornamento 12.12.2011 - Titolo V, Cap. 5 - Attività di rischio e conflitti di interesse nei confronti dei Soggetti Collegati; Art. 136 TUB - Obbligazioni degli Esponenti bancari; Art. 24 ter L. 221/2012', 'Policy n. 14 del 29.07.2019<br>Circolare n. 72 del 18.12.2019', 'Informativa al fine di adempiere ai requisiti espressi dalla disciplina di Banca d\'Italia in materia di operatività nei confronti dei soggetti collegati', '', 1, 0, NULL, '2020-03-11 17:42:14'),
	(65, 65, 'd', 7, 'TRIMESTRALE', 'INFORMATIVA CAUSE PASSIVE PROCEDIMENTI PENALI E  PROCEDIMENTI SANZIONATORI LEGAL RISKS ', '', '', 'SPECIFICA RICHIESTA DI CS-CCIR<br>(verb. CS n.32 del 30.10.2008)<br>(verb. CS n. 168 del 28.10.2015)<br>Policy n. n. 5 del 06.03.2019 ', 'RIEPILOGO DELLE CAUSE PASSIVE, DEI PROCEDIMENTI SANZIONATORI E PENALI E DELLE RICHIESTE DELL\'AUTORITA\' GIUDIZIARIA DI PARTICOLARE RILEVANZA CON EVIDENZA DEI PROCEDIMENTI/ACCERTAMENTI NUOVI E CHIUSI<br>IVI COMPRESO IL MONITORAGGIO SVILUPPI PROCEDIMENTI PENALI ESPONENTI AZIENDALI INDICATI DA BCE (REQUISITI 23 MAGGIO 2018) ', '', 1, 0, NULL, '2020-03-11 17:42:14'),
	(66, 66, 'd', 1, 'AD EVENTO', '-Reportistica sull\'andamento delle vertenze e dei procedimenti <br>- Aggiornamento sull\'evoluzione della legislazione e della giurisprudenza ', '', '', '', 'REPORTISTICA SULL\'ANDAMENTO DELLE VERTENZE E DEI PROCEDIMENTI E AGGIORNAMENTO SULL\'EVOLUZIONE DELLA LEGISLAZIONE E DELLA GIURISPRUDENZA', '', 1, 0, NULL, '2020-03-11 17:42:14'),
	(67, 67, 'd', 7, 'TRIMESTRALE', 'MONITORAGGIO SVILUPPI PROCEDIMENTI PENALI ESPONENTI AZIENDALI INDICATI DA BCE (REQUISITI 23 MAGGIO 2018) ', 'Il CN riferisce al CdA', '', 'Policy n. n. 5 del 06.03.2019 ', '', '', 1, 0, NULL, '2020-03-11 17:42:14'),
	(68, 68, 'd', 1, 'AD EVENTO', '', '', '', 'Policy n. n. 5 del 06.03.2019 ', ' PROCEDIMENTI PENALI ESPONENTI AZIENDALI INDICATI DA BCE PER INFORMAZIONI RILEVANTI', '', 1, 0, NULL, '2020-03-11 17:42:14'),
	(69, 69, 'd', 1, 'AD EVENTO', 'Nomina Consiglieri di Amministrazione', 'IL CS E\' PRESENTE IN ASSEMBLEA', 'ART. 2383 Cod. Civ.', 'Art. 16 Statuto', '', '', 1, 0, NULL, '2020-03-11 17:42:14'),
	(70, 70, 'd', 6, 'TRIENNALE', 'Nomina Consiglieri di Amministrazione/Presidente ', 'IL CS E\' PRESENTE IN ASSEMBLEA', 'ART. 2383 Cod. Civ.', 'Art. 16 Statuto', 'Nomina Consiglieri di Amministrazione/Presidente all\'approvazione del bilancio del terzo esercizio riferito al triennio', '', 1, 0, NULL, '2020-03-11 17:42:14'),
	(71, 71, 'd', 2, 'ANNUALE', 'AUTOVALUTAZIONE DEL CONSIGLIO DI AMMINISTRAZIONE<br>(valutazione complessiva dei requisiti di idoneità degli Amministratori)', ' PROPONE AL PRESIDENTE DEL CDA IL PERSONALE DA INCARICARE PER CONDURRE IL PROCESSO DI AUTOVALUTAZIONE E DA IL PARERE SU AVVIO E ESITO<br>COMUNICAZIONE BANCA D\'ITALIA O BCE<br>(solo su richiesta del Regulator)<br>', 'Circolare Banca d\'Italia 285/2013', '', 'L\'ORGANO DI SUPERVISIONE STRATEGICA SVOLGE UNA AUTOVALUTAZIONE RECEPENDO IL CONTRIBUTO CHE I SINGOLI CONSIGLIERI APPORTANO AI LAVORI DELL\'ORGANO STESSO NEL SUO COMPLESSO', 'Avvio: GENNAIO Esito: MARZO', 1, 0, NULL, '2020-03-11 17:42:14'),
	(72, 72, 'd', 6, 'TRIENNALE', 'AUTOVALUTAZIONE DEL CONSIGLIO DI AMMINISTRAZIONE<br>(valutazione complessiva dei requisiti di idoneità degli Amministratori)<br> (IN OCCASIONE DEL RINNOVO DELL\'ORGANO)', ' PROPONE AL PRESIDENTE DEL CDA IL PERSONALE DA INCARICARE PER CONDURRE IL PROCESSO DI AUTOVALUTAZIONE E DA IL PARERE SU AVVIO E ESITO<br>COMUNICAZIONE A CAPOGRUPPO BNP, BANCA D\'ITALIA o BCE<br>(autovalutazione triennale) ', 'Circolare Banca d\'Italia 285/2013', '', 'L\'ORGANO DI SUPERVISIONE STRATEGICA SVOLGE UNA AUTOVALUTAZIONE RECEPENDO IL CONTRIBUTO CHE I SINGOLI CONSIGLIERI APPORTANO AI LAVORI DELL\'ORGANO STESSO NEL SUO COMPLESSO', 'Avvio: GENNAIO Esito: MARZO', 1, 0, NULL, '2020-03-11 17:42:14'),
	(73, 73, 'd', 7, 'TRIMESTRALE', 'MONITORAGGIO TIME COMMITMENT ABETE ', 'Il CN riferisce al CdA', '', 'Policy n. 5 del 06.03.2019', '', '', 1, 0, NULL, '2020-03-11 17:42:14'),
	(74, 74, 'd', 1, 'AD EVENTO', 'MONITORAGGIO TIME COMMITMENT ABETE ', 'Il CN riferisce al CdA', '', 'Policy n. 5 del 06.03.2019', '', '', 1, 0, NULL, '2020-03-11 17:42:14'),
	(75, 75, 'd', 7, 'TRIMESTRALE', 'MONITORAGGIO TIME COMMITMENT COLLEGIO SINDACALE', 'Il CN riferisce al CdA', '', 'Delibera CDA 24.10.19  Policy n. 5 del 06.03.2019<br>', '', '', 1, 0, NULL, '2020-03-11 17:42:14'),
	(76, 76, 'd', 1, 'AD EVENTO', 'MONITORAGGIO TIME COMMITMENT COLLEGIO SINDACALE', 'Il CN riferisce al CdA', '', 'Delibera CDA 24.10.19  Policy n. 5 del 06.03.2019<br>', '', '', 1, 0, NULL, '2020-03-11 17:42:14'),
	(77, 77, 'd', 1, 'AD EVENTO', 'AGGIORNAMENTO COMITATI INTERFUNZIONALI', '', '', '', 'Aggiornamento organizzativo che rientra nei poteri del CdA', '', 1, 0, NULL, '2020-03-11 17:42:14'),
	(78, 78, 'd', 1, 'AD EVENTO', 'AGGIORNAMENTO SISTEMA DEI CONTROLLI INTERNI E RELATIVA POLICY', 'CCIR PARERE circa l’adeguatezza dello stesso a conseguire gli obiettivi previsti dalle norme', 'BANCA D\'ITALIA - Circ. 285/2013 11° Aggiornamento 21.07.2015 ', '', 'Eventuali modifiche ed integrazioni che incidano sui principi fondamentali del documento dovranno essere approvate dal Consiglio di Amministrazione, mentre le altre variazioni potranno essere apportate con deliberazioni dell’Amministratore Delegato e successiva informazione al Consiglio di Amministrazione.(CDA 25 06 14 E CDA 18 12 17 )', '', 1, 0, NULL, '2020-03-11 17:42:14'),
	(79, 79, 'd', 5, 'SEMESTRALE', 'INFORMATIVA SU VARIAZIONI ASSETTO ORGANIZZATIVO DIREZIONE CENTRALE', '', '', 'SPECIFICA RICHIESTA DI CS<br>(verb. CS n.73 del 14.9.2010)', 'INFORMATIVA SU VARIAZIONI ASSETTO ORGANIZZATIVO DIREZIONE CENTRALE', '', 1, 0, NULL, '2020-03-11 17:42:14'),
	(80, 80, 'd', 1, 'AD EVENTO', 'VARIAZIONI ASSETTO ORGANIZZATIVO GENERALE', '', '', '', '', '', 1, 0, NULL, '2020-03-11 17:42:14'),
	(81, 81, 'd', 1, 'AD EVENTO', 'AGGIORNAMENTI IN MATERIA DI POTERI DI FIRMA E RAPPRESENTANZA', '', '', '', 'Potere del CdA', '', 1, 0, NULL, '2020-03-11 17:42:14'),
	(82, 82, 'd', 1, 'AD EVENTO', 'POTERI DELEGATI DALL\'AMMINISTRATORE DELEGATO', '', '', '', 'Delibera CdA su Info', '', 1, 0, NULL, '2020-03-11 17:42:14'),
	(83, 83, 'd', 5, 'SEMESTRALE', 'Aggiornamento su sanzione Consob ', '', '', '', 'il CdA BNL di dicembre 2019 ha richiesto aggiornamento dopo 6 mesi sulle azioni da mettere in campo per il miglioramento del dispositivo a seguito della sanzione pecuniaria di 300k€ di fine 2019', '', 1, 0, NULL, '2020-03-11 17:42:14'),
	(84, 84, 'd', 1, 'AD EVENTO', ' FRODI: RELAZIONE ACCERTATIVA ', '', 'BANCA D\'ITALIA: Circ. 285/2013', 'REGOLAMENTO CS e CCIR/OdV<br>(verb. CS n.32 del 30.10.2008) ', 'ILLUSTRAZIONI DELLE RISULTANZE DEGLI APPROFONDIMENTI CONDOTTI IN RELAZIONE ALL\'EVENTO FRAUDOLENTO ', '', 1, 0, NULL, '2020-03-11 17:42:14'),
	(85, 85, 'd', 5, 'SEMESTRALE', 'ANALISI DEI GIUDIZI DI REVOCATORIA FALLIMENTARE CON PETITUM SUPERIORE A 1 MILIONE DI EURO', '', '', 'SPECIFICA RICHIESTA DEL CCIR DEL 23.11.2016 VERB. N. 108', 'Informare  in merito ai principali aspetti attinenti le gestioni in bonis e workout dei rapporti che sono stati oggetto di richieste di revocatoria fallimentare, con petitum superiore a 1 milione di euro', '', 1, 0, NULL, '2020-03-11 17:42:14'),
	(86, 86, 'd', 1, 'AD EVENTO', 'Decisione BCE sulla IMI (Internal Model Investigation) per il model change Mid Corporate: aggiornamento sul  piano delle azioni correttive', '', 'Regolamento UE 575/2013<br>BANCA D\'ITALIA: Circ. 285/2013<br>BANCA CENTRALE EUROPEA: Lettera del 4.6.2019 ""ECB-SSM-2019-FRBNP-33 - Decision on permission to implement material changes and extension to the PD and LGD models for the SME Corporate portfolio for calculating own funds requirements for credit risk""<br><br>', '', 'Relazione ad evento in caso di mutamenti significativi sullo stato di avanzamento del piano delle azioni correttive implementate rispetto alla ""Final Decision"" della BCE in merito al material model change sui modelli PD e LGD  Mid Corporate<br>(fino allla risoluzione di tutte le Obligation contenute nella ""Final Decision"" della BCE)', '', 1, 0, NULL, '2020-03-11 17:42:14'),
	(87, 87, 'd', 5, 'SEMESTRALE', 'Decisione BCE sulla IMI (Internal Model Investigation) per il model change Mid Corporate: informativa sullo stato di avanzamento del piano delle azioni correttive<br>', 'Deliberato dal CdA in data 12.09.2019 delega al Direttore Rischi per l\'invio a BCE dell\'aggiornamento trimestrale sullo stato di avanzamento del piano delle azioni correttive', 'Regolamento UE 575/2013<br>BANCA D\'ITALIA: Circ. 285/2013<br>BANCA CENTRALE EUROPEA: Lettera del 4.6.2019 ""ECB-SSM-2019-FRBNP-33 - Decision on permission to implement material changes and extension to the PD and LGD models for the SME Corporate portfolio for calculating own funds requirements for credit risk""<br><br>', 'Delibera dal CdA in data 12.09.2019 ', 'Relazione sullo stato di avanzamento del piano delle azioni correttive implementate rispetto alla ""Final Decision"" della BCE in merito al material model change sui modelli PD e LGD  Mid Corporate<br>(fino allla risoluzione di tutte le Obligation contenute nella ""Final Decision"" della BCE)', '', 1, 0, NULL, '2020-03-11 17:42:14'),
	(88, 88, 'd', 1, 'AD EVENTO', 'EVIDENZE DEL PROCESSO DI CONVALIDA ""DI PRIMO IMPIANTO"" O PER LE MODIFICHE DI SISTEMI DI RATING INTERNI ESISTENTI', '', 'Regolamento UE 575/2013<br>BANCA D\'ITALIA: Circ. 285/2013<br><br>', '', 'RELAZIONE SULL\'ESITO DEL PROCESSO DI VALIDAZIONE DEI MODELLI DI STIMA DEL RISCHIO DI CREDITO', '', 1, 0, NULL, '2020-03-11 17:42:14'),
	(89, 89, 'd', 7, 'TRIMESTRALE', 'INFORMATIVA SUL MONITORAGGIO DEL TRACCIAMENTO DELLE OPERAZIONI BANCARIE EX PROVVEDIMENTO DEL GARANTE PRIVACY 192/2011', '', 'PROVVEDIMENTO GARANTE DELLA PRIVACY N. 192/2011 ""PRESCRIZIONI IN MATERIA DI CIRCOLAZIONE DELLE INFORMAZIONI IN AMBITO BANCARIO E DI TRACCIAMENTO DELLE OPERAZIONI BANCARIE""', 'Guida operativa n. 73 del 26.9.2014', 'Informativa sul monitoraggio del tracciamento delle operazioni bancarie previsto ex provvedimento del Garante Privacy n. 192/2011', '', 1, 0, NULL, '2020-03-11 17:42:14'),
	(90, 90, 'd', 5, 'SEMESTRALE', 'INFORMATIVA SULLE FRODI RILEVATE, SULLE SANZIONI ADOTTATE E SULLE MISURE CORRETTIVE INDIVIDUATE/REALIZZATE', '', 'BANCA D\'ITALIA: Circ. 285/2013', '(verb. CdA del 23.07.2015) ', 'RENDICONTAZIONE DELLE PRINCIPALI ATTIVITA\' SVOLTE IN MATERIA DI FRODI NEL SEMESTRE E DELLE INIZIATIVE DI MITIGAZIONE DEL RISCHIO ATTIVATE A SEGUITO DELLE CRITICITA\'  RILEVATE', '', 1, 0, NULL, '2020-03-11 17:42:14'),
	(91, 91, 'd', 5, 'SEMESTRALE', 'MONITORAGGIO POTENZIALI CONFLITTI DI INTERESSE DEGLI ESPONENTI AZIENDALI (altre esposizioni diverse da NPL)', 'CN <br>RIFERISCE IN CDA ', '', 'Policy n. n. 5 del 06.03.2019 ', 'RENDICONTARE SUI POTENZIALI CONFLITTI D\'INTERESSE DEGLI ESPONENTI AZIENDALI RELATIVAMENTE ALLE ESPOSIZIONI DIVERSE DAI NPL EXPOSURE', '', 1, 0, NULL, '2020-03-11 17:42:14'),
	(92, 92, 'd', 1, 'AD EVENTO', 'MONITORAGGIO POTENZIALI CONFLITTI DI INTERESSE DEGLI ESPONENTI AZIENDALI (altre esposizioni diverse da NPL)<br>PER MUTAMENTI SIGNIFICATIVI', 'CN <br>RIFERISCE IN CDA ', '', 'Policy n. n. 5 del 06.03.2019 ', 'RENDICONTARE SUI POTENZIALI CONFLITTI D\'INTERESSE DEGLI ESPONENTI AZIENDALI RELATIVAMENTE ALLE ESPOSIZIONI DIVERSE DAI NPL EXPOSURE', '', 1, 0, NULL, '2020-03-11 17:42:14'),
	(93, 93, 'd', 7, 'TRIMESTRALE', 'MONITORAGGIO POTENZIALI CONFLITTI DI INTERESSE DEGLI ESPONENTI AZIENDALI (ESPOSIZIONE NPL)', 'CN <br>RIFERISCE IN CDA ', '', 'Policy n. n. 5 del 06.03.2019 ', 'RENDICONTARE SUI POTENZIALI CONFLITTI D\'INTERESSE DEGLI ESPONENTI AZIENDALI RELATIVAMENTE ALLE NPL EXPOSURE<br>\'<br>', 'SEMESTRALMENTE IL RELATIVO REPORT VA INVIATO ALLA BCE', 1, 0, NULL, '2020-03-11 17:42:14'),
	(94, 94, 'd', 1, 'AD EVENTO', 'MONITORAGGIO POTENZIALI CONFLITTI DI INTERESSE DEGLI ESPONENTI AZIENDALI (ESPOSIZIONE NPL)', 'CN <br>RIFERISCE IN CDA ', '', 'Policy n. n. 5 del 06.03.2019 ', 'RENDICONTARE SUI POTENZIALI CONFLITTI D\'INTERESSE DEGLI ESPONENTI AZIENDALI RELATIVAMENTE ALLE NPL EXPOSURE<br>\'<br>', '', 1, 0, NULL, '2020-03-11 17:42:14'),
	(95, 95, 'd', 1, 'AD EVENTO', 'RAF: AZIONI CORRETTIVE PROPOSTE PER SUPERAMENTO DI LIMITI', '', '', 'CIRC N. 71 del 20/12/2016', 'ADOZIONE DELLE AZIONI CORRETTIVE PROPOSTE PER RIENTRARE ALL\'INTERNO DEI LIMITI INDICATI NEL RAF', '', 1, 0, NULL, '2020-03-11 17:42:14'),
	(96, 96, 'd', 7, 'TRIMESTRALE', 'RAF: RISULTANZE DELL\'ATTIVITA\' DI MONITORAGGIO DELLE METRICHE E DELLE LORO SOGLIE ASSOCIATE', '', 'BANCA D\'ITALIA: Circ. 285/2013', '<br>CIRC N. 71 del 20/12/2016', 'INFORMATIVA SULLE RISULTANZE DELL\'ATTIVITA\' DI MONITORAGGIO DELLE METRICHE E DELLE LORO SOGLIE ASSOCIATE', '', 1, 0, NULL, '2020-03-11 17:42:14'),
	(97, 97, 'd', 2, 'ANNUALE', 'RELAZIONE SULLE VALUTAZIONI DI BNL SUL RATING ECAI UTILIZZATI PER IL CALCOLO DEL REQUISITO PATRIMONIALE IN REGIME STANDARD (Valutazione del merito del credito)', 'INVIO A BANCA D\'ITALIA IN CASO IN CUI DALL\'ESAME EMERGANO FREQUENTI E SIGNIFICATIVI DISALLINEAMENTI FRA LE VALUTAZIONI INTERNE ED ESTERNE', 'BANCA D\'ITALIA: Lettera n. 4656 del 2.1.2009<br>BANCA D\'ITALIA: Circ. 263/2006<br>BANCA D\'ITALIA: Circ. 285/2013', '', 'RELAZIONE DI VALUTAZIONE SUI RATING ECAI UTILIZZATI PER IL CALCOLO DEL REQUISITO PATRIMONIALE SECONDO L\'APPROCCIO STANDARD', '', 1, 0, NULL, '2020-03-11 17:42:14'),
	(98, 98, 'd', 5, 'SEMESTRALE', 'REPORT RISCHI OPERATIVI <br>(comprensivo di ""Focus Cause Passive""  e ""Report sulle Raccomandazioni scadute"")', '', '', '', 'RIEPILOGO DEGLI EVENTI RILEVANTI CHE HANNO RIGUARDATO L\'ATTIVITA\' SUI RISCHI OPERATIVI', '', 1, 0, NULL, '2020-03-11 17:42:14'),
	(99, 99, 'd', 1, 'AD EVENTO', 'VARIAZIONI ASSETTO ORGANIZZATIVO, MODELLO OPERATIVO E RUOLI DI RESPONSABILITA\' DELLA DIREZIONE RISCHI', '', '', 'SPECIFICA RICHIESTA DEL CS-CCIR', 'VARIAZIONI ASSETTO ORGANIZZATIVO, MODELLO OPERATIVO E RUOLI DI RESPONSABILITA\' DELLA DIREZIONE RISCHI', '', 1, 0, NULL, '2020-03-11 17:42:14'),
	(100, 100, 'd', 5, 'SEMESTRALE', '- RELAZIONE INTEGRATA SUI RISCHI (DI CREDITO, DI CONTROPARTE, DI MERCATO, DI LIQUIDITA\' (ALM) E OPERATIVI) <br>- MONITORAGGIO ANDAMENTALE DEL MODELLO INTERNO SU RISCHIO DI MERCATO', '', 'REGOLAMENTO CONGIUNTO BANCA D\'ITALIA E CONSOB AI SENSI DELL\'ART. 13, COMMA 3 DEL 29.10.2007 E DELIBERA CONSOB N. 17297 DEL 28.4.2010<br>BANCA D\'ITALIA: Circ. 285/2013<br>Regolamento UE n. 575/2013<br>D.LGS. 231/2001 ART. 6, COMMA 2', '(Rischio di Mercato: BNL_CIR_187/2012 Versione n. 2.0 del 18.11.2015)<br>CIRC N. 71 del 20/12/2016 ALLEGATO C): FLUSSI INFORMATIVI NEI CONFRONTI OdV (Modello di Organizzazione, Gestione e Controllo ex D.Lgs. 231/2001)', 'ANALISI DEL PORTAFOGLIO SU RISCHI DI CREDITO, CONTROPARTE, MERCATO, ALM, E OPERATIVI <br>Relazione semestrale integrata sui rischi (di credito, di controparte, di mercato, di liquidità (ALM) e operativi).<br>(02.Gestione del processo del credito) ', '', 1, 0, NULL, '2020-03-11 17:42:14'),
	(101, 101, 'd', 7, 'TRIMESTRALE', 'Controlli sui processi di Override e Misure di Rischio Judgmental', '', 'D.LGS. 231/2001 ART. 6, COMMA 2', 'ALLEGATO C): FLUSSI INFORMATIVI NEI CONFRONTI OdV (Modello di Organizzazione, Gestione e Controllo ex D.Lgs. 231/2001) SU SPECIFICA RICHIESTA DEL CCIR/ODV DEL 18.12.2017 (VERB, N . 124)', 'Analisi Retrospettive e Controlli sui processi di Override e di assegnazione delle Misure di Rischio Judgmental.<br>(#02.Gestione del processo del credito)', '', 1, 0, NULL, '2020-03-11 17:42:14'),
	(102, 102, 'd', 5, 'SEMESTRALE', 'Evidenze del processo di monitoraggio infra-annuale sui modelli di rating IRBA per il calcolo dei requisiti patrimoniali', '', 'Regolamento UE 575/2013<br>BANCA D\'ITALIA: Circ. 285/2013<br>D.LGS. 231/2001 ART. 6, COMMA 2', ' ALLEGATO C): FLUSSI INFORMATIVI NEI CONFRONTI OdV (Modello di Organizzazione, Gestione e Controllo ex D.Lgs. 231/2001)', 'INFORMATIVA SULL\'ESITO DEL PROCESSO DI VALIDAZIONE DEI MODELLI DI STIMA DEL RISCHIO DI CREDITO      <br>     <br>- Monitoraggio nel continuo dei modelli PD e LGD/GRR (local e central)  - Valutazione dell’affidabilità e robustezza dei parametri di rischio di credito stimati sui portafogli Corporate e Retail della banca. <br>(Rischio di credito sui portafogli corporate e retail)<br>(#02.Gestione del Processo del Credito)<br>(la semestrale con scadenza luglio è presentata nella relazione annuale \'Evidenze del processo di validazione annuale sui modelli di rating IRBA per il calcolo dei requisiti patrimoniali)', '', 1, 0, NULL, '2020-03-11 17:42:14'),
	(103, 103, 'd', 2, 'ANNUALE', 'Evidenze del processo di validazione annuale sui modelli di rating IRBA per il calcolo dei requisiti patrimoniali', '', 'Regolamento UE 575/2013<br>BANCA D\'ITALIA: Circ. 285/2013<br>D.LGS. 231/2001 ART. 6, COMMA 2<br>D.LGS. 231/2001 ART. 6, COMMA 2<br><br><br>', 'ALLEGATO C): FLUSSI INFORMATIVI NEI CONFRONTI OdV (Modello di Organizzazione, Gestione e Controllo ex D.Lgs. 231/2001)', 'INFORMATIVA SULL\'ESITO DEL PROCESSO DI VALIDAZIONE DEI MODELLI DI STIMA DEL RISCHIO DI CREDITO -  Convalida on-going sui modelli di stima del rischio di credito sviluppati da BNL (cc.dd. ""modelli locali"")<br>-  Qualificazione on-going dei modelli di stima del rischio di credito sviluppati da BNP Paribas e applicati in BNL (cc.dd. ""modelli centrali"")<br>-  Valutazione dell’affidabilità e robustezza dei parametri di rischio di credito stimati sui portafogli Corporate e Retail della Banca.(Rischio di credito sui portafogli corporate e retail)<br>(#02.Gestione del Processo del Credito)<br>', '', 1, 0, NULL, '2020-03-11 17:42:14'),
	(104, 104, 'd', 2, 'ANNUALE', 'Informativa circa l\'esito dei controllo di 2° livello in materia di esternalizzazioni<br>*Richiesto dall\'IG-Hi nell\'ambito dell\'Audit IG001249 ""BNL S.p.A. - Outsourcing management"" attraverso specifica Reco ""R102619 / Define second level controls on operational risk related to outsourcing<br>management process in BNL and the information flows toward BNL’s Corporate Bodies""  ', '(MOG Parte Generale ESTERNALIZZA-ZIONE)', 'BANCA D\'ITALIA - Circolare n. 285/2013 ""Disposizioni di Vigilanza per le Banche""<br>D.LGS. 231/2001 ART. 6, COMMA 2', 'Policy 24/2016 - Politica di Outsourcing del Gruppo BNL Circolare 42/2018 ""Norma di attuazione sulla gestione delle esternalizzazioni ALLEGATO C): FLUSSI INFORMATIVI NEI CONFRONTI OdV (Modello di Organizzazione, Gestione e Controllo ex D.Lgs. 231/2001)', 'PROCESSO DI ESTERNALIZZAZIONE EXTRA GRUPPO ED INTRA GRUPPO DELLA BANCA - ESITI DEL CONTROLLO DI 2° LIVELLO IN MATERIA DI ESTERNALIZZAZIONI ESEGUITO SU AMBITI SPECIFICI (ES. VERIFICA DELL\'EFFICACIA DELL\'ESECUZIONE DEI CONTROLLI DI PRIMO LIVELLO IN MATERIA DI ESTERNALIZZAZIONI) E/O CLUSTER DI SERVIZI SPECIFICI EROGATI DA TERZI FORNITORI. <br>Flusso di controllo di 2° livello in materia di esternalizzazioni. ', '', 1, 0, NULL, '2020-03-11 17:42:14'),
	(105, 105, 'd', 5, 'SEMESTRALE', 'INFORMATIVA PERIODICA SULLE RISSULTANZE DEI CONTROLLI PSF RILEVANTI 231/2001', '(MOG Parte Generale PSF)', 'BANCA D\'ITALIA - Circolare n. 285/2013 ""Disposizioni di Vigilanza per le Banche""<br>D.LGS. 231/2001 ART. 6, COMMA 2', 'Policy 24/2016 - Politica di Outsourcing del Gruppo BNL Circolare 42/2018 ""Norma di attuazione sulla gestione delle esternalizzazioni ALLEGATO C): FLUSSI INFORMATIVI NEI CONFRONTI OdV (Modello di Organizzazione, Gestione e Controllo ex D.Lgs. 231/2001)', 'RENDICONTAZIONE DEGLI ESITI DEI CONTROLLI DI TIPO PSF RILEVANTI 231/01 CON RISULTATO NEGATIVO (MARGINALMENTE SODDISFACENTE / INSODDISFACENTE) E RAPPRESENTAZIONE DELLE AZIONI DI MITIGAZIONE INDIVIDUATE / INTRAPRESE informativa periodica sulle risultanze dei controlli Psf rilevanti 231/2001 (COME SOPRA)', '', 1, 0, NULL, '2020-03-11 17:42:14'),
	(106, 106, 'd', 7, 'TRIMESTRALE', 'REPORTING GESTIONE RECLAMI Reporting circa la gestione dei reclami, con dettaglio dell\'avanzamento e della ""risposta"" / punti di attenzione.', '', 'D.LGS. 231/2001 ART. 6, COMMA 2', 'SPECIFICA RICHIESTA DI CS<br>(verb. CS n. 173 del 28.1.2016) ALLEGATO C): FLUSSI INFORMATIVI NEI CONFRONTI OdV (Modello di Organizzazione, Gestione e Controllo ex D.Lgs. 231/2001)', 'AVANZAMENTO E PUNTI DI ATTENZIONE  \'L\'informativa conterrà il dettaglio circa i seguenti aspetti:                             <br>- spiegazione delle cause che hanno generato il reclamo /  \'anomalia (ad es. bag di procedura);<br>- chiusura dei reclami che sono stati trasmessi tramite la casella di posta elettronica dell\'Organismo.<br>#01. Gestione dei servizi bancari tipici e servizi accessori e dei servizi di incasso e pagamento #02. Gestione del processo del credito #03. Gestione dei servizi di investimento e delle attività connesse agli abusi di mercato<br> ', '', 1, 0, NULL, '2020-03-11 17:42:14'),
	(107, 107, 'd', 2, 'ANNUALE', 'Relazione sulle modalità di svolgimento dei servizi e delle attività d\'investimento e dei servizi accessori e delle attività di distribuzione di prodotti finanziari emessi dalle Banche.', '', 'DELIBERA CONSOB N. 17297 DEL 28.4.2010<br>D.LGS. 231/2001 ART. 6, COMMA 2', '', 'RELAZIONE CHE RECEPISCE I CONTRIBUTI FORNITI DALLE DIREZIONI/DIVISIONI COINVOLTE NELLA PRESTAZIONE DEI SERVIZI ED ATTIVITA\' DI INVESTIMENTO E DEI SERVIZI ACCESSORI \'Relazione sulle modalità di svolgimento dei servizi e delle attività d\'investimento e dei servizi accessori e delle attività di distribuzione di prodotti finanziari emessi dalle Banche.<br>(#03.Gestione dei serizi di investimento e delle attività connesse agli abusi di mercato)', 'Invio a Consob entro il 31 marzo di ogni anno', 1, 0, NULL, '2020-03-11 17:42:14'),
	(108, 108, 'd', 1, 'AD EVENTO', 'ESITI DELLE MISSIONI DI AUDIT DI BNL', '', 'BANCA D\'ITALIA: Circolare 285/2013', 'Documento SCI del 18.12.2017', 'REPORT SU OGNI SINGOLA AUDIT DI BNL', '', 1, 0, NULL, '2020-03-11 17:42:14'),
	(109, 109, 'd', 4, 'QUADRIMESTRALE', 'REPORT SUGLI ESITI DELL\'ATTIVITA\' DI VERIFICA CONDOTTA  DALL\'IGHI NEL PERIODO DI RIFERIMENTO OSSIA SINTESI DELLE ATTIVITA\' DI REVISIONE INTERNA SVOLTE NEL CORSO DEL QUADRIMESTRE PRECEDENTE', '', '', 'Documento SCI del 18.12.2017', 'RIEPILOGO DELLE PRINCIPALI RISULTANZE EMERSE A SEGUITO DELLE ATTIVITA\' RELATIVA AL GRUPPO BNL CONDOTTA DA IGHI', '', 1, 0, NULL, '2020-03-11 17:42:14'),
	(110, 110, 'd', 1, 'AD EVENTO', 'VARIAZIONI ASSETTO ORGANIZZATIVO, MODELLO OPERATIVO E RUOLI DI RESPONSABILITA\' DELL\'IGHI', '', '', 'SPECIFICHE RICHIESTE <br>DEL CS-CCIR', 'individuazione DI incarichi di responsabilità dei riporti del Direttore della Funzione', '', 1, 0, NULL, '2020-03-11 17:42:14'),
	(111, 111, 'd', 1, 'AD EVENTO', 'INFORMATIVA SU CONTRATTI DI OUTSOURCING<br>(a seguito dell\'Accordo quadro tra BNL SpA e Società le Gruppo BNPP e del Gruppo BNL operanti sull\'intero territorio italiano per l\'attività di revisione interna da parte dell\'Ighi)', '', 'BANCA D\'ITALIA: Circolare 285/2013', '', 'Informativa relativa all\'avvenuto perfezionamento dei contratti di esternalizzazione della Funzione di Revisione Interna da parte di Società del Gruppo BNL o BNP Paribas', '', 1, 0, NULL, '2020-03-11 17:42:14'),
	(112, 112, 'd', 1, 'AD EVENTO', 'INFORMATIVA SULLE OPERAZIONI DI MAGGIORE RILEVANZA NEI CONFRONTI DI PARTI CORRELATE E SOGGETTI CONNESSI', '', 'BANCA D\'ITALIA - Circ. 263/2006 9° Aggiornamento 12.12.2011 - Titolo V, Cap. 5 - Attività di rischio e conflitti di interesse nei confronti dei Soggetti Collegati; Art. 136 TUB - Obbligazioni degli Esponenti bancari; Art. 24 ter L. 221/2012', 'Policy n. 14 del 29.07.2019<br>Circolare n. 72 del 18.12.2019', 'LE OPERAZIONI DELIBERATE DAL CONSIGLIO DI AMMINISTRAZIONE IN DIFFORMITA\' DEL PARERE DEL CCIR-AI E/O DEL CS SONO SINGOLARMENTE COMUNICATE  AL CS NON APPENA DELIBERATE <br>ED ALLA FUNZIONE COMPETENTE E (per conoscenza) DIREZIONE RISCHI', '', 1, 0, NULL, '2020-03-11 17:42:14'),
	(113, 113, 'd', 1, 'AD EVENTO', 'INFORMATIVA SULLE OPERAZIONI DI MINOR RILEVANZA NON ORDINARIE NON ESIGUE NEI CONFRONTI DI PARTI CORRELATE E SOGGETTI CONNESSI', '', 'BANCA D\'ITALIA - Circ. 263/2006 9° Aggiornamento 12.12.2011 - Titolo V, Cap. 5 - Attività di rischio e conflitti di interesse nei confronti dei Soggetti Collegati; Art. 136 TUB - Obbligazioni degli Esponenti bancari; Art. 24 ter L. 221/2012', 'Policy n. 14 del 29.07.2019<br>Circolare n. 72 del 18.12.2019', 'LE OPERAZIONI DELIBERATE DAL CONSIGLIO DI AMMINISTRAZIONE IN DIFFORMITA\' DEL PARERE DEL CCIR-AI E/O DEL CS SONO SINGOLARMENTE COMUNICATE  AL CS NON APPENA DELIBERATE <br>ED ALLA FUNZIONE COMPETENTE E (per conoscenza) DIREZIONE RISCHI', '', 1, 0, NULL, '2020-03-11 17:42:14'),
	(114, 114, 'd', 1, 'AD EVENTO', 'INFORMATIVA SULLE OPERAZIONI NEI CONFRONTI DI PARTI CORRELATE E DI SOGGETTI CONNESSI PER I CASI PREVISTI IN MATERIA DI ATTIVITA\' DI RISCHIO E CONFLITTI DI INTERESSE IVI COMPRESO CREDITI NON PERFORMING E I PASSAGGI DI STATUS, GLI ACCORDI TRANSATTIVI GIUDIZIALI O EXTRA-GIUDIZIALI ED OPERAZIONI CHE DIANO LUOGO A PERDITE DELIBERATE IN DIFFORMITA\' DEL PARERE DEL CCIR-AI/CS<br> ', '', 'BANCA D\'ITALIA - Circ. 263/2006 9° Aggiornamento 12.12.2011 - Titolo V, Cap. 5 - Attività di rischio e conflitti di interesse nei confronti dei Soggetti Collegati; Art. 136 TUB - Obbligazioni degli Esponenti bancari; Art. 24 ter L. 221/2012', 'Policy n. 14 del 29.07.2019<br>Circolare n. 72 del 18.12.2019', 'LE OPERAZIONI DELIBERATE DAL CONSIGLIO DI AMMINISTRAZIONE IN DIFFORMITA\' DEL PARERE DEL CCIR O CCIR-AI E DEL CS SONO SINGOLARMENTE COMUNICATE AL CS NON APPENA DELIBERATE ', '', 1, 0, NULL, '2020-03-11 17:42:14'),
	(115, 115, 'd', 1, 'AD EVENTO', 'INFORMATIVA SULLE OPERAZIONI NEI CONFRONTI DI PARTI CORRELATE E DI SOGGETTI CONNESSI PER I CASI PREVISTI IN MATERIA DI VENDITA DI PRODOTTI DI RACCOLTA E RISPARMIO E DEI SERVIZI SU C/C DELIBERATE IN DIFFORMITA\' DEL PARERE DEL CCIR<br>(equiparate alle operazioni di minore rilevanza non ordinarie)', '', 'BANCA D\'ITALIA - Circ. 263/2006 9° Aggiornamento 12.12.2011 - Titolo V, Cap. 5 - Attività di rischio e conflitti di interesse nei confronti dei Soggetti Collegati; Art. 136 TUB - Obbligazioni degli Esponenti bancari; Art. 24 ter L. 221/2012', 'Policy n. 14 del 29.07.2019<br>Circolare n. 72 del 18.12.2019', 'LE OPERAZIONI DELIBERATE DAL CONSIGLIO DI AMMINISTRAZIONE IN DIFFORMITA\' DEL PARERE DEL CCIR SONO SINGOLARMENTE COMUNICATE AL CS NON APPENA DELIBERATE ', '', 1, 0, NULL, '2020-03-11 17:42:14'),
	(116, 116, 'd', 1, 'AD EVENTO', 'INFORMATIVA SULLE OPERAZIONI DI MAGGIOR RILEVANZA (acquisti con importo per la durata del contratto maggiori o uguali al 5% del patrimonio di vigilanza) RIENTRANTI NEL CICLO PASSIVO DELLA BANCA (FORNITURE DI BENI MOBILI E SERVIZI/ACQUISTO E LOCAZIONE PASSIVA DI IMMOBILI AD USO STRUMENTALE E CONSULENZE DI SERVIZI) NEI CONFRONTI DI PARTI CORRELATE E DI SOGGETTI CONNESSI  DELIBERATE IN DIFFORMITA\' DEL PARERE DEL CCIR-AI/CS', '', 'BANCA D\'ITALIA - Circ. 263/2006 9° Aggiornamento 12.12.2011 - Titolo V, Cap. 5 - Attività di rischio e conflitti di interesse nei confronti dei Soggetti Collegati; Art. 136 TUB - Obbligazioni degli Esponenti bancari; Art. 24 ter L. 221/2012', 'Policy n. 14 del 29.07.2019<br>Circolare n. 72 del 18.12.2019<br>Circolare n. 26 del 2017 Compendio Ciclo Passivo in BNL e Guide Operative collegate', 'LE OPERAZIONI DELIBERATE DAL CONSIGLIO DI AMMINISTRAZIONE IN DIFFORMITA\' DEL PARERE DEL CCIR-AI E/O DEL CS SONO SINGOLARMENTE COMUNICATE AL CS  NON APPENA DELIBERATE', '', 1, 0, NULL, '2020-03-11 17:42:14'),
	(117, 117, 'd', 1, 'AD EVENTO', 'INFORMATIVA SULLE OPERAZIONI DI MAGGIOR RILEVANZA (acquisti con importo per la durata del contratto maggiori o uguali al 5% del patrimonio di vigilanza) RIENTRANTI NEL CICLO ATTIVO DELLA BANCA (VENDITA E LOCAZIONE ATTIVE DI IMMOBILI/ACCORDI DI PROMOZIONE E COLLOCAMENTO PRODOTTI/SPONSORIZZAZIONI, CONTRIBUTI E LIBERALITA\') NEI CONFRONTI DI PARTI CORRELATE E DI SOGGETTI CONNESSI  DELIBERATE IN DIFFORMITA\' DEL PARERE DEL CCIR-AI/CS', '', 'BANCA D\'ITALIA - Circ. 263/2006 9° Aggiornamento 12.12.2011 - Titolo V, Cap. 5 - Attività di rischio e conflitti di interesse nei confronti dei Soggetti Collegati; Art. 136 TUB - Obbligazioni degli Esponenti bancari; Art. 24 ter L. 221/2012', 'Policy n. 14 del 29.07.2019<br>Circolare n. 72 del 18.12.2019', 'LE OPERAZIONI DELIBERATE DAL CONSIGLIO DI AMMINISTRAZIONE IN DIFFORMITA\' DEL PARERE DEL CCIR-AI E/O DEL CS SONO SINGOLARMENTE COMUNICATE  AL CS NON APPENA DELIBERATE ', '', 1, 0, NULL, '2020-03-11 17:42:14'),
	(118, 118, 'd', 7, 'TRIMESTRALE', 'Aggiornamento su stato di implementazione piano Trasparenza', '', '- Provvedimento di Banca d’Italia del 29 luglio 2009 e successive modifiche “Trasparenza delle operazioni e dei servizi bancari e finanziari; correttezza delle relazioni tra intermediari e clienti”', '- Policy BNL 6 del 2017 “Trasparenza delle operazioni e dei servizi bancari e finanziari e correttezza delle relazioni tra banca e cliente”<br>- Policy BNL 15 del 2015 “Gestione delle contestazioni con la clientela”<br>', 'Trattasi di aggiornamento periodico sullo stato di implementazione del complesso degli interventi afferenti la Trasparenza', '', 1, 0, NULL, '2020-03-11 17:42:14'),
	(119, 119, 'd', 1, 'AD EVENTO', 'NOMINA AMMINISTRATORE DELEGATO/DIRETTORE GENERALE E RELATIVO TRATTAMENTO RETRIBUTIVO', 'PARERE CR per il solo trattamento retributivo<br>PARERE CN per la sola nomina<br>PARERE CS per il solo trattamento retributivo', 'ART. 2389 c.c.', 'ART. 19 dello Statuto', 'NOMINA AMMINISTRATORE DELEGATO/DIRETTORE GENERALE E RELATIVO TRATTAMENTO RETRIBUTIVO ', '', 1, 0, NULL, '2020-03-11 17:42:14'),
	(120, 120, 'd', 1, 'AD EVENTO', 'ADOZIONE E/O AGGIORNAMENTO DI NUOVI MODELLI DI RATING INTERNO', 'CS PARERE <br>(in caso di presentazione dell\'istanza di autorizzazione all\'Autorita di Vigilanza per l\'adozione di modelli di rating)', 'BANCA D\'ITALIA: Circ. 285/2013<br><br>', '', '', '', 1, 0, NULL, '2020-03-11 17:42:14'),
	(121, 121, 'd', 1, 'AD EVENTO', 'COMPENSO AGGIUNTIVO SU BASE ANNUA SPETTANTE ALL\'AMMINISTRATORE DELEGATO E AI CONSIGLIERI INVESTITI DI PARTICOLARI INCARICHI', '', 'ART. 2389 c.c.', 'ART. 23 STATUTO BNL', '', '', 1, 0, NULL, '2020-03-11 17:42:14'),
	(122, 122, 'd', 1, 'AD EVENTO', 'PROPOSTA DI NOMINA PER I RESPONSABILI DELLE FUNZIONI DI CONTROLLO ', 'Le Banche comunicano tempestivamente la nomina e l\'eventuale revoca dei Responsabili delle Funzioni Aziendali di Controllo. <br>Nel caso di Gruppi bancari tale comunicazione è eserguita dalla Capogruppo', 'BANCA D\'ITALIA: Circolare 285/2013', 'ART. 18 STATUTO BNL  PROGETTO DI GOVERNO SOCIETARIO<br>REGOLAMENTO CCIR  ', 'PROPOSTA DI NOMINA PER I RESPONSABILI DELLA FUNZIONE DI REVISIONE INTERNA (IGHI), DELLA FUNZIONE DI CONFORMITA\' (COMPLIANCE), DEL RESPONSABILE DELLA DIREZIONE RISCHI, DEL RESPONSABILE AZIENDALE ANTIRICICLAGGIO (SICUREZZA FINANZIARIA), DEL RESPONSABILE B2C ITALY <br>', '', 1, 0, NULL, '2020-03-11 17:42:14'),
	(123, 123, 'd', 1, 'AD EVENTO', 'PROPOSTA DI REVOCA PER I RESPONSABILI DELLE FUNZIONI DI CONTROLLO ', 'Le Banche comunicano tempestivamente la nomina e l\'eventuale revoca dei Responsabili delle Funzioni Aziendali di Controllo', 'BANCA D\'ITALIA - Circ. 263/2006 15° Aggiornamento 02.07.2013<br>BANCA D\'ITALIA - Circ. 285/2013 11° Aggiornamento 21.07.2015 ', 'ART. 18 STATUTO BNL  PROGETTO DI GOVERNO SOCIETARIO REGOLAMENTO CCIR  ', 'PROPOSTA DI REVOCA PER I RESPONSABILI DELLA FUNZIONE DI REVISIONE INTERNA (IGHI), DELLA FUNZIONE DI CONFORMITA\' (COMPLIANCE), DEL RESPONSABILE DELLA DIREZIONE RISCHI, DEL RESPONSABILE AZIENDALE ANTIRICICLAGGIO (SICUREZZA FINANZIARIA), DEL RESPONSABILE B2C ITALY<br>', '', 1, 0, NULL, '2020-03-11 17:42:14'),
	(124, 124, 'd', 6, 'TRIENNALE', 'NOMINA DEL PRESIDENTE, VICE PRESIDENTE E SEGRETARIO DEL CONSIGLIO DI AMMINISTRAZIONE', 'IL CS ESPRIME PARERE NEL CASO IN CUI NON VENGONO NOMINATI IN SEDE DI ASSEMBLEA', '', 'Statuto BNL SpA Art. 20', 'Alla scadenza triennale il CdA o l\'Assemblea nomina il CdA <br>Ai sensi dell\'art. 20 dello Statuto, qualora non lo abbia fatto l\'Assemblea in sede di nomina, il CdA elegge tra i suoi membri il Presidente ed uno o più Vice Presidenti, nonché il Segretario del Consiglio di Amministrazione ed i suoi sostituti', 'OGNI 3 ANNI', 1, 0, NULL, '2020-03-11 17:42:14'),
	(125, 125, 'd', 1, 'AD EVENTO', 'NOMINA DEL PRESIDENTE, VICE PRESIDENTE E SEGRETARIO DEL CONSIGLIO DI AMMINISTRAZIONE', 'IL CS ESPRIME PARERE NEL CASO IN CUI NON VENGONO NOMINATI IN SEDE DI ASSEMBLEA', '', 'Statuto BNL SpA Art. 20', 'il CdA o l\'Assemblea nomina il CdA <br>Ai sensi dell\'art. 20 dello Statuto, qualora non lo abbia fatto l\'Assemblea in sede di nomina, il CdA elegge tra i suoi membri il Presidente ed uno o più Vice Presidenti, nonché il Segretario del Consiglio di Amministrazione ed i suoi sostituti', '', 1, 0, NULL, '2020-03-11 17:42:14'),
	(126, 126, 'd', 1, 'AD EVENTO', 'REVOCA DEL DIRIGENTE PREPOSTO ALLA REDAZIONE DEI DOCUMENTI CONTABILI SOCIETARI <br>', '<br>?in occasione del rinnovo del Cda (Cda) <br>?in presenza di giusta causa su proposta di almeno due consiglieri<br>?In caso di perdita dei requisiti necessari per la carica, ovvero per il sopraggiungere di una delle cause previste dall’art. 2382 del codice civile e in tutte le altre ipotesi previste da altre specifiche norme di legge o regolamentari che ne contemplino la<br>decadenza dall’incarico, il Consiglio di Amministrazione deve dichiarare la cessazione dell’incarico entro 30 giorni dalla conoscenza di una delle condizioni<br>sopra indicate.<br>Nel caso di Gruppi bancari tale comunicazione è eserguita dalla Capogruppo', 'TUF 16.03.2018 D.lgs. 58 del 1998', 'Art. 40 Statuto BNL  Regolamento Dirigente Preposto<br>Progetto di Governo Societario', '', '', 1, 0, NULL, '2020-03-11 17:42:14'),
	(127, 127, 'd', 1, 'AD EVENTO', 'PROPOSTA DI NOMINA DEL DIRIGENTE PREPOSTO ALLA REDAZIONE DEI DOCUMENTI CONTABILI SOCIETARI', '', 'BANCA D\'ITALIA - Circ. 263/2006 15° Aggiornamento 02.07.2013 <br>BANCA D\'ITALIA - Circ. 285/2013 11° Aggiornamento 21.07.2015 <br>ART. 154 BIS TUF', 'ART. 40 STATUTO BNL GOVERNO SOCIETARIO', '', '', 1, 0, NULL, '2020-03-11 17:42:14'),
	(128, 128, 'd', 2, 'ANNUALE', 'RELAZIONE SU COMPENSATION BNL RIGUARDO:<br>- CRITERI MRT<br>- ART. 2389 c.c (AD) COMPENSO AGGIUNTIVO SU BASE ANNUA SPETTANTE ALL\'AMMINISTRATORE DELEGATO<br>- TRATTAMENTO RETRIBUTIVO VICE DIRETTORI GENERALI<br>- TRATTAMENTO RETRIBUTIVO FUNZIONI AZIENDALI DI CONTROLLO<br>- TRATTAMENTO RETRIBUTIVO DIRIGNTE PREPOSTO', 'CCIR ESPRIME PARERE PER I SOLI RESPONSABILI FAC  SU DELIBERA COMPENSATION<br>', 'PROV. BANCA D\'ITALIA 30.03.2011<br>ART. 2389 c.c<br>', 'ART. 18 STATUTO BNL  ART. 23 STATUTO BNL', '', '', 1, 0, NULL, '2020-03-11 17:42:14'),
	(129, 129, 'd', 1, 'AD EVENTO', 'CONGRUITA\' DEL VALORE DI LIQUIDAZIONE E DI VENDITA DELLE AZIONI', '', 'ART. 2437 TER c.c.', '', '', '', 1, 0, NULL, '2020-03-11 17:42:14'),
	(130, 130, 'd', 1, 'AD EVENTO', 'CONGRUITA\' DEL PREZZO DI EMISSIONE AZIONI IN CASO DI AUMENTO DI CAPITALE', '', 'ART. 2441 c.c. COMMA 6', '', '', '', 1, 0, NULL, '2020-03-11 17:42:14'),
	(131, 131, 'd', 2, 'ANNUALE', 'RESOCONTO DELLE ATTIVITA\' SVOLTE IN TEMA DI BUSINESS CONTINUITY IN BNL', 'Gli Operatori sistemici inviano a BANCA D\'ITALIA e BCE una informativa annuale sulle principali caratteristiche del Piano di continuità operativa, sugli adeguamenti e integrazioni intervenuti in corso d\'anno, sulle verifiche da parte dell\'Internal Audit, sui principali incidenti e sulle criticità ricorrenti', 'BANCA D\'ITALIA: <br>- Circolare 263/2006 15° Aggiornamento (Normativa di Vigilanza Prudenziale per le Banche) Cap. IX (La Continuità Operativa)<br>- Circolare 285/2013 - 11° Aggiornamento', 'Policy della Capogruppo BNPP', 'RESOCONTO DELLE ATTIVITA\' ANNUALI SVOLTE IN TEMA DI BUSINESS CONTINUITY E DISASTER RECOVERY,  <br>APPROVAZIONE DEL PIANO DI CONTINUITÀ OPERATIVA E ACCETTAZIONE DEI RELATIVI RISCHI RESIDUI<br>CONFERMA DEL RESPONSABILE DELLA BUSINESS CONTINUITY E DEL SUO SOSTITUTO <br>', '', 1, 0, NULL, '2020-03-11 17:42:14'),
	(132, 132, 'd', 2, 'ANNUALE', 'RELAZIONE ANNUALE IN MATERIA ANTIRICICLAGGIO E ANTITERRORISMO: <br>', 'PARERE CCIR  Piano dei controlli AML e Piano di formazione<br>DELIBERA CDA<br>Piano dei Controlli in materia di Sicurezza Finanziaria; <br>Piano di Formazione in materia di Sicurezza Finanziaria<br>esiti dell\'esercizio di Autovalutazione dell\'esposizone ai rischi di riciclaggio e di finanziamento del terrorismo', 'PROVVEDIMENTO RECANTE DISPOSIZIONI ATTUATIVE IN MATERIA DI ORGANIZZAZIONE, PROCEDURE E CONTROLLI INTERNI VOLTI A PREVENIRE L\'UTILIZZO DEGLI INTERMEDIARI E DEGLI ALTRI SOGGETTI CHE SVOLGONO ATTIVITA\' FINANZIARIA A FINI DI RICICLAGGIO E DI FINANZIAMENTO DEL TERRORISMO, AI SENSI DELL\'ART. 7 COMMA 2 DEL D.LGS. N. 231 DI BANCA D\'ITALIA DEL 10.3.2011 <br>Banca d\'Italia<br>Provvedimento del 10.3.2011<br>Direttiva UE n. 849 del 20.5.2015<br>(IV Direttiva Antiriciclaggio)<br>D. lgs. n. 90 del 2017<br>Linee Guida GAFI ottobre 2014<br>D.LGS. 231/2001 ART. 6, COMMA 2', 'Manuale Antiriciclaggio <br>(Circolare n° 68 del 12/12/2019)', 'RELAZIONE ANNUALE IN MATERIA ANTIRICICLAGGIO E ANTITERRORISMO:  - Relazione su analisi riepilogativa delle attività svolte in ambito antiriciclaggio nel corso dell\'anno, avendo particolare cura per quanto concerne le attività di controllo e formazione condotte <br>- proposta per l\'approvazione del piano controlli e del piano di formazione in ambito antiriciclaggio per l\'anno successivo <br>- giudizio in merito all\'adeguatezza delle procedure e delle soluzioni organizzative adottate in ambito antiriciclaggio <br>(contiene i dati del IV trimestre della Relazione trimestrale in materia Antiriciclaggio)<br>- Esiti dell\'esercizio di Autovalutazione dell\'esposizione ai rischi di riciclaggio e di finanziamento del terrorismo ', '', 1, 0, NULL, '2020-03-11 17:42:14'),
	(133, 133, 'd', 1, 'AD EVENTO', 'COVERED BONDS: decisioni connesse alla partecipazione a programmi di Obbligazioni Bancarie Garantite (titoli obbligazionari strutturati)  <br>PARERI:                                                                                                             1) SULLA DEFINIZIONE DELLE PROCEDURE DI CONTROLLO E SUL PROGRAMMA DI OBG (Obbligazioni Bancarie Garantite);                                                                                                  2) SULLA CONFORMITA\' DELLE SINGOLE OPERAZIONI O DELLE ATTIVITA\' DESCRITTE NEL PROGRAMMA.     ', '', '', '', '', '', 1, 0, NULL, '2020-03-11 17:42:14'),
	(134, 134, 'd', 2, 'ANNUALE', 'PROCESSO DI ESTERNALIZZAZIONE DELLE ATTIVITA\' DI TRATTAMENTO DEL CONTANTE', '', 'BANCA D\'ITALIA: Circ. 285/2013<br><br><br><br>', '', 'RELAZIONE CHE RIPORTA UNA SPECIFICA VALUTAZIONE SULLE PROCEDURE PER L\'ALLACCIAMENTO E LA GESTIONE DEI RAPPORTI CON LE SOCIETA\' DI SERVIZI NONCHE\' SUL COMPLESSIVO ASSETTO DEI CONTROLLI SULLE ATTIVITA\' ESTERNALIZZATE', '', 1, 0, NULL, '2020-03-11 17:42:14'),
	(135, 135, 'd', 2, 'ANNUALE', 'RELAZIONE SULL\'UTILIZZO DEL METODO AVANZATO (AMA) AI FINI DELLA DETERMINAZIONE DEL REQUISITO PATRIMONIALE PER I RISCHI OPERATIVI ', '', 'BANCA D\'ITALIA: Circ. 285/2013<br><br>', '', 'RELAZIONE IN ORDINE AL RISPETTO DEI REQUISITI ORGANIZZATIVI E PATRIMONIALI PER L\'UTILIZZO DEL METODO AVANZATO (AMA) AI FINI DELLA DETERMINAZIONE DEL REQUISITO PATRIMONIALE PER I RISCHI OPERATIVI DELLA BANCA E DEL RISPETTO DELLA SOGLIA PREVISTA PER L\'USO COMBINATO IN VIA PERMANENTE DEL METODO AVANZATO AMA CON I METODI BASE (BIA) E STANDARD (TSA) PER IL GRUPPO BNL', '', 1, 0, NULL, '2020-03-11 17:42:14'),
	(136, 136, 'd', 2, 'ANNUALE', 'VERIFICA DEL RISPETTO DEI REQUISITI NORMATIVI PER GLI ASPETTI INERENTI I SISTEMI INTERNI DI RATING UTILIZZATI PER IL CALCOLO DEL REQUISITO PATRIMONIALE', '', 'BANCA D\'ITALIA: Circ. 285/2013<br><br>', '', 'RELAZIONE SUL SISTEMA INTERNO IRBA (FUNZIONE CONVALIDA MODELLI+CERTIFICAZIONE B2C ITALY PER IL CALCOLO DEI REQUISITI PATRIMONIALI A FRONTE DEL RISCHIO DI CREDITO ', '', 1, 0, NULL, '2020-03-11 17:42:14'),
	(137, 137, 'd', 1, 'AD EVENTO', 'PIANO DI RIENTRO IN CASO DI SUPERAMENTO DI UN LIMITE (INDIVIDUALE O CONSOLIDATO) DELLE ATTIVITA\' DI RISCHIO NEI CONFRONTI DI UN SOGGETTO COLLEGATO', 'La Capogruppo o la banca non appartenente a un gruppo bancario predispone, entro 45 giorni dal superamento del limite, un piano di rientro, approvato dall\'Organo con funzione di supervisione strategica su proposta dell\'Organo con funzione di gestione, sentito l\'Organo con funzione di controllo. <br>(entro 30 giorni in caso di modifiche rilevanti infrannuali)', 'BANCA D\'ITALIA - Circ. 263/2006 9° Aggiornamento 12.12.2011 - Titolo V, Cap. 5 - Attività di rischio e conflitti di interesse nei confronti dei Soggetti Collegati; Art. 136 TUB - Obbligazioni degli Esponenti bancari; Art. 24 ter L. 221/2012', 'Policy n. 14 del 29.07.2019<br>Circolare n. 72 del 18.12.2019', 'LA DIREZIONE FINANZIARIA E LA DIREZIONE RISCHI COINVOLGONO LE STRUTTURE DELLA BANCA (IN PARTICOLAR MODO DRP, DCORP, DCIB) E DEL GRUPPO BNL INTERESSATE DAL SUPERAMENTO DEI LIMITI CHE PREDISPONGONO ENTRO 45 GIORNI UN PIANO DI RIENTRO', '', 1, 0, NULL, '2020-03-11 17:42:14'),
	(138, 138, 'd', 1, 'AD EVENTO', 'OPERAZIONI DI MAGGIORE RILEVANZA NEI CONFRONTI DI PARTI CORRELATE E SOGGETTI CONNESSI', '', 'BANCA D\'ITALIA - Circ. 263/2006 9° Aggiornamento 12.12.2011 - Titolo V, Cap. 5 - Attività di rischio e conflitti di interesse nei confronti dei Soggetti Collegati; Art. 136 TUB - Obbligazioni degli Esponenti bancari; Art. 24 ter L. 221/2012', 'Policy n. 14 del 29.07.2019<br>Circolare n. 72 del 18.12.2019', 'PARERE PREVENTIVO NON VINCOLANTE DEL <br> CS al CdA  in caso di parere negativo o condizionato del CCIR-AI<br>PREISTRUTTORIA A COMPONENTI CCIR-AI<br>vd. flusso DLS-SOS in caso di delibera difforme <br>', '', 1, 0, NULL, '2020-03-11 17:42:14'),
	(139, 139, 'd', 1, 'AD EVENTO', 'OPERAZIONI DI MAGGIOR RILEVANZA (acquisti con importo per la durata del contratto maggiori o uguali al 5% del patrimonio di vigilanza) RIENTRANTI NEL CICLO PASSIVO DELLA BANCA (FORNITURE DI BENI MOBILI E SERVIZI/ACQUISTO E LOCAZIONE PASSIVA DI IMMOBILI AD USO STRUMENTALE E CONSULENZE DI SERVIZI) NEI CONFRONTI DI PARTI CORRELATE E DI SOGGETTI CONNESSI ', '', 'BANCA D\'ITALIA - Circ. 263/2006 9° Aggiornamento 12.12.2011 - Titolo V, Cap. 5 - Attività di rischio e conflitti di interesse nei confronti dei Soggetti Collegati; Art. 136 TUB - Obbligazioni degli Esponenti bancari; Art. 24 ter L. 221/2012', 'Policy n. 14 del 29.07.2019<br>Circolare n. 72 del 18.12.2019<br>Circolare n. 26 del 2017 Compendio Ciclo Passivo in BNL e Guide Operative collegate', 'LE OPERAZIONI RIENTRANTI NEL CICLO PASSIVO DELLA BANCA, SPECIFICAMENTE GLI ACQUISTI DI BENI E SERVIZI, DEVONO ESSERE EFFETTUATI IN CONFORMITA\' A QUANTO INDICATO DALLA NORMATIVA VIGENTE E RISPETTANDO IL PIANO DEI CONTROLLI PROTEMPORE VIGENTE<br>in fase di istruttoria:<br>PARERE OBBLIGATORIO DEL CS IN CASO DI ESITO NEGATIVO DEL PARERE DI CCIR-AI in fase precedente alla delibera:<br>PARERE PREVENTIVO ANCHE DEL CS in caso di parere negativo o condizionato del CCIR-AI<br>vd. flusso DLS-SOS in caso di delibera difforme<br>', '', 1, 0, NULL, '2020-03-11 17:42:14'),
	(140, 140, 'd', 1, 'AD EVENTO', 'OPERAZIONI DI MAGGIOR RILEVANZA (acquisti con importo per la durata del contratto maggiori o uguali al 5% del patrimonio di vigilanza) RIENTRANTI NEL CICLO ATTIVO DELLA BANCA (VENDITA E LOCAZIONE ATTIVE DI IMMOBILI/ACCORDI DI PROMOZIONE E COLLOCAMENTO PRODOTTI/SPONSORIZZAZIONI, CONTRIBUTI E LIBERALITA\') NEI CONFRONTI DI PARTI CORRELATE E DI SOGGETTI CONNESSI ', '', 'BANCA D\'ITALIA - Circ. 263/2006 9° Aggiornamento 12.12.2011 - Titolo V, Cap. 5 - Attività di rischio e conflitti di interesse nei confronti dei Soggetti Collegati; Art. 136 TUB - Obbligazioni degli Esponenti bancari; Art. 24 ter L. 221/2012', 'Policy n. 14 del 29.07.2019<br>Circolare n. 72 del 18.12.2019', 'LE OPERAZIONI RIENTRANTI NEL CICLO ATTIVO DELLA BANCA DEVONO ESSERE EFFETTUATI IN CONFORMITA\' A QUANTO INDICATO DALLA NORMATIVA VIGENTE E RISPETTANDO IL PIANO DEI CONTROLLI PROTEMPORE VIGENTE<br>in fase di istruttoria:<br>PARERE OBBLIGATORIO DEL CS IN CASO DI ESITO NEGATIVO DEL PARERE DI CCIR-AI in fase precedente alla delibera:<br>PARERE PREVENTIVO ANCHE DEL CS in caso di parere negativo o condizionato del CCIR-AI<br>vd. flusso DLS-SOS in caso di delibera difforme', '', 1, 0, NULL, '2020-03-11 17:42:14'),
	(141, 141, 'd', 1, 'AD EVENTO', 'ACCORDO QUADRO TRA BNL SpA E SOCIETA\' DEL GRUPPO BNP PARIBAS S.A. E DEL GRUPPO BNL S.p.A. OPERANTI SULL\'INTERO TERRITORIO ITALIANO PER L\'ATTIVITA\' DI REVISIONE INTERNA DA PARTE DELL\'IGHI', '', 'BANCA D\'ITALIA - Circ. 263/2006 9° Aggiornamento 12.12.2011 - Titolo V, Cap. 5 - Attività di rischio e conflitti di interesse nei confronti dei Soggetti Collegati; Art. 136 TUB - Obbligazioni degli Esponenti bancari; Art. 24 ter L. 221/2012', 'Policy n. 14 del 29.07.2019<br>Circolare n. 72 del 18,12.2019', 'Delibera Quadro per l’approvazione della predisposizione e rinnovo di accordi e/o di ogni altro atto necessario o opportuno per la fornitura del servizio di controllo periodico da parte della Funzione di Internal Auditing di BNL S.p.A. su tutte le entità del Gruppo BNP Paribas e del Gruppo BNL operanti sull’intero territorio italiano', '', 1, 0, NULL, '2020-03-11 17:42:14'),
	(142, 142, 'd', 2, 'ANNUALE', 'RELAZIONE RELATIVA AI CONTROLLI SVOLTI SULLE FUNZIONI OPERATIVE IMPORTANTI O DI CONTROLLO ESTERNALIZZATE DI BNL', 'LA FUNZIONE COMPETENTE IN MATERIA E\' INSPECTION GENERALE HUB ITALY<br>O<br>SE ESTERNALIZZATA DAL REFERENTE AZIENDALE CS CONSIDERAZIONI A BANCA D\'ITALIA <br>Entro il 30 aprile di ogni anno le banche trasmettono una relazione, redatta dalla Funzione di Revisione Interna - o, se esternalizzata, dal referente aziendale - con le considerazioni dell\'Organo con funzione di controllo e approvata dall\'Organo con funzione di supervisione strategica, relativa ai controlli svolti sulle funzioni operative importanti o di controllo esternalizzate, alle carenze eventualmente riscontrate e alle conseguenti azioni correttive adottate<br>', 'BANCA D\'ITALIA: Circ. 263/2006<br>BANCA D\'ITALIA: Circ. 285/2013', '', '', ' INVIO A BCE E BANCA D\'ITALIA COMUNQUE ENTRO IL 30 APRILE', 1, 0, NULL, '2020-03-11 17:42:14'),
	(143, 143, 'd', 1, 'AD EVENTO', 'CONFERIMENTO E REVOCA DELL\'INCARICO DI REVISIONE LEGALE DEI CONTI<br>', 'Valutazione delle proposte formulate dalla Società di Revisione per l\'affidamento dell\'incarico<br>Dopo 9 esercizi non può essere rinnovato alla stessa Società di Revisione se non sono trascorsi almeno 3 esercizi dalla data di cessazione del precedente incarico', 'D.LGS. N. 135 DEL 17.7.2016', '', 'CONFERIMENTO E REVOCA DELL\'INCARICO DI REVISIONE LEGALE DEI CONTI<br>', 'ULTIMO INCARICO CONFERITO APPROVAZIONE BILANCIO 2018 (ogni 9 esercizi)', 1, 0, NULL, '2020-03-11 17:42:14'),
	(144, 144, 'd', 1, 'AD EVENTO', 'COOPTAZIONE CONSIGLIERE DI AMMINISTRAZIONE', '', 'ART. 2386 Cod. Civ.', 'ART. 17 STATUTO', '', 'ALLA PRIMA ASSEMBLEA UTILE', 1, 0, NULL, '2020-03-11 17:42:14'),
	(145, 145, 'd', 2, 'ANNUALE', 'RELAZIONE SULLE POLITICHE DI REMUNERAZIONE DEL GRUPPO BNL-BNP PARIBAS ', '', 'PROV. BANCA D\'ITALIA 30.03.2011<br>', 'PROGETTO DI GOVERNO SOCIETARIO', 'INFORMATIVA IN ORDINE AI SISTEMI DI REMUNERAZIONE E INCENTIVAZIONE ADOTTATI DALLA BANCA AL FINE DI RENDERE SEMPRE CONSAPEVOLE L\'AZIONISTA DELLE CARATTERISTICHE DI TALI SISTEMI', '', 1, 0, NULL, '2020-03-11 17:42:14'),
	(146, 146, 'd', 1, 'AD EVENTO', 'INFORMATIVA TEMPESTIVA SU OGNI VIOLAZIONE O CARENZA RILEVANTE RISCONTRATA NEL SISTEMA DEI CONTROLLI INTERNI', 'Il CS informa senza indugio di tutti gli atti o fatti di cui venga a conoscenza nell\'esercizio dei propri compiti, che possano costituire una irregolarità nella gestione delle banche o una violazione delle norme che ne disciplinano l\'attività (Art. 52 co. 1 TU', 'BANCA D\'ITALIA: Circ. 263/2006<br>BANCA D\'ITALIA: Circ. 285/2013', 'Documento SCI del 18.12.2017<br>Governo Societario del 22.05.2019', '', '', 1, 0, NULL, '2020-03-11 17:42:14'),
	(147, 147, 'd', 1, 'AD EVENTO', 'CESSIONE IN BLOCCO DI IMMOBILI AD USO PREVALENTEMENTE FUNZIONALE', 'BCE o BANCA D\'ITALIA<br>possibilmente prima dell\'effettuazione dell\'operazione', 'BANCA D\'ITALIA: Circolare 285/2013', '', 'Deliberazione di cessione di una quota rilevante del patrimonio immobiliare ad uso funzionale con successiva riconduzione nella disponibilità del cedente', '', 1, 0, NULL, '2020-03-11 17:42:14'),
	(148, 148, 'd', 1, 'AD EVENTO', 'AGGIORNAMENTO POLICY GESTIONE DEI RAPPORTI CON PARTI CORRELATE E SOGGETTI CONNESSI ', '(al verificarsi di circostanze rilevanti che ne richiedano una modifica) <br>E COMUNQUE <br>REVISIONE DELLA STESSA CON CADENZA ALMENO TRIENNALE  CS E CCIR <br>parere vincolante <br>sull\'adeguatezza dell\'impianto normativo a conseguire gli obiettivi previsti dalla norma', 'BANCA D\'ITALIA - Circ. 263/2006 9° Aggiornamento 12.12.2011 - Titolo V, Cap. 5 - Attività di rischio e conflitti di interesse nei confronti dei Soggetti Collegati; Art. 136 TUB - Obbligazioni degli Esponenti bancari; Art. 24 ter L. 221/2012', 'Policy n. 14 del 29.07.2019<br>', 'OTTEMPERARE ALLE DISPOSIZIONI DELLA NORMATIVA; CONTENERE I RISCHI OPERATIVI E PRESERVARE LA BANCA DAI RISCHI REPUTAZIONALI; PRESIDIARE IL RISCHIO CONNESSO A SITUAZIONI DI POTENZIALE CONFLITTO DI INTERESSE, DERIVANTI DALLA POSIZIONE DI PARTICOLARE PROSSIMITA\' DI ALCUNI SOGGETTI RISPETTO AI CENTRI DECISIONALI DELLA BANCA ', '', 1, 0, NULL, '2020-03-11 17:42:14'),
	(149, 149, 'd', 1, 'AD EVENTO', 'PROGETTO DI GOVERNO SOCIETARIO ED EVENTUALI INTEGRAZIONI AL PROGETTO', '', 'PROVVEDIMENTO BANCA D\'ITALIA 8 MARZO 2010', '', '', '', 1, 0, NULL, '2020-03-11 17:42:14'),
	(150, 150, 'd', 2, 'ANNUALE', 'RELAZIONE DELLA FUNZIONE DI REVISIONE INTERNA SULLE MODALITA\' DI SVOLGIMENTO DEI SERVIZI IN MATERIA DI PRESTAZIONE DI SERVIZI E ATTIVITÀ DI INVESTIMENTO E SERVIZI ACCESSORI', 'CS OSSERVAZIONI A CONSOB', 'REGOLAMENTO CONGIUNTO BANCA D\'ITALIA E CONSOB AI SENSI DELL\'ART. 14, COMMA 3  DEL 29.10.2007 E DELIBERA CONSOB N. 17297 DEL 28.4.2010', '', 'ILLUSTRAZIONE DELLE VERIFICHE SVOLTE DALLA FUNZIONE DI REVISIONE INTERNA, GLI ESITI DELLE STESSE, LE RACCOMANDAZIONI EMESSE NONCHE\' LE AZIONI CORRETTIVE POSTE IN ESSERE DAI RESPONSABILI DELLE FUNZIONI AZIENDALI INTERESSATE', 'INVIO A CONSOB Entro 30 giorni dall\'esame delle medesime relazioni da parte degli Organi aziendali', 1, 0, NULL, '2020-03-11 17:42:14'),
	(151, 151, 'd', 1, 'AD EVENTO', 'INFORMATIVA TEMPESTIVA SU OGNI VIOLAZIONE O CARENZA RILEVANTE RISCONTRATA NEL SISTEMA DEI CONTROLLI INTERNI', 'CS CONSIDERAZIONI AL CdA<br>Il CS informa senza indugio bANCA D\'iTALIA di tutti gli atti o fatti di cui venga a conoscenza nell\'esercizio dei propri compiti, che possano costituire una irregolarità nella gestione delle banche o una violazione delle norme che ne disciplinano l\'attività (Art. 52 co. 1 TUB)', 'BANCA D\'ITALIA: Circ. 263/2006<br>BANCA D\'ITALIA: Circ. 285/2013', 'Documento SCI del 18.12.2017<br>Governo Societario del 22.05.2019', '', '', 1, 0, NULL, '2020-03-11 17:42:14'),
	(152, 152, 'd', 1, 'AD EVENTO', 'COMUNICAZIONE, AI SENSI DELL\'ART. 52 COMMA 2 DEL D.LGS. 231/2007, SENZA RITARDO DELLE INFRAZIONI ALLE DISPOSIZIONI DI CUI ALL\'ART. 41 DEL MEDESIMO DECRETO DI CUI HANNO NOTIZIA (OBBLIGHI DI SEGNALAZIONE)', 'IL PRESIDENTE DEL CS ED IL PRESIDENTE DEL CCIR INFORMANO IL CDA', 'D.LGS. 231/2007 ART. 52, COMMA 2', 'Manuale Antiriciclaggio <br>(Circolare n° 68 del 12/12/2019)', 'COMUNICAZIONI AL DELEGATO DELLE SEGNALAZIONI DI OPERAZIONI SOSPETTE DI BNL', '', 1, 0, NULL, '2020-03-11 17:42:14'),
	(153, 153, 'd', 1, 'AD EVENTO', 'COMUNICAZIONE NEI CASI DI DELIBERAZIONI  IN VIA  DI URGENZA RIGUARDANTI OPERAZIONI DI MINORE RILEVANZA NON ORDINARIE NON ESIGUE E/O OPERAZIONI DI MAGGIORE RILEVANZA NEI CONFRONTI DI PARTI CORRELATE E SOGGETTI CONNESSI PER I CASI PREVISTI IN MATERIA DI ATTIVITA’ DI RISCHIO E CONFLITTI DI INTERESSE QUALORA NON SIANO STATI RITENUTI RISPETTATI I REQUISITI DI URGENZA ', '', 'BANCA D\'ITALIA - Circ. 263/2006 9° Aggiornamento 12.12.2011 - Titolo V, Cap. 5 - Attività di rischio e conflitti di interesse nei confronti dei Soggetti Collegati; Art. 136 TUB - Obbligazioni degli Esponenti bancari; Art. 24 ter L. 221/2012', 'Policy n. 14 del 29.07.2019<br>Circolare n. 72 del 18.12.2019', 'COMUNICAZIONE NEL CASO IN CUI IL CCIR/CCIR-AI E/O CS A SEGUITO DELLA VALUTAZIONE EFFETTUATA NON RITENGANO RISPETTATI I REQUISITI DI URGENZA', '', 1, 0, NULL, '2020-03-11 17:42:14'),
	(154, 154, 'd', 1, 'AD EVENTO', 'COMUNICAZIONE, AI SENSI DELL\'ART. 52 COMMA 2 DEL D.LGS. 231/2007, ENTRO 30 GIORNI AL MINISTERO DELL\'ECONOMIA E DELLE FINANZE DELLE INFRAZIONI ALLE DISPOSIZIONI DI CUI ALL\'ART. 49, COMMI 1, 5, 6, 7, 12, 13 E 14 E ALL\'ART. 50 DEL MEDESIMO DECRETO DI CUI HANNO NOTIZIA (LIMITAZIONI ALL\'USO DEL CONTANTE E DEI TITOLI AL PORTATORE)', 'IL PRESIDENTE DEL CS ED IL PRESIDENTE DEL CCIR INFORMANO IL CDA', 'D.LGS. 231/2007 ART. 52, COMMA 2', 'Manuale Antiriciclaggio <br>(Circolare n° 68 del 12/12/2019)', 'COMUNICAZIONI AL MINISTERO DELL\'ECONOMIA E DELLE FINANZE (MEF)', '', 1, 0, NULL, '2020-03-11 17:42:14'),
	(155, 155, 'd', 1, 'AD EVENTO', 'COMUNICAZIONE, AI SENSI DELL\'ART. 52 COMMA 2 DEL D.LGS. 231/2007, ENTRO 30 GIORNI ALL\'AUTORITA\' DI VIGILANZA DI SETTORE DELLE INFRAZIONI ALLE DISPOSIZIONI CONTENUTE NELL\'ART. 36 DEL MEDESIMO DECRETO DI CUI HANNO NOTIZIA (OBBLIGHI DI REGISTRAZIONE)', 'IL PRESIDENTE DEL CS ED IL PRESIDENTE DEL CCIR INFORMANO IL CDA', 'D.LGS. 231/2007 ART. 52, COMMA 2', 'Manuale Antiriciclaggio <br>(Circolare n° 68 del 12/12/2019)', 'COMUNICAZIONI ALLE AUTORITA\' DI VIGILANZA DI SETTORE', '', 1, 0, NULL, '2020-03-11 17:42:14'),
	(156, 156, 'd', 1, 'AD EVENTO', 'COMUNICAZIONE, AI SENSI DELL\'ART. 52 COMMA 2 DEL D.LGS. 231/2007, SENZA RITARDO, ALLE AUTORITA\' DI VIGILANZA DI SETTORE DI TUTTI GLI ATTI O I FATTI DI CUI VENGONO A CONOSCENZA NELL\'ESERCIZIO DEI PROPRI COMPITI, CHE POSSANO COSTITUIRE UNA VIOLAZIONE DELLE DISPOSIZIONI EMANATE AI SENSI DELL\'ART. 7 COMMA 2 DEL MEDESIMO DECRETO (OBBLIGHI DI ADEGUATA VERIFICA DELLA CLIENTELA)', 'IL PRESIDENTE DEL CS ED IL PRESIDENTE DEL CCIR INFORMANO IL CDA', 'D.LGS. 231/2007 ART. 52, COMMA 2', 'Manuale Antiriciclaggio <br>(Circolare n° 68 del 12/12/2019)', 'COMUNICAZIONI ALLE AUTORITA\' DI VIGILANZA DI SETTORE', '', 1, 0, NULL, '2020-03-11 17:42:14'),
	(157, 157, 'd', 7, 'TRIMESTRALE', 'MONITORING COMMITTEE CONTROL<br>(flussi non presentati in riunione ma messi a disposizione sulla piattaforma)', '', '', 'Richiesta CCIR del 18/12/2017 verb. N. 124 ', 'rendicontazione in merito: <br>- alle tipologie di controllo da eseguire sul rischio di credito e riferite al monitoraggio portafoglio non performing circa gli esiti del confronto tra il valore del coverage del portafoglio workout ed il valore LGD<br>- agli esiti dei controlli, che non vengono rappresentati al CCIR e che vengono discussi nella sessione dedicata del Comitato Monitoraggio Rischi, per mezzo della reportistica già programmata al fine di avere una visione complessiva degli stessi', '', 1, 0, NULL, '2020-03-11 17:42:14'),
	(158, 158, 'd', 2, 'ANNUALE', 'RELAZIONE SULL\'ATTIVITA\' SVOLTA ', '', '', '', '', '', 1, 0, NULL, '2020-03-11 17:42:14'),
	(159, 159, 'd', 2, 'ANNUALE', 'RELAZIONE AL BILANCIO D\'ESERCIZIO DI BNL ', '', 'BANCA D\'ITALAI CIRC. N. 262/2005 E SUCC.AGGIORNAMENTI<br>PRINCIPI CONTABILI INTERNAZIONALI (IAS e IFRS)<br>PROVVEDIMENTO IN ATTUAZOIPNE ART. 43 D.LGS. 136/2015', '', '', '', 1, 0, NULL, '2020-03-11 17:42:14'),
	(160, 160, 'd', 2, 'ANNUALE', 'AUTOVALUTAZIONE  DELL\'ORGANO CON FUNZIONE DI CONTROLLO<br>(valutazione complessiva dei requisiti di idoneità dei Sindaci)', 'COMUNICAZIONE BANCA D\'ITALIA<br>(solo su richiesta del Regulator)<br>', 'Circolare Banca d\'Italia 285/2013', '', 'L\'ORGANO CON FUNZIONE DI CONTROLLO SVOLGE UNA AUTOVALUTAZIONE SULLA PROPRIA COMPOSIZIONE E SUL PROPRIO FUNZIONAMENTO', 'Avvio: GENNAIO Esito: MARZO', 1, 0, NULL, '2020-03-11 17:42:14'),
	(161, 161, 'd', 6, 'TRIENNALE', 'AUTOVALUTAZIONE  DELL\'ORGANO CON FUNZIONE DI CONTROLLO<br>(valutazione complessiva dei requisiti di idoneità dei Sindaci)', 'IN OCCASIONE DEL RINNOVO DELL\'ORGANO<br>COMUNICAZIONE BANCA D\'ITALIA<br>(solo su richiesta del Regulator)<br>', 'Circolare Banca d\'Italia 285/2013', '', 'L\'ORGANO CON FUNZIONE DI CONTROLLO SVOLGE UNA AUTOVALUTAZIONE SULLA PROPRIA COMPOSIZIONE E SUL PROPRIO FUNZIONAMENTO', 'Avvio: GENNAIO Esito: MARZO', 1, 0, NULL, '2020-03-11 17:42:14'),
	(162, 162, 'd', 1, 'AD EVENTO', 'COMUNICAZIONE ANTE DELIBERAZIONE PER I CASI DI URGENZA DI OPERAZIONI DI MINORE RILEVANZA NON ORDINARIE NON ESIGUE E/O OPERAZIONI DI MAGGIORE RILEVANZA NEI CONFRONTI DI PARTI CORRELATE E SOGGETTI CONNESSI PER I CASI PREVISTI IN MATERIA DI ATTIVITA’ DI RISCHIO E CONFLITTI DI INTERESSE PER LA VALUTAZIONE DELLA SUSSISTENZA DEI REQUISITI DI URGENZA', '', 'BANCA D\'ITALIA - Circ. 263/2006 9° Aggiornamento 12.12.2011 - Titolo V, Cap. 5 - Attività di rischio e conflitti di interesse nei confronti dei Soggetti Collegati; Art. 136 TUB - Obbligazioni degli Esponenti bancari; Art. 24 ter L. 221/2012', 'Policy n. 14 del 29.07.2019<br>Circolare n. 72 del 18.12.2019', 'VALUTAZIONE CIRCA LA SUSSISTENZA DEI REQUISITI DI URGENZA', '', 1, 0, NULL, '2020-03-11 17:42:14'),
	(163, 163, 'd', 1, 'AD EVENTO', 'OPERAZIONI NEI CONFRONTI DI PARTI CORRELATE E DI SOGGETTI CONNESSI PER I CASI PREVISTI IN MATERIA DI ATTIVITA\' DI RISCHIO E CONFLITTI DI INTERESSE IVI COMPRESO CREDITI NON PERFORMING E I PASSAGGI DI STATUS, GLI ACCORDI TRANSATTIVI GIUDIZIALI O EXTRA-GIUDIZIALI ED OPERAZIONI CHE DIANO LUOGO A PERDITE<br>(sia nel caso in cui l\'operazione sia di maggiore rilevanza sia di minore rilevanza non ordinaria non esigua)', '', 'BANCA D\'ITALIA - Circ. 263/2006 9° Aggiornamento 12.12.2011 - Titolo V, Cap. 5 - Attività di rischio e conflitti di interesse nei confronti dei Soggetti Collegati; Art. 136 TUB - Obbligazioni degli Esponenti bancari; Art. 24 ter L. 221/2012', 'Policy n. 14 del 29.07.2019<br>Circolare n. 72 del 18.12.2019', 'AI FINI DI ASSICURARE L\'INTEGRITA\' E LA TRASPARENZA DELLE DECISIONI ASSUNTE NEL CASO DI PASSAGGI DI STATUS, ACCORDI TRANSATTIVI GIUDIZIALI O EXTRA-GIUDIZIALI ED OPERAZIONI CHE DIANO LUOGO A PERDITE<br>PARERE DEL CS<br>(solo se l\'operazione è di maggiore rilevanzae e solo in <br>In caso di parere negativo o condizionato del CCIR-AI<br>vd. flusso DLS-SOS in caso di delibera difforme', '', 1, 0, NULL, '2020-03-11 17:42:14'),
	(164, 164, 'd', 2, 'ANNUALE', 'RELAZIONE SULL\'ATTUAZIONE DELLE POLITICHE DI REMUNERAZIONE DEL GRUPPO BNL-BNP PARIBAS', 'IL CS PRENDE VISIONE E VERIFICA EX POST PER PARERE ', 'PROV. BANCA D\'ITALIA 30.03.2011<br>', 'PROGETTO GOVERNO SOCIETARIO', 'INFORMATIVA SULLE MODALITA\' CON CUI SONO STATE APPLICATE LE POLITICHE APPROVATE (cd. Informativa ex post)', '', 1, 0, NULL, '2020-03-11 17:42:14'),
	(165, 165, 'd', 2, 'ANNUALE', 'REPORT ANNUALE SU POLITICHE DI REMUNERAZIONE', 'CS<br>PRENDE VISIONE CS VERIFICA EX POST PER PARERE  CDA PRENDE ATTO E <br>DELIBERA EVENTUALI AZIONI CORRETTIVE  BANCA D\'ITALIA<br>le evidenze riscontrate e le eventuali anomalie, sono portate a conoscenza degli Organi e delle Funzioni competenti, per l\'adozione di eventuali misure correttive, che ne valutano la rilevanza ai fini di una pronta informativa a Banca d\'Italia', 'BANCA D\'ITALIA: DISPOSIZIONI IN MATERIA DI POLITICHE E PRASSI DI REMUNERAZIONE E INCENTIVAZIONE NELLE BANCHE E NEI GRUPPI BANCARI DEL 30.3.2011', '', 'ILLUSTRAZIONE DELLE RISULTANZE INERENTI L\'ADEGUATEZZA E LA RISPONDENZA AL QUADRO NORMATIVO DELLE POLITICHE E DELLE PRASSI DI REMUNERAZIONE ADOTTATE NELL\'ANNO NONCHE\' GLI ESITI DELLA VERIFICA SULL\'ATTUAZIONE DELLE POLITICHE DI REMUNERAZIONE (EX POST) E SUGLI OBBLIGHI DI INFORMATIVA AL PUBBLICO', '', 1, 0, NULL, '2020-03-11 17:42:14'),
	(166, 166, 'd', 6, 'TRIENNALE', 'COMPENSO ANNUO FISSO E COMPENSO ANNUO AGGIUNTIVO PER I CONSIGLIERI DI AMMINISTRAZIONE E COMPENSO ANNUO FISSO PER I COMPONENTI DEL COLLEGIO SINDACALE', '', 'ART. 2389 c.c.', 'ART. 23 STATUTO BNL ART. 33 STATUTO BNL', '', '', 1, 0, NULL, '2020-03-11 17:42:14'),
	(167, 167, 'd', 2, 'ANNUALE', 'Informativa Privacy - Designazioni ""Responsabile Esterno del trattamento"" di fornitori esterni con qualifica di ""Responsabile del trattamento dati"" ai sensi dell\'art. 28 del Regolamento General Data Protection Regulation 2016/679 (GDPR)', '', 'GDPR 2016/679<br><br>', 'Policy n°12 del 14/06/2017 “Dispositivo in materia di protezione Dati Personali” delibera CdA 20 Giugno 2018,', 'INFORMATIVA ANNUALE DELL’ELENCO DEI RESPONSABILI ESTERNI DEL TRATTAMENTO DEI DATI PERSONALI DESIGNATI DALLA DIREZIONE<br>', '', 1, 0, NULL, '2020-03-11 17:42:14'),
	(168, 168, 'd', 2, 'ANNUALE', 'Contratti di sponsorizzazione', '', 'D.LGS. 231/2001 ART. 6, COMMA 2', 'ALLEGATO C): FLUSSI INFORMATIVI NEI CONFRONTI OdV (Modello di Organizzazione, Gestione e Controllo ex D.Lgs. 231/2001)', 'Elenco dei contratti di sponsorizzazione e dei contributi (ivi inclusi quelli di pertinenza della Divisione Commercial Banking e Reti Agenti, Divisione Private Banking e Wealth Management, del Servizio Relazioni Istituzionali e Divisione Corporate Banking  e quelli non deliberati direttamente da DCB) deliberati nel periodo di riferimento con indicazione degli enti patrocinati e della loro conformità ai regolamenti interni e al codice etico della Banca.<br>(#17.Gestione degli omaggi, liberalità, contributi, sponsorizzazioni ed iniziative assimilate)', '', 1, 0, NULL, '2020-03-11 17:42:14'),
	(169, 169, 'd', 5, 'SEMESTRALE', 'Visite ispettive/esito/azioni correttive - Banca d\'Italia', 'con il supporto della Divisione Commercial Banking e Reti Agenti', 'D.LGS. 231/2001 ART. 6, COMMA 2', 'ALLEGATO C): FLUSSI INFORMATIVI NEI CONFRONTI OdV (Modello di Organizzazione, Gestione e Controllo ex D.Lgs. 231/2001)', 'Comunicazione afferente a visite ispettive, e relativo esito, a cura di Banca d’Italia nonché le eventuali connesse azioni correttive<br>#06.Gestione del contante e dei  valori)', '', 1, 0, NULL, '2020-03-11 17:42:14'),
	(170, 170, 'd', 5, 'SEMESTRALE', 'Segnalazioni inviate a / esiti ricevuti dalla Banca d’Italia circa Banconote/monete sospette di falsità', 'con il supporto della Divisione Commercial Banking e Reti Agenti', 'D.LGS. 231/2001 ART. 6, COMMA 2', 'ALLEGATO C): FLUSSI INFORMATIVI NEI CONFRONTI OdV (Modello di Organizzazione, Gestione e Controllo ex D.Lgs. 231/2001)', 'Informativa in merito alla situazione generale delle segnalazioni inoltrate alla Banca d’Italia e relativi esiti ricevuti dalla Banca d’Italia in merito alle verifiche effettuate sulle banconote/monete sospette di falsità.<br>(#06.Gestione del contante e dei  valori)', '', 1, 0, NULL, '2020-03-11 17:42:14'),
	(171, 171, 'd', 5, 'SEMESTRALE', 'Casi accertati di falsità in banconote o monete', 'con il supporto della Divisione Commercial Banking e Reti Agenti', 'D.LGS. 231/2001 ART. 6, COMMA 2', 'ALLEGATO C): FLUSSI INFORMATIVI NEI CONFRONTI OdV (Modello di Organizzazione, Gestione e Controllo ex D.Lgs. 231/2001)', ' Riscontro della ricorrenza per almeno 3 volte nell’arco temporale di 3 mesi di casi accertati di falsità in banconote o monete rispetto all’operatività di una agenzia ovvero rispetto ad un singolo cliente.<br>(#06.Gestione del contante e dei  valori)', '', 1, 0, NULL, '2020-03-11 17:42:14'),
	(172, 172, 'd', 2, 'ANNUALE', 'VERIFICA DEI REQUISITI INDIVIDUALI DI IDONEITA\' DEGLI AMMINISTRATORI E COMPONENTI COLLEGIO SINDACALE', '', 'D.Lgs. 385/1993: Art. 26<br>Regolamento di attuazione emanato dal Ministro del Tesoro, del Bilancio e della Programmazione Economica con Decreto 161/1998<br>nonché delle relative istruzioni emanate dalla Banca d\'Italia<br>BANCA D\'ITALIA: Circolare 285/2013 (Governo Societario)<br>D.L. 201/2011 convertito con L. 214/2011 Art. 36 (divieto di interlocking)', '', '', '', 1, 0, NULL, '2020-03-11 17:42:14'),
	(173, 173, 'd', 6, 'TRIENNALE', 'VERIFICA DEI REQUISITI INDIVIDUALI DI IDONEITA\' DEGLI AMMINISTRATORI E COMPONENTI COLLEGIO SINDACALE', 'IN OCCASIONE DEL RINNOVO DELL\'ORGANO', 'D.Lgs. 385/1993: Art. 26<br>Regolamento di attuazione emanato dal Ministro del Tesoro, del Bilancio e della Programmazione Economica con Decreto 161/1998<br>nonché delle relative istruzioni emanate dalla Banca d\'Italia<br>BANCA D\'ITALIA: Circolare 285/2013 (Governo Societario)<br>D.L. 201/2011 convertito con L. 214/2011 Art. 36 (divieto di interlocking)', '', '', '', 1, 0, NULL, '2020-03-11 17:42:14'),
	(174, 174, 'd', 1, 'AD EVENTO', 'VERIFICA DEI REQUISITI INDIVIDUALI DI IDONEITA\' DEGLI AMMINISTRATORI E COMPONENTI COLLEGIO SINDACALE', 'IN OCCASIONE DI MUTAMENTI', 'D.Lgs. 385/1993: Art. 26<br>Regolamento di attuazione emanato dal Ministro del Tesoro, del Bilancio e della Programmazione Economica con Decreto 161/1998<br>nonché delle relative istruzioni emanate dalla Banca d\'Italia<br>BANCA D\'ITALIA: Circolare 285/2013 (Governo Societario)<br>D.L. 201/2011 convertito con L. 214/2011 Art. 36 (divieto di interlocking)', '', '', '', 1, 0, NULL, '2020-03-11 17:42:14'),
	(175, 175, 'd', 6, 'TRIENNALE', 'VERIFICA DELLA COMPOSIZIONE POST ASSEMBLEARE DEL CONSIGLIO DI AMMINISTRAZIONE RISPETTO AI CRITERI DI OTTIMALE COMPOSIZIONE QUALI-QUANTITATIVA', '', '', 'Delibera CdA 26.2.2015', 'Ogni volta che l\'Assemblea nomina il CdA alla scadenza triennale', '', 1, 0, NULL, '2020-03-11 17:42:14'),
	(176, 176, 'd', 2, 'ANNUALE', 'INFORMATIVA SULLE OPERAZIONI DI MAGGIORE RILEVANZA  NEI CONFRONTI DI PARTI CORRELATE E SOGGETTI CONNESSI ', '', 'BANCA D\'ITALIA - Circ. 263/2006 9° Aggiornamento 12.12.2011 - Titolo V, Cap. 5 - Attività di rischio e conflitti di interesse nei confronti dei Soggetti Collegati; Art. 136 TUB - Obbligazioni degli Esponenti bancari; Art. 24 ter L. 221/2012', 'Policy n. 14 del 29.07.2019<br>Circolare n. 72 del 18.12.2019', 'LE OPERAZIONI DELIBERATE DAL CONSIGLIO DI AMMINISTRAZIONE IN DIFFORMITA\' DEL PARERE DEL CCIR-AI E/O DEL CS SONO  PORTATE ANNUALMENTE A CONOSCENZA DELL\'ASSEMBLEA DEI SOCI, IN OCCASIONE DELL\'APPROVAZIONE DEL BILANCIO', '', 1, 0, NULL, '2020-03-11 17:42:14'),
	(177, 177, 'd', 2, 'ANNUALE', 'INFORMATIVA SULLE OPERAZIONI DI MAGGIORE RILEVANZA NEI CONFRONTI DI PARTI CORRELATE E DI SOGGETTI CONNESSI PER I CASI PREVISTI IN MATERIA DI ATTIVITA\' DI RISCHIO E CONFLITTI DI INTERESSE IVI COMPRESO CREIDITI NON PERFORMING E I PASSAGGI DI STATUS, GLI ACCORDI TRANSATTIVI GIUDIZIALI O EXTRA-GIUDIZIALI ED OPERAZIONI CHE DIANO LUOGO A PERDITE DELIBERATE IN DIFFORMITA\' DEL PARERE DEL CCIR-AI/CS', '', 'BANCA D\'ITALIA - Circ. 263/2006 9° Aggiornamento 12.12.2011 - Titolo V, Cap. 5 - Attività di rischio e conflitti di interesse nei confronti dei Soggetti Collegati; Art. 136 TUB - Obbligazioni degli Esponenti bancari; Art. 24 ter L. 221/2012', 'Policy n. 14 del 29.07.2019<br>Circolare n. 72 del 18.12.2019', 'LE OPERAZIONI DELIBERATE DAL CONSIGLIO DI AMMINISTRAZIONE IN DIFFORMITA\' DEL PARERE DEL CCIR-AI E/O DEL CS SONO  PORTATE ANNUALMENTE A CONOSCENZA DELL\'ASSEMBLEA DEI SOCI, IN OCCASIONE DELL\'APPROVAZIONE DEL BILANCIO', '', 1, 0, NULL, '2020-03-11 17:42:14'),
	(178, 178, 'd', 1, 'AD EVENTO', 'COSTITUZIONE COMITATO NOMINE, COMITATO REMUNERAZIONI, COMITATO PER IL CONTROLLO INTERNO E RISCHI/OdV DELIBERANDONE COMPOSIZIONE E ATTRIBUZIONI', '', 'BANCA D\'ITALIA: Circolare 285/2013', '', '', '', 1, 0, NULL, '2020-03-11 17:42:14'),
	(179, 179, 'd', 2, 'ANNUALE', 'RELAZIONE SULL\'ATTIVITA\' SVOLTA DAL COMITATO NOMINE', '', 'BANCA D\'ITALIA: Circolare 285/2013', 'REGOLAMENTO COMITATO NOMINE ', 'RELAZIONE SULL\'ATTIVITA\' SVOLTA DAL COMITATO NOMINE ', '', 1, 0, NULL, '2020-03-11 17:42:14'),
	(180, 180, 'd', 2, 'ANNUALE                            ', 'INCONTRO CON SOCIETA\' DI REVISIONE, ANCHE ALLA PRESENZA DEL DIRIGENTE PREPOSTO, PER VALUTAZIONI DEL SISTEMA DI CONTROLLO AMMINISTRATIVO-CONTABILE E SCAMBIO DI INFORMAZIONI RITENUTE RILEVANTI PER L\'ESPLETAMENTO DELLE PROPRIE FUNZIONI, NEL RISPETTO DELLE SPECIFICHE RESPONSABILITA\' E DEI RISPETTIVI COMPITI', '', 'D.LGS. N. 135 DEL 17.7.2016<br>Banca d\'Italia Circ. 285/2013', 'MODELLO DI ORGANIZZAZIONE E GESTIONE EX D.LGS. 231/2001  SPECIFICHE RICHIESTE <br>DI CS E CCIR', 'RECIPROCO SCAMBIO DI INFORMAZIONI Gli incontri tra CCIR e Società di Revisione rientrano tra i compiti attribuiti all\'OdV in materia di analisi dei processi mirata alla effettività dei presidi di correttezza procedimentale e dei controlli interni.', '', 1, 0, NULL, '2020-03-11 17:42:14'),
	(181, 181, 'd', 2, 'ANNUALE', 'DOCUMENTO DI INDIRIZZO STRATEGICO IT', '', 'BANCA D\'ITALIA: Circolare 285/2013', '', 'Illustrazione dei piani strategici pluriennali della Direzione IT ', 'APRILE 2021 E <br>IN DIPENDENZA DELLA PERIODICITÀ DEI PIANI STRATEGICI AZIENDALI (3 – 5 ANNI)<br>\'Ultima data di presentazione Dicembre 2014 - prevista prossima presentazione 2° Q 2021', 1, 0, NULL, '2020-03-11 17:42:14'),
	(182, 182, 'd', 1, 'AD EVENTO', 'PROCESSI DI GESTIONE DELL\'ICT ', '', 'BANCA D\'ITALIA: Circolare 285/2013', '', 'Illustrazione del processo di gestione dell\'ICT', 'N.A. Ultima data di presentazione Giugno 2014', 1, 0, NULL, '2020-03-11 17:42:14'),
	(183, 183, 'd', 1, 'AD EVENTO', 'PROCEDURA DI GESTIONE DEI CAMBIAMENTI', '', 'BANCA D\'ITALIA: Circolare 285/2013', '', 'Illustrazione della procedura di gestione dei cambiamenti.', 'N.A.  Ultima data di presentazione Giugno 2014', 1, 0, NULL, '2020-03-11 17:42:14'),
	(184, 184, 'd', 1, 'AD EVENTO', 'PROCEDURA DI GESTIONE DEGLI INCIDENTI', '', 'BANCA D\'ITALIA: Circolare 285/2013', '', 'Illustrazione della procedura di gestione degli incidenti.', 'N.A. Ultima data di presentazione Giugno 2014', 1, 0, NULL, '2020-03-11 17:42:14'),
	(185, 185, 'd', 2, 'ANNUALE', 'Acquisti beni/servizi superiori ai 10.000 (spese sensibili ex. D.Lgs. 231/2001)', '', 'D.LGS. 231/2001 ART. 6, COMMA 2', 'ALLEGATO C): FLUSSI INFORMATIVI NEI CONFRONTI OdV (Modello di Organizzazione, Gestione e Controllo ex D.Lgs. 231/2001)', 'Report riepilogativo degli acquisti di beni e servizi di importo superiore a 10.000 Euro relativi alle categorie di spesa più sensibili ai fini 231/2001 con evidenza degli scostamenti in aumento che per singole spese o cumulativamente superino del 30% rispetto il valore degli acquisti effettuati nei 12 mesi precedenti.<br>(#10.Gestione delle procedure acquisitive di beni e servizi e degli incarichi professionali)', '', 1, 0, NULL, '2020-03-11 17:42:14'),
	(186, 186, 'd', 2, 'ANNUALE', 'Assegnazione di fornitura non conformemente alla normativa interna', '', 'D.LGS. 231/2001 ART. 6, COMMA 2', 'ALLEGATO C): FLUSSI INFORMATIVI NEI CONFRONTI OdV (Modello di Organizzazione, Gestione e Controllo ex D.Lgs. 231/2001)', 'Informativa contenente eventuali casi in cui le modalità di assegnazione di una fornitura non siano avvenute in conformità con quanto disciplinato dalla normativa interna di riferimento (risultati dei controlli la cui conformità sia inferiore al 50%).<br>(#10.Gestione delle procedure acquisitive di beni e servizi e degli incarichi professionali)', '', 1, 0, NULL, '2020-03-11 17:42:14'),
	(187, 187, 'd', 2, 'ANNUALE', 'Report con esito della dichiarazione di vicinanza ai soggetti apicali degli enti privatistici (ex art. 5 D.Lgs. 231/2001 ed art. 2635 I comma c.c)', '', 'D.LGS. 231/2001 ART. 6, COMMA 2', 'ALLEGATO C): FLUSSI INFORMATIVI NEI CONFRONTI OdV (Modello di Organizzazione, Gestione e Controllo ex D.Lgs. 231/2001)', ' Informativa contenente il dettaglio dei contratti di fornitura e degli incarichi professionali attribuiti a fornitori e consulenti, i cui apicali (così come individuati dall’art. 5 D.Lgs. 231/2001 ed art. 2635 I comma c.c.) di altre Società o Enti aventi natura privatistica con cui la Banca opera in regime di concorrenza oppure i cui apicali (così come individuati dall’art. 5 D.Lgs. 231/2001 ed art. 2635 I comma c.c.) hanno legami (parentela o affinità fino al secondo grado) con soggetti apicali (così come individuati dall’art. 5 D.Lgs. 231/2001 ed art. 2635 I comma c.c.) di altre Società o Enti aventi natura privatistica con cui la Banca opera in regime di concorrenza.<br>(#10.Gestione delle procedure acquisitive di beni e servizi e degli incarichi professionali)', '', 1, 0, NULL, '2020-03-11 17:42:14'),
	(188, 188, 'd', 2, 'ANNUALE', 'Report delle risultanze dei test di sicurezza sulle risorse del sistema informatico aziendale', '', '', '', 'presentazione al CDA/CCIR dei rischi di sicurezza associati alle vulnerabilità del sistema informatico e lo stato delle azioni di remediation, nell’ambito dei flussi informativi sul livello di sicurezza del sistema informatico aziendale', '', 1, 0, NULL, '2020-03-11 17:42:14'),
	(189, 189, 'd', 2, 'ANNUALE', 'Informativa circa la presentazione della documentazione all’OFSS e le principali risultanze ', '', 'D.LGS. 231/2001 ART. 6, COMMA 2', 'ALLEGATO C): FLUSSI INFORMATIVI NEI CONFRONTI OdV (Modello di Organizzazione, Gestione e Controllo ex D.Lgs. 231/2001)', 'INFORMATIVA CIRCA L\'AVVENUTA PRESENTAZIONE E LE PRINCIPALI RISULTANZE DELLA DOCUMENTAZIONE ALL\'ORGANO CON FUNZIONE DI SUPERVISIONE STRATEGICA<br>(#14.Gestione delle risorse informatiche)', '', 1, 0, NULL, '2020-03-11 17:42:14'),
	(190, 190, 'd', 5, 'SEMESTRALE', 'Informativa circa le visite ispettive delle Autorità di Vigilanza', '', 'D.LGS. 231/2001 ART. 6, COMMA 2', 'ALLEGATO C): FLUSSI INFORMATIVI NEI CONFRONTI OdV (Modello di Organizzazione, Gestione e Controllo ex D.Lgs. 231/2001)', '- INFORMATIVA CIRCA LE VISITE ISPETTIVE, E RELATIVO ESITO, A CURA DELLE AUTORITA\' DI VIGILANZA NONCHE\' LE EVENTUALI CONNESSE AZIONI CORRETTIVE<br>- REPORT SUGLI INCIDENTI DI SICUREZZA INFORMATICA OCCORSI NEL PERIODO DI RIFERIMENTO E SULLE AZIONI CORRETTIV', 'FEBBRAIO (per il semestre relativo all\'anno precedente)/OTTOBRE (semestre anno corrente)', 1, 0, NULL, '2020-03-11 17:42:14'),
	(191, 191, 'd', 1, 'AD EVENTO', 'REPORT SUGLI INCIDENTI DI SICUREZZA INFORMATICA  DI PARTICOLARE GRAVITA\' E SULLE AZIONI CORRETTIVE INTRAPRESE ', '', 'D.LGS. 231/2001 ART. 6, COMMA 2', 'ALLEGATO C): FLUSSI INFORMATIVI NEI CONFRONTI OdV (Modello di Organizzazione, Gestione e Controllo ex D.Lgs. 231/2001)', 'REPORT SUGLI INCIDENTI DI SICUREZZA INFORMATICA  DI PARTICOLARE GRAVITA\' E SULLE AZIONI CORRETTIVE INTRAPRESE <br>(#14.Gestione delle risorse informatiche)', 'FEBBRAIO (per il semestre relativo all\'anno precedente)/OTTOBRE (semestre anno corrente)', 1, 0, NULL, '2020-03-11 17:42:14'),
	(192, 192, 'd', 2, 'ANNUALE', 'aggiornamento obiettivi e piano d\'azione in termini di sostenibilità', '', '', 'policy organizzazione CSR 2 del 2/2/2016', 'condividere con il CDA i progressi e i piani d\'azione in termini di sostenibilità ', 'a 6 mesi dal bilancio  annuale ', 1, 0, NULL, '2020-03-11 17:42:14'),
	(193, 193, 'd', 1, 'AD EVENTO', 'CONFRONTO TRA BNL bc E PRINCIPALI CONCORRENTI', '', '', 'Linee Guide EBA e BCE Richiesta del CDA: Trening e Induction Soggetti Apicali ', 'Assicurare all’Organo di Governo una visione comparata dei risultati della Banca con quanto registrato dai principali concorrenti sul mercato ', '', 1, 0, NULL, '2020-03-11 17:42:14'),
	(194, 194, 'd', 1, 'AD EVENTO', 'CONTRIBUZIONE PER L’ANNO DI RIFERIMENTO AL FONDO DI RISOLUZIONE UNICO', '', '- Direttiva Bank Recovery and Resolution (BRRD -2014/59/UE);<br>- Regolamento del Single Resolution Mechamism (SRM - 2014/806/UE)<br>- Regolamenti Delegati della Commissione Europea n° 2015/63 e n° 2015/81<br>- Decreto Legge n. 183/2015<br>', '', 'INFORMATIVA SU AMMONTARE DEI CONTRIBUTI DOVUTI PER L\'ANNO<br> DI RIFERIMENTO DAGLI INTERMEDIARI STABILITI NEGLI STATI MEMBRI<br> PARTECIPANTI ALL\'UNIONE BANCARIA ', '', 1, 0, NULL, '2020-03-11 17:42:14'),
	(195, 195, 'd', 6, 'TRIENNALE', 'STANDARD DI DATA GOVERNANCE ', '', 'BANCA D’ITALIA: Circolare 285/2013', 'Group Policy  (Ott-2018);<br>Circolare  BNL 54/2018', 'Illustrazione Standard di Data Governance ', 'Ultime presentazioni: 2014 (da COO e CIO non essendo costituito il CDO) e Ottobre 2016 (costituzione Data Office)<br> 20.12. 2019 <br>(approvazione degli standard di data governance e  del ruolo di indirizzo e coordinamento del Chief Data Officer) ', 1, 0, NULL, '2020-03-11 17:42:14'),
	(196, 196, 'd', 2, 'ANNUALE', 'Resoconto sulla coerenza dei prezzi e condizioni applicati alla clientela con il modello di business e le strategie in materia di rischi', '', '  - Circolare Bankit n 285 D. Lgs.1° settembre 1993 n. 385  Testo unico delle leggi in materia bancaria e creditizia” cd. TUB Provvedimento della Banca d’Italia<br> - Disposizioni di Trasparenza delle Operazioni e dei Servizi Bancari e Finanziari. Correttezza delle Relazioni tra Intermediari e Clienti del 29 luglio 2009 come modificato da ultimo dal Provvedimento della Banca d’Italia del 3 agosto 2017.<br>', 'Policy n.6 del 9/2/2018 Pricing Policy - Linee Guida in materia di prezzo e copertura dei rischi', 'Evidenze delle attività della Riunione operativa prevista dalla Pricing Policy in essere (Policy n. 6 del 9/02/2018)  ', '', 1, 0, NULL, '2020-03-11 17:42:14'),
	(197, 197, 'd', 2, 'ANNUALE', 'Verifiche fiscali: esercizio precedente e in corso con relativi esiti', '', 'D.LGS. 231/2001 ART. 6, COMMA 2', 'ALLEGATO C): FLUSSI INFORMATIVI NEI CONFRONTI OdV (Modello di Organizzazione, Gestione e Controllo ex D.Lgs. 231/2001)', 'Informativa sulle verifiche fiscali ricevute dalla Banca nell\'esercizio precedente, riportante le verifiche terminate e quelle in corso con evidenza degli esiti delle stesse (es. rilievi emersi, azioni correttive previste e/o attuate, sanzioni irrogate, ecc..).<br>(#09.Gestione dei Rapporti con la Pubblica Amministrazione)', '', 1, 0, NULL, '2020-03-11 17:42:14'),
	(198, 198, 'd', 2, 'ANNUALE', 'Informativa circa Regulator, data visita ispettiva, data chiusura', '', 'D.LGS. 231/2001 ART. 6, COMMA 2', 'ALLEGATO C): FLUSSI INFORMATIVI NEI CONFRONTI OdV (Modello di Organizzazione, Gestione e Controllo ex D.Lgs. 231/2001)', 'Informativa di sintesi dell\'anno con l\'indicazione del Regulator (Autorità), della data della visita ispettiva e della data di chiusura, acquisita attraverso la raccolta mensile degli eventi Regulus censiti con Codice 2 e 7 e che raccoglie quanto segnalato dalle Funzioni/Direzioni della Banca.  <br>(#08.Gestione dei Rapporti con le Autorità di Vigilanza)<br>', '', 1, 0, NULL, '2020-03-11 17:42:14'),
	(199, 199, 'd', 2, 'ANNUALE', 'Movimentazioni del portafoglio partecipativo', '', 'D.LGS. 231/2001 ART. 6, COMMA 2', 'ALLEGATO C): FLUSSI INFORMATIVI NEI CONFRONTI OdV (Modello di Organizzazione, Gestione e Controllo ex D.Lgs. 231/2001)', 'Informativa sulle movimentazioni del portafoglio partecipativo validato dai Responsabili delle strutture owner della Banca nell\'ambito del Comitato Valutazioni Finance.<br>(#04.Gestione delle operazioni societarie)', '', 1, 0, NULL, '2020-03-11 17:42:14'),
	(200, 200, 'd', 2, 'ANNUALE', 'Report dei Controlli Contabili (FACT)', '', 'D.LGS. 231/2001 ART. 6, COMMA 2', 'ALLEGATO C): FLUSSI INFORMATIVI NEI CONFRONTI OdV (Modello di Organizzazione, Gestione e Controllo ex D.Lgs. 231/2001)', 'Focus del Report dei Controlli Contabili relativo alle eventuali raccomandazioni emesse dalla Società di Revisione (FACT).<br>(#13.Rapporti con Società di Revisione, il Collegio Sindacale e altri Organi Sociali)', '', 1, 0, NULL, '2020-03-11 17:42:14'),
	(201, 201, 'd', 2, 'ANNUALE', 'Avvisi di Liquidazione e Cartelle di Pagamento', '', 'D.LGS. 231/2001 ART. 6, COMMA 2', 'ALLEGATO C): FLUSSI INFORMATIVI NEI CONFRONTI OdV (Modello di Organizzazione, Gestione e Controllo ex D.Lgs. 231/2001)', 'Informativa riguardante il numero degli Avvisi di Liquidazione e delle Cartelle di Pagamento, pervenuti nel periodo di osservazione (semestre di riferimento), con l’indicazione della media mensile, specificando, sul totale degli Avvisi e delle Cartelle pervenuti, quanti di questi sono stati pagati totalmente, quanti sono scaduti o in corso di lavorazione.<br>(#12.Gestione delle attività contabili e fiscali)', '', 1, 0, NULL, '2020-03-11 17:42:14'),
	(202, 202, 'd', 5, 'SEMESTRALE', 'Vertenze e procedimenti ex D.Lgs. 231/2001', '', 'D.LGS. 231/2001 ART. 6, COMMA 2', 'ALLEGATO C): FLUSSI INFORMATIVI NEI CONFRONTI OdV (Modello di Organizzazione, Gestione e Controllo ex D.Lgs. 231/2001)', 'Reportistica sull’andamento delle vertenze e dei procedimenti di maggior rilevanza inerenti al D.lgs. 231/2001.<br>(#07.Gestione dei contenziosi giudiziali e stragiudiziali e degli accordi transattivi)', '', 1, 0, NULL, '2020-03-11 17:42:14'),
	(203, 203, 'd', 7, 'TRIMESTRALE', 'INFORMATIVA CHE CONTENGA INFORMAZIONI RELATIVE ALL\'ATTUAZIONE DI DELIBERE QUADRO EVENTUALMENTE ASSUNTE DALLA BANCA NELL\'ANNO SOLARE DI RIFERIMENTO', '', 'BANCA D\'ITALIA - Circ. 263/2006 9° Aggiornamento 12.12.2011 - Titolo V, Cap. 5 - Attività di rischio e conflitti di interesse nei confronti dei Soggetti Collegati; Art. 136 TUB - Obbligazioni degli Esponenti bancari; Art. 24 ter L. 221/2012', 'Policy n. 14 del 29.07.2019<br>Circolare n. 72 del 18.12.2019', 'UTILIZZO DELLE DELIBERE QUADRO NEL CORSO DELL\'ANNO E RISPETTO DEI PLAFOND DEFINITI', '', 1, 0, NULL, '2020-03-11 17:42:14'),
	(204, 204, 'd', 2, 'ANNUALE', 'Informativa circa gli adempimenti di legge ex D.Lgs. 81/2008 ', '', 'D.LGS. 81/2008<br>D.LGS. 231/2001 ART. 6, COMMA 2', 'ALLEGATO C): FLUSSI INFORMATIVI NEI CONFRONTI OdV (Modello di Organizzazione, Gestione e Controllo ex D.Lgs. 231/2001)', 'Piano di  Formazione e Addestramento;<br>Informativa circa il Piano di Sorveglianza Sanitaria; <br>Informativa circa la valutazione dei rischi effettuata e Documento Valutazione Rischi (DVR) generale aggiornato in coerenza con eventuali aggiornamenti del Documento Valutazione Rischi (DVR) specifici (almeno annuale o ad evento in casi di aggiornamento della valutazione dei rischi effettuata in aderenza alla normativa esterna). <br>(#16.Gestione della salute e della sicurezza sul luogo di lavoro e tutela ambientale) ', '', 1, 0, NULL, '2020-03-11 17:42:14'),
	(205, 205, 'd', 5, 'SEMESTRALE', 'Informativa circa Il regolare avanzamento degli adempimenti di legge ex D.Lgs. 81/2008 ', '', 'D.LGS. 81/2008<br>D.LGS. 231/2001 ART. 6, COMMA 2', 'ALLEGATO C): FLUSSI INFORMATIVI NEI CONFRONTI OdV (Modello di Organizzazione, Gestione e Controllo ex D.Lgs. 231/2001)', 'Informativa circa:<br>a. avanzamento Piano Formazione e Informazione 81/08;<br>b. avanzamento del Piano annuale di Sorveglianza Sanitaria;<br>c. revisione dei Documenti di Valutazione dei Rischi (DVR) specifici;<br>d. numero dei DVR aggiornati in base al piano dei sopralluoghi DI- SPP.<br>e. riepilogo delle ispezioni effettuate da parte degli Organi Ispettivi nel periodo di riferimento;<br>f.  avanzamento del Piano dei sopralluoghi di DI-SPP;<br>g. avanzamento del Piano visite per la valutazione dei rischi sulle sedi. Il Piano comprende:<br>i. informativa relativa al censimento delle fonti di rischio laddove, dall’analisi del materiale raccolto in sede di sopralluogo, si riscontri che possano emergere fatti, atti, eventi od omissioni con profili di criticità 3 e 4 (Situazioni che mettono a rischio la sicurezza e la salute delle persone - al cui verificarsi sono previste sanzioni penali - ovvero situazioni che possano determinare un pericolo grave e imminente per le persone stesse) aventi impatti sul Decreto;<br>ii. comunicazione relativa alle azioni correttive intraprese (aventi impatto sul D.Lgs. 231/2001) e relative al “Piano delle Misure di Prevenzione e Protezione e di Miglioramento” in riferimento ai predetti profili di criticità riscontrati.<br>(#16.Gestione della salute e della sicurezza sul luogo di lavoro e tutela ambientale)<br>', '', 1, 0, NULL, '2020-03-11 17:42:14'),
	(206, 206, 'd', 5, 'SEMESTRALE', 'Informativa afferente a visite ispettive a cura dell’Organo Ispettivo', '', 'D.LGS. 81/2008<br>D.LGS. 231/2001 ART. 6, COMMA 2', 'ALLEGATO C): FLUSSI INFORMATIVI NEI CONFRONTI OdV (Modello di Organizzazione, Gestione e Controllo ex D.Lgs. 231/2001)', 'Informativa afferente a visite ispettive a cura dell’Organo Ispettivo, e relativo esito, nonché eventuali connesse azioni correttive.<br>(#16.Gestione della salute e della sicurezza sul luogo di lavoro e tutela ambientale)', '', 1, 0, NULL, '2020-03-11 17:42:14'),
	(207, 207, 'd', 1, 'AD EVENTO', 'Informativa afferente a visite ispettive a cura dell’Organo Ispettivo', '', 'D.LGS. 81/2008<br>D.LGS. 231/2001 ART. 6, COMMA 2', 'ALLEGATO C): FLUSSI INFORMATIVI NEI CONFRONTI OdV (Modello di Organizzazione, Gestione e Controllo ex D.Lgs. 231/2001)', 'Informativa afferente a visite ispettive a cura dell’Organo Ispettivo, e relativo esito, nonché eventuali connesse azioni correttive.<br>(#16.Gestione della salute e della sicurezza sul luogo di lavoro e tutela ambientale)<br>IN CASO DI CRITICITA\'', '', 1, 0, NULL, '2020-03-11 17:42:14'),
	(208, 208, 'd', 1, 'AD EVENTO', 'Informativa circa particolari situazione circa gli adempimenti di legge ex D.Lgs. 81/2008 ', '', 'D.LGS. 81/2008<br>D.LGS. 231/2001 ART. 6, COMMA 2', 'ALLEGATO C): FLUSSI INFORMATIVI NEI CONFRONTI OdV (Modello di Organizzazione, Gestione e Controllo ex D.Lgs. 231/2001)', 'Informativa circa:<br>- revisione straordinaria del DVR parte generale;<br>- richieste di accesso alle cartelle sanitarie e di rischio da parte degli Organi Ispettivi (ad es. ASL, VV.F. , Ispettorato del Lavoro, ecc.);<br>- verbali collegati ad indagini da parte di Organi Ispettivi;<br>- sanzioni relative a verbali da parte di Organi Ispettivi;<br>- informativa relativa ai giudizi espressi dal Medico competente dai quali si evinca che possano emergere fatti, atti, eventi od omissioni con profili di criticità aventi impatti sul D. Lgs. 231/2001;<br>- espressione di un giudizio di inidoneità alla mansione specifica da parte del Medico Competente Regionale;<br>- riconoscimento di malattia professionale;<br>- accadimento di un infortunio con prognosi superiore ai 40 giorni;<br>- eventuale decesso;<br>- esecuzione di un controllo da parte di un Organo Ispettivo che ha comportato una sanzione per la Banca;<br>- ogni tipologia di informazione di propria competenza di cui l’Organo Ispettivo ne faccia esplicita richiesta;<br>- informazione di richiesta di riconoscimento di malattie professionali o di infortuni che superano i 40 giorni, ovvero di decesso.<br>(#16.Gestione della salute e della sicurezza sul luogo di lavoro e tutela ambientale)', '', 1, 0, NULL, '2020-03-11 17:42:14'),
	(209, 209, 'd', 2, 'ANNUALE', 'Verifica del Sistema di Gestione della Salute e Sicurezza sul Lavoro ed esito del Riesame della Direzione', '', 'D.LGS. 81/2008<br>D.LGS. 231/2001 ART. 6, COMMA 2', 'ALLEGATO C): FLUSSI INFORMATIVI NEI CONFRONTI OdV (Modello di Organizzazione, Gestione e Controllo ex D.Lgs. 231/2001)', '- Esito dell’audit annuale, da parte dell’Ente terzo certificatore (auditor indipendente), relativo alla certificazione del sistema ed alla relativa efficace attuazione.<br>-“Riesame della Direzione” comprendente, tra l’altro, le risultanze dei controlli - previsto dal Manuale del Sistema di Gestione della Salute e Sicurezza sul Lavoro, con particolare riferimento alla efficace attuazione del sistema stesso.<br>(#16.Gestione della salute e della sicurezza sul luogo di lavoro e tutela ambientale)', '', 1, 0, NULL, '2020-03-11 17:42:14'),
	(210, 210, 'd', 5, 'SEMESTRALE', 'AVANZAMENTO STATO ""RIESAME DELLA DIREZIONE""', '', 'D.LGS. 81/2008<br>D.LGS. 231/2001 ART. 6, COMMA 2', 'ALLEGATO C): FLUSSI INFORMATIVI NEI CONFRONTI OdV (Modello di Organizzazione, Gestione e Controllo ex D.Lgs. 231/2001)', 'AVANZAMENTO STATO ""RIESAME DELLA DIREZIONE""<br>(#16,Gestione della salute e della sicurezza sul luogo di lavoro e tutela ambientale)', '', 1, 0, NULL, '2020-03-11 17:42:14'),
	(211, 211, 'd', 5, 'SEMESTRALE', 'Gestione dello smaltimento dei rifiuti e relativi adempimenti periodici', '(previo accordo con le ulteriori Strutture di riferimento)', 'D.LGS. 81/2008<br>D.LGS. 231/2001 ART. 6, COMMA 2', 'ALLEGATO C): FLUSSI INFORMATIVI NEI CONFRONTI OdV (Modello di Organizzazione, Gestione e Controllo ex D.Lgs. 231/2001)', 'Evidenza della gestione dello smaltimento dei rifiuti e, quando applicabile, degli adempimenti annuali (MUD).<br>(#16,Gestione della salute e della sicurezza sul luogo di lavoro e tutela ambientale)', '', 1, 0, NULL, '2020-03-11 17:42:14'),
	(212, 212, 'd', 6, 'TRIENNALE', 'Nomina Collegio Sindacale ', '', '', 'Art. 30 Statuto', 'Nomina Collegio Sindacale all\'approvazione del bilancio del terzo esercizio riferito al triennio ', '', 1, 0, NULL, '2020-03-11 17:42:14'),
	(213, 213, 'd', 5, 'SEMESTRALE', 'Reportistica sull\'andamento delle vertenze e dei procedimenti inerenti al D.Lgs.231/2001;', '', 'D.LGS. 231/2001 ART. 6, COMMA 2', 'ALLEGATO C): FLUSSI INFORMATIVI NEI CONFRONTI OdV (Modello di Organizzazione, Gestione e Controllo ex D.Lgs. 231/2001)', 'Reportistica sull\'andamento delle vertenze e dei procedimenti inerenti al D.Lgs.231/2001; (#07.Gestione dei contenziosi giudiziali e stragiudiziali e degli accordi transattivi)', '', 1, 0, NULL, '2020-03-11 17:42:14'),
	(214, 214, 'd', 5, 'SEMESTRALE', 'Aggiornamento circa evoluzioni normative e giurisprudenziali  inerenti al D.Lgs. 231/2001', '', 'D.LGS. 231/2001 ART. 6, COMMA 2', 'ALLEGATO C): FLUSSI INFORMATIVI NEI CONFRONTI OdV (Modello di Organizzazione, Gestione e Controllo ex D.Lgs. 231/2001)', 'Aggiornamento sull\'evoluzione della legislazione e della giurisprudenza riguardanti la responsabilità amministrativa degli enti ovvero si verifichino modifiche sostanziali al perimetro dei reati di cui al D.Lgs. 231/2001<br>(#07.Gestione dei contenziosi giudiziali e stragiudiziali e degli accordi transattivi)', '', 1, 0, NULL, '2020-03-11 17:42:14'),
	(215, 215, 'd', 1, 'AD EVENTO', 'Informativa sui provvedimenti ex D.Lgs. 231/2001 ricevuti dalla Banca', '', 'D.LGS. 231/2001 ART. 6, COMMA 2', 'ALLEGATO C): FLUSSI INFORMATIVI NEI CONFRONTI OdV (Modello di Organizzazione, Gestione e Controllo ex D.Lgs. 231/2001)', '- Informativa nel caso in cui sia notificato alla Banca un provvedimento inerente al D.Lgs. 231/2001;<br>- Informativa circa i provvredimenti e/o le notizie ricevute da organi di polizia giudiziaria o da qualsiasi altra Autorità/soggetti legittimati in re', '', 1, 0, NULL, '2020-03-11 17:42:14'),
	(216, 216, 'd', 1, 'AD EVENTO', 'CONSTATAZIONE A VERBALE AI SENSI E PER GLI EFFETTI DELL\'ART. 136 DEL D.LGS. 1.9.1993 N. 385', '', 'Art. 136 del D.Lgs. 1.9.1993 n. 385<br>(acquisizione del voto favorevole del Sindaco assente durante la deliberazione del CdA nella seduta precedente, ai sensi dell\'art. 136 TUB', '', '', '', 1, 0, NULL, '2020-03-11 17:42:14'),
	(217, 217, 'd', 1, 'AD EVENTO', 'INFORMATIVA DELEGHE DI POTERI', '', '', 'Delibera CdA conferimento poteri all\'AD', 'L\'Amministratore Delegato realziona in CdA sulle deleghe di poteri dallo stesso conferite ', '', 1, 0, NULL, '2020-03-11 17:42:14'),
	(218, 218, 'd', 1, 'AD EVENTO', 'INFORMATIVA VIA D\'URGENZA', '', '', 'Statuto BNL SpA Art. 28 lett. d)', 'Il Presidente e l\'Amministratore Delegato danno informativa sulle deliberazioni di competenza CdA prese per motivi di urgenza ai sensi dell\'art. 28 lett. d) dello Statuto ', '', 1, 0, NULL, '2020-03-11 17:42:14'),
	(219, 219, 'd', 2, 'ANNUALE', 'Elenco dei Responsabili Esterni del trattamento dei Dati Personali designati dal Direttore Rischi', '', 'REGOLAMENTO GENERALE SULLA PROTEZIONE DEI DATI (GDPR) N. 2016/679 EU', '', 'Rendicontare il Titolare sui Responsabili Esterni del trattamento dei Dati Personali designati dal Direttore Rischi', '', 1, 0, NULL, '2020-03-11 17:42:14'),
	(220, 220, 'd', 2, 'ANNUALE', 'Esito on site inspection Banca d’Italia sull’utilizzo del sistema IRB di BNL in ambito ECAF: informativa sullo stato di avanzamento del piano delle azioni correttive', '', 'Regolamento UE 575/2013<br>BANCA D\'ITALIA: Circ. 285/2013<br>Guideline BCE, ECB/2015/510<br>Banca d\'Italia: Lettera del 25.1.2019 ""Prot. N. 0103527/19<br><br>', '', 'Relazione sullo stato di avanzamento del piano delle azioni correttive implementate rispetto alla lettera della Banca d\'Italia in merito all\'esito on site inspection Banca d’Italia sull’utilizzo del sistema IRB di BNL in ambito ECAF<br>(fino alla risoluzionedi tutti i finding contenuti nella lettera Banca d\'Italia)<br>', '', 1, 0, NULL, '2020-03-11 17:42:14'),
	(221, 221, 'd', 5, 'SEMESTRALE', 'INFORMATIVA DELL\'AMMINISTRATORE DELEGATO SULLE DELIBERE CREDITIZIE DI IMPORTO SIGNIFICATIVO ASSUNTE NELL\'ESERCZIO DELLE DELEGHE CONFERITE DAL CDA ', '', '', 'Richiesto dal CdA quando ha delegato i poteri all\'AD', '', '', 1, 0, NULL, '2020-03-11 17:42:14'),
	(222, 222, 'd', 2, 'ANNUALE', 'SINTESI ATTIVITA\' SVOLTE DAL DPO', '', 'REGOLAMENTO GENERALE SULLA PROTEZIONE DEI DATI (GDPR) N. 2016/679 EU', 'CIRC. 30/2018', 'RENDICONTARE IL TITOLARE CIRCA LE ATTIVITA\' SVOLTE DAL DPO (OLTRE A QUELLE DI CONTROLLO A PARTE RENDICONTATE)', '', 1, 0, NULL, '2020-03-11 17:42:14'),
	(223, 223, 'd', 2, 'ANNUALE', 'Rinnovo annuale della polizza Globale Rischi Bancari<br>Delibera di autorizzazione al rinnovo dell’adesione alla Polizza BBB (Globale Rischi Bancari) del Gruppo BNP Paribas stipulata con la società captive del Gruppo BNP Paribas “Le Sphinx Insurance s.a.”<br>', '', 'BANCA D\'ITALIA - Circ. 263/2006 9° Aggiornamento 12.12.2011 - Titolo V, Cap. 5 - Attività di rischio e conflitti di interesse nei confronti dei Soggetti Collegati; Art. 136 TUB - Obbligazioni degli Esponenti bancari; Art. 24 ter L. 221/2012', 'Policy n. 14 del 29.07.2019<br>Circolare n. 72 del 18,12.2019', '', '', 1, 0, NULL, '2020-03-11 17:42:14'),
	(224, 224, 'd', 2, 'ANNUALE', 'PIANO DI FORMAZIONE E INDUCTION DEI MEMBRI DEL CONSIGLIO DI AMMINISTRAZIONE ', '', 'BANCA D\'ITALIA - Circ. n. 285/ 2013 29° Aggiornamento 17.09.2019 <br><br>Linee Guida EBA-ESMA<br><br>D.lgs. 231/2001 ', 'PROGETTO DI GOVERNO SOCIETARIO REGOLAMENTO CONSIGLIO DI AMMINISTRAZIONE', 'ILLUSTRAZIONE DELLE ATTIVITA\' SVOLTE E DI QUELLE PIANIFICATE NELL\'AMBITO DEL PIANO DI FORMAZIONE E INDUCTION DEI MEMBRI DEL CONSIGLIO DI AMMINISTRAZIONE', '', 1, 0, NULL, '2020-03-11 17:42:14'),
	(225, 225, 'd', 1, 'AD EVENTO', 'Informativa sulle segnalazioni ex D.Lgs 231/2001 inviate dai dipendenti per procedimenti a loro carico e circa l’avvio dell’iter disciplinare e le sanzioni irrogate per violazioni inerenti al Modello.', '', 'D.LGS. 231/2001 ART. 6, COMMA 2', 'ALLEGATO C): FLUSSI INFORMATIVI NEI CONFRONTI OdV (Modello di Organizzazione, Gestione e Controllo ex D.Lgs. 231/2001)', 'Informativa sulle segnalazioni inoltrate alla Banca dai dipendenti in caso di avvio di procedimento giudiziario a loro carico per uno dei reati previsti dal D.Lgs. 231/2001.<br>(#07.Gestione dei contenziosi giudiziali e stragiudiziali e degli accordi transattivi) (#11. Selezione, assunzione, formazione, gestione del personale, delle remunerazioni e delle carriere)', '', 1, 0, NULL, '2020-03-11 17:42:14'),
	(226, 226, 'd', 1, 'AD EVENTO', 'Informativa sui provvedimenti ex D.Lgs. 231/2001 ricevuti dalla Banca', '', 'D.LGS. 231/2001 ART. 6, COMMA 2', 'ALLEGATO C): FLUSSI INFORMATIVI NEI CONFRONTI OdV (Modello di Organizzazione, Gestione e Controllo ex D.Lgs. 231/2001)', 'Informativa circa i provvedimenti e/o le notizie ricevute da organi di polizia giudiziaria o da qualsiasi altra Autorità/soggetti legittimati in relazione ad attività di indagine e relativi aggiornamenti ai fini e per gli effetti del D.lgs.231/01 nei confronti dei destinatari del Modello.<br>(#07.Gestione dei contenziosi giudiziali e stragiudiziali e degli accordi transattivi)<br>', '', 1, 0, NULL, '2020-03-11 17:42:14'),
	(227, 227, 'd', 2, 'ANNUALE', 'Piano annuale di formazione della Banca con evidenza del Piano inerente al Modello ex D.lgs.231/2001 adottato dalla Banca e agli ambiti “rilevanti” ai fini e per gli effetti del D.lgs.231/2001 ', '', 'D.LGS. 231/2001 ART. 6, COMMA 2', 'ALLEGATO C): FLUSSI INFORMATIVI NEI CONFRONTI OdV (Modello di Organizzazione, Gestione e Controllo ex D.Lgs. 231/2001)', 'Piano annuale di Formazione con evidenza del Piano inerente al Modello adottato dalla Banca ai sensi del D.lgs.231/01 e agli ambiti “rilevanti” ai fini e per gli effetti del D.lgs.231/2001, corredato dei target di utenti e della tempistica prevista.<br>Report relativo agli esiti del Piano annuale di Formazione corredato dei dati di fruizione, delle tempistiche di avanzamento e, in caso di ritardo, delle azioni correttive programmate.<br>(#11. Selezione, assunzione, formazione, gestione del personale, delle remunerazioni e delle carriere)', '', 1, 0, NULL, '2020-03-11 17:42:14'),
	(228, 228, 'd', 5, 'SEMESTRALE', 'Procedimenti disciplinari attivati dalla Banca e definiti con l’irrogazione di una sanzione disciplinare aventi rilevanza ai sensi del Modello 231', '', 'D.LGS. 231/2001 ART. 6, COMMA 2', 'ALLEGATO C): FLUSSI INFORMATIVI NEI CONFRONTI OdV (Modello di Organizzazione, Gestione e Controllo ex D.Lgs. 231/2001)', 'Elenco di tutti i procedimenti disciplinari attivati dalla Banca definiti con l’irrogazione di una sanzione disciplinare con annotazione delle condotte dei dipendenti aventi rilevanza ai fini del Modello 231.<br>(#11. Selezione, assunzione, formazione, gestione del personale, delle remunerazioni e delle carriere)', '', 1, 0, NULL, '2020-03-11 17:42:14'),
	(229, 229, 'd', 1, 'AD EVENTO', 'Comunicazione per variazione di un corso di formazione rilevante ex D.Lgs. 231/2001', '', 'D.LGS. 231/2001 ART. 6, COMMA 2', 'ALLEGATO C): FLUSSI INFORMATIVI NEI CONFRONTI OdV (Modello di Organizzazione, Gestione e Controllo ex D.Lgs. 231/2001)', 'Comunicazione per validazione da parte dell’OdV di ogni corso di formazione rilevante ex D.Lgs. 231/2001 per cui si renda necessario cambiare contenuti, utenti o periodicità.<br>(#11. Selezione, assunzione, formazione, gestione del personale, delle remunerazioni e delle carriere)', '', 1, 0, NULL, '2020-03-11 17:42:14'),
	(230, 230, 'd', 1, 'AD EVENTO', 'Informativa sulle segnalazioni ex D.Lgs 231/2001 inviate dai dipendenti per procedimenti a loro carico e circa l’avvio dell’iter disciplinare e le sanzioni irrogate per violazioni inerenti al Modello.', '', 'D.LGS. 231/2001 ART. 6, COMMA 2', 'ALLEGATO C): FLUSSI INFORMATIVI NEI CONFRONTI OdV (Modello di Organizzazione, Gestione e Controllo ex D.Lgs. 231/2001)', 'Informativa circa l’avvio dell’iter disciplinare e le sanzioni irrogate per violazioni inerenti al Modello.<br>(#11. Selezione, assunzione, formazione, gestione del personale, delle remunerazioni e delle carriere)', '', 1, 0, NULL, '2020-03-11 17:42:14'),
	(231, 231, 'd', 1, 'AD EVENTO', 'Rendicontazione in materia di  attività formative, ivi incluso la Formazione Finanziata', '', 'D.LGS. 231/2001 ART. 6, COMMA 2', 'ALLEGATO C): FLUSSI INFORMATIVI NEI CONFRONTI OdV (Modello di Organizzazione, Gestione e Controllo ex D.Lgs. 231/2001)', 'Informativa al fine di rendicontare l\'esito dei controlli permanenti in materia di gestione delle attività formative, ivi inclusi quelli previsti dalla G.O. 67/2016 – “Processo di gestione delle attività formative” con particolare riferimento a: i) FORM001: “Formazione Finanziata: rendicontazione”; ii) FOM005: “Formazione Finanziata: attivazione del finanziamento. <br>(Il mancato riscontro viene considerato come insussistenza delle fattispecie di cui in oggetto).<br>(#11. Selezione, assunzione, formazione, gestione del personale, delle remunerazioni e delle carriere)', '', 1, 0, NULL, '2020-03-11 17:42:14'),
	(232, 232, 'd', 5, 'SEMESTRALE', 'Gestione dei consulenti finanziari abilitati all’offerta fuori sede, dei mediatori creditizi e dei Partner commerciali', '', 'D.LGS. 231/2001 ART. 6, COMMA 2', 'ALLEGATO C): FLUSSI INFORMATIVI NEI CONFRONTI OdV (Modello di Organizzazione, Gestione e Controllo ex D.Lgs. 231/2001)', '1. Informativa circa la cessazione di contratti di agenzia derivanti da violazioni del presente Modello ex. D.Lgs. 231/2001 rilevate nella gestione dei Consulenti Finanziari.<br>2. Informativa circa eventuali accordi stipulati/rivisti con i Mediatori creditizi caratterizzati da un rischio elevato ai sensi della normativa antiriciclaggio. <br>3. Informativa circa la sospensione temporanea e/o la cessazione degli accordi commerciali derivanti da violazioni del presente Modello ex.  D.Lgs. 231/2001.  (#05.Gestione dei consulenti finanziari abilitati all\'offerta fuori sede, dei Mediatori creditizi e dei Partner commerciali)<br>', '', 1, 0, NULL, '2020-03-11 17:42:14'),
	(233, 233, 'd', 2, 'ANNUALE', 'Imprese appartenenti alla Pubblica Amministrazione con contribuzione totale annua superiore a 250 mila euro', '', 'D.LGS. 231/2001 ART. 6, COMMA 2', 'ALLEGATO C): FLUSSI INFORMATIVI NEI CONFRONTI OdV (Modello di Organizzazione, Gestione e Controllo ex D.Lgs. 231/2001)', 'Elenco degli enti appartenenti alla Pubblica Amministrazione e delle aziende di servizio a partecipazione pubblica di competenza di DCB con contribuzione totale annua della DCB (al netto di Ifitalia SpA e di Axepta SpA)  superiore a 250 mila euro e per le quali risulti un aumento della contribuzione totale maggiore del 30% rispetto a quella dei 12 mesi precedenti. I dati trasmessi nel flusso saranno forniti dalla struttura competente della Direzione Finanziaria.<br>(#02.Gestione del Processo del credito)<br>', '', 1, 0, NULL, '2020-03-11 17:42:14'),
	(234, 234, 'd', 5, 'SEMESTRALE', 'Aggiudicazione di servizi a seguito di partecipazione a procedure negoziate, indette da soggetti pubblici (ai sensi del Codice Contratti Pubblici ex. D.Lgs. 50/2016)', '', 'D.LGS. 231/2001 ART. 6, COMMA 2', 'ALLEGATO C): FLUSSI INFORMATIVI NEI CONFRONTI OdV (Modello di Organizzazione, Gestione e Controllo ex D.Lgs. 231/2001)', 'Informativa circa il report riepilogativo dei casi di aggiudicazione di servizi alla banca a seguito di partecipazione a procedure negoziate, indette da soggetti pubblici, ai sensi dell\'artt.63 del Codice dei Contratti pubblici (D.Lgs. 50 del 2016). Il report comprende tutte le aggiudicazioni di servizi a seguito di partecipazione a procedure negoziate con/senza previa pubblicazione di un bando di gara con riferimento a tutta la clientela appartenente alla Pubblica Amministrazione ed alle aziende di servizio a partecipazione pubblica di competenza della Divisione Corporate Banking.<br>(#01.Gestione dei servizi bancari tipici e servizi accessori e dei servizi di incasso e pagamento) ', '', 1, 0, NULL, '2020-03-11 17:42:14'),
	(235, 235, 'd', 1, 'AD EVENTO', 'Stipula di nuovi contratti di finanza derivata con Enti della Pubblica Amministrazione.', '', 'D.LGS. 231/2001 ART. 6, COMMA 2', 'ALLEGATO C): FLUSSI INFORMATIVI NEI CONFRONTI OdV (Modello di Organizzazione, Gestione e Controllo ex D.Lgs. 231/2001)', 'Informativa in caso di stipula di nuovi contratti di finanza derivata con Enti della Pubblica Amministrazione (intendendosi Enti Locali e territoriali) fornendone il dettaglio (controparte, importo, ogni altra informazione rilevante).<br>(#03.Gestione dei servizi di investimento e delle attività connesse agli abusi di mercato) ', '', 1, 0, NULL, '2020-03-11 17:42:14'),
	(236, 236, 'd', 1, 'AD EVENTO', 'Informativa circa  le sanzioni comminate  in relazione a gare ad evidenza pubblica indette in applicazione del Codice dei Contratti pubblici', '', 'D.LGS. 231/2001 ART. 6, COMMA 2', 'ALLEGATO C): FLUSSI INFORMATIVI NEI CONFRONTI OdV (Modello di Organizzazione, Gestione e Controllo ex D.Lgs. 231/2001)', 'Informativa in caso si venga a conoscenza di sanzioni comminate alla Banca in conseguenza della partecipazione a gare ad evidenza pubblica indette in applicazione del Codice dei Contratti pubblici.<br>(#02.Gestione del Processo del credito) ', '', 1, 0, NULL, '2020-03-11 17:42:14'),
	(237, 237, 'd', 1, 'AD EVENTO', 'Informativa circa eventuali  deroghe a procedure vigenti nell’ambito dei rapporti con la Pubblica Amministrazione', '', 'D.LGS. 231/2001 ART. 6, COMMA 2', 'ALLEGATO C): FLUSSI INFORMATIVI NEI CONFRONTI OdV (Modello di Organizzazione, Gestione e Controllo ex D.Lgs. 231/2001)', 'Informativa nel caso in cui la Banca abbia ritenuto opportuno derogare a procedure vigenti nell’ambito dei rapporti con la Pubblica Amministrazione, illustrando dettagliatamente l’oggetto di detti rapporti e la motivazione della deroga.<br>(#02.Gestione del Processo del credito)  ', '', 1, 0, NULL, '2020-03-11 17:42:14'),
	(238, 238, 'd', 1, 'AD EVENTO', 'Informativa obbligatoria all\'OdV contenente il dettaglio dei Raggruppamenti temporanei di Impresa costituiti con altre società o Enti aventi natura privatistica ', 'Il Piano è trasmesso alla BI entro 20 giorni dall\'approvazione, unitamente ai verbali recanti le deliberazioni degli Organi aziendali <br>(MOG Parte Generale Raggruppamenti temporanei d\'impresa)', 'D.LGS. 231/2001 ART. 6, COMMA 2', 'ALLEGATO C): FLUSSI INFORMATIVI NEI CONFRONTI OdV (Modello di Organizzazione, Gestione e Controllo ex D.Lgs. 231/2001)', 'Raggruppamenti Temporanei d\'Impresa<br>Flusso informativo all’OdV contenente i dettagli sui Raggruppamenti Temporanei di Impresa costituiti ai sensi dell’art. 48 del D.Lgs. n.50/2016 con altre società o Enti aventi natura privatistica con l’indicazione: <br>a) dell’avvenuta :- Sottoscrizione da parte delle risorse Banca impegnate con potere decisionale nell’iter di approvazione della partecipazione di BNL alla costituzione di un Raggruppamento Temporaneo di Impresa (come da compendio dei poteri delegati pro tempore vigente) di apposita dichiarazione di: -  intrattenere / non intrattenere legami di parentela o affinità (fino al secondo grado) con gli apicali, così come rilevato da CERVED (Presidente, Vice Presidente, Amministratore Delegato o Amministratore Unico, Direttore Generale, Consiglieri di Amministrazione), degli altri partecipanti al RTI;-  esercitare/non esercitare a titolo personale nella/e società che partecipano al RTI, escluse società del Gruppo BNL/BNP Paribas , cariche o altre funzioni (remunerate monetariamente o con altre utilità o a titolo gratuito) né detenere, a titolo personale o tramite una società, una partecipazione finanziaria presso le dette entità;<br>b) In caso di attestazione positiva nella dichiarazione di cui sopra, dell’avvenuta astensione della risorsa Banca dalla assunzione della relativa delibera di approvazione della partecipazione di BNL alla costituzione del Raggruppamento Temporaneo d’Impresa, e in tale ipotesi dell’avvenuta delibera di la partecipazione di BNL alla costituzione del RTI da parte dell’Organo superiore”.<br>', '', 1, 0, NULL, '2020-03-11 17:42:14'),
	(239, 239, 'd', 7, 'TRIMESTRALE', 'POLITICHE AZIENDALI IN MATERIA DI PRESTAZIONE DEL SERVIZIO DI GESTIONE SU BASE INDIVIDUALE DI PORTAFOGLI DI INVESTIMENTO', 'FLUSSO NON PIU\' INDIRIZZATO A CS (Vedi Verbale CS n. 221 del 21.12.2018 ) E A CCIR (Vedi Verbale CCIR n. 132 del 27.9.2018) e Circolare n.68/2015 agg. 17/12/2018', 'REGOLAMENTO CONGIUNTO BANCA D\'ITALIA E CONSOB DEL 29.10.2007 E SUCCESSIVE MODIFICHE', 'CARTA DELLE RESPONSABILITA\' CIRCOLARE 68/2015 E SUCCESSIVE MODIFICHE', 'Aggiornamento sui temi trattati e decisioni deliberate in tema di strategie di investimento e di monitoraggio della qualità della gestione di portafoglio da parte del Comitato Gestioni Patrimoniali Individuali (CGP) ', 'In ogni caso in occasione del primo CDA utile dopo il Comitato Gestioni Patrimoniali (in  corso di definizione il calendario 2020', 1, 0, NULL, '2020-03-11 17:42:14'),
	(240, 240, 'd', 1, 'AD EVENTO', 'COMUNICAZONE IN FASE PRE-DELIBERATIVA DI OPERAZIONI DI MAGGIORE RILEVANZA NEI CONFRONTI DI PARTI CORRELATE E SOGGETTI CONNESSI', '', 'BANCA D\'ITALIA - Circ. 263/2006 9° Aggiornamento 12.12.2011 - Titolo V, Cap. 5 - Attività di rischio e conflitti di interesse nei confronti dei Soggetti Collegati; Art. 136 TUB - Obbligazioni degli Esponenti bancari; Art. 24 ter L. 221/2012', 'Policy n. 14 del 29.07.2019<br>Circolare n. 72 del 18.12.2019', 'INFORMATIVA', '', 1, 0, NULL, '2020-03-11 17:42:14'),
	(241, 241, 'd', 1, 'AD EVENTO', 'OPERAZIONI NEI CONFRONTI DI PARTI CORRELATE E DI SOGGETTI CONNESSI PER I CASI PREVISTI IN MATERIA DI VENDITA DI PRODOTTI DI RACCOLTA E RISPARMIO E DEI SERVIZI SU C/C<br>(equiparate alle operazioni di minore rilevanza non ordinarie)', '', 'BANCA D\'ITALIA - Circ. 263/2006 9° Aggiornamento 12.12.2011 - Titolo V, Cap. 5 - Attività di rischio e conflitti di interesse nei confronti dei Soggetti Collegati; Art. 136 TUB - Obbligazioni degli Esponenti bancari; Art. 24 ter L. 221/2012', 'Policy n. 14 del 29.07.2019<br>Circolare n. 72 del 18.12.2019', 'vd. flusso DLS-SOS in caso di delibera difforme', '', 1, 0, NULL, '2020-03-11 17:42:14'),
	(242, 242, 'd', 1, 'AD EVENTO', ' OPERAZIONI DI MINORE RILEVANZA NON ORDINARIE NON ESIGUE NEI CONFRONTI DI PARTI CORRELATE E SOGGETTI CONNESSI', '', 'BANCA D\'ITALIA - Circ. 263/2006 9° Aggiornamento 12.12.2011 - Titolo V, Cap. 5 - Attività di rischio e conflitti di interesse nei confronti dei Soggetti Collegati; Art. 136 TUB - Obbligazioni degli Esponenti bancari; Art. 24 ter L. 221/2012', 'Policy n. 14 del 29.07.2019<br>Circolare n. 72 del 18.12.2019', 'vd. flusso DLS-SOS in caso di delibera difforme', '', 1, 0, NULL, '2020-03-11 17:42:14'),
	(243, 243, 'd', 1, 'AD EVENTO', 'Spese sostenute per sponsorizzazioni, quote associative, contributi e liberalità (alla Fondazione BNL).', '', 'D.LGS. 231/2001 ART. 6, COMMA 2', 'ALLEGATO C): FLUSSI INFORMATIVI NEI CONFRONTI OdV (Modello di Organizzazione, Gestione e Controllo ex D.Lgs. 231/2001)', 'Elenco delle spese sostenute per sponsorizzazioni, quote associative e contributi erogati a soggetti esterni e liberalità elargita alla Fondazione BNL ulteriori rispetto alla dotazione finanziaria che si rinnova automaticamente ogni anno, con dettaglio del beneficiario, importo delle erogazioni, data / occasione della elargizione.<br>(#17.Gestione degli omaggi, liberalità, contributi, sponsorizzazioni ed iniziative assimilate)', '', 1, 0, NULL, '2020-03-11 17:42:14'),
	(244, 244, 'd', 1, 'AD EVENTO', 'Segnalazione d\'infrazione e/o altra informazione rilevante ai fini del D.Lgs. 231/2001', '', 'D.LGS. 231/2001 ART. 6, COMMA 2', 'ALLEGATO C): FLUSSI INFORMATIVI NEI CONFRONTI OdV (Modello di Organizzazione, Gestione e Controllo ex D.Lgs. 231/2001)', 'Ogni altra informazione, anche di natura ufficiosa, che possa risultare utile ai fini dell’assolvimento dei compiti dell’Organismo di Vigilanza (attuazione del Modello nelle aree di attività “sensibili”, nonché atti, comportamenti od eventi relativi alla commissione di Reati o che possono determinare una violazione del Modello o che, più in generale, sono rilevanti ai fini del D.Lgs. 231/2001) trasmesse tramite appositi canali informativi (casella email OdV, indirizzo di corrispondenza ordinaria). Tali segnalazioni possono essere effettuate da parte di esponenti aziendali, dipendenti e soggetti terzi che operano per la Società.<br>(MOG<br>Parte Generale<br>segnalazioni)', '', 1, 0, NULL, '2020-03-11 17:42:14'),
	(245, 245, 'd', 1, 'AD EVENTO', 'Segnalazione circa le modifiche organizzative e/o operative rilevanti ex D.Lgs. 231/2001', '', 'D.LGS. 231/2001 ART. 6, COMMA 2', 'ALLEGATO C): FLUSSI INFORMATIVI NEI CONFRONTI OdV (Modello di Organizzazione, Gestione e Controllo ex D.Lgs. 231/2001)', 'Ogni mutamento nell\'organizzazione o nell\'operatività aziendali che possano richiedere una modifica del Modello<br>(MOG<br>Parte Generale<br>Variazioni Organizzative)', '\r\n', 1, 0, NULL, '2020-03-11 17:42:14');
/*!40000 ALTER TABLE `doc_info` ENABLE KEYS */;

-- Dump della struttura di tabella odc2.doc_info_riunioni
CREATE TABLE IF NOT EXISTS `doc_info_riunioni` (
  `id` int(11) unsigned NOT NULL AUTO_INCREMENT,
  `id_doc_info` int(11) unsigned DEFAULT NULL,
  `id_riunione` int(11) unsigned DEFAULT NULL,
  `id_documento` int(11) unsigned DEFAULT NULL,
  `cod_tipo_doc` char(2) DEFAULT 'd',
  `periodicita` int(11) DEFAULT NULL,
  `titolo` text,
  `descrizione` text,
  `norma_esterna` text,
  `norma_interna` text,
  `finalita` text,
  `note_presentazione` text,
  `uid_modifica` varchar(50) DEFAULT NULL,
  `data_modifica` datetime DEFAULT CURRENT_TIMESTAMP,
  PRIMARY KEY (`id`)
) ENGINE=InnoDB DEFAULT CHARSET=utf8 ROW_FORMAT=DYNAMIC COMMENT='''odc2._vgetdocriunioni'' is not BASE TABLE';

-- Dump dei dati della tabella odc2.doc_info_riunioni: ~0 rows (circa)
DELETE FROM `doc_info_riunioni`;
/*!40000 ALTER TABLE `doc_info_riunioni` DISABLE KEYS */;
/*!40000 ALTER TABLE `doc_info_riunioni` ENABLE KEYS */;

-- Dump della struttura di tabella odc2.funzioni
CREATE TABLE IF NOT EXISTS `funzioni` (
  `id_funzione` int(11) unsigned NOT NULL AUTO_INCREMENT,
  `sigla` varchar(50) DEFAULT NULL,
  `descrizione` varchar(255) DEFAULT NULL,
  `ordine` tinyint(4) unsigned DEFAULT NULL,
  `attivo` tinyint(1) unsigned DEFAULT '1',
  `uid_modifica` varchar(50) DEFAULT NULL,
  `data_modifica` datetime DEFAULT CURRENT_TIMESTAMP,
  PRIMARY KEY (`id_funzione`)
) ENGINE=InnoDB DEFAULT CHARSET=utf8;

-- Dump dei dati della tabella odc2.funzioni: ~48 rows (circa)
DELETE FROM `funzioni`;
/*!40000 ALTER TABLE `funzioni` DISABLE KEYS */;
INSERT INTO `funzioni` (`id_funzione`, `sigla`, `descrizione`, `ordine`, `attivo`, `uid_modifica`, `data_modifica`) VALUES
	(1, NULL, 'Amministratore Delegato', NULL, 1, NULL, '2020-03-12 13:16:30'),
	(2, NULL, 'Assemblea', NULL, 1, NULL, '2020-03-12 13:16:30'),
	(3, NULL, 'Assemblea Bnl', NULL, 1, NULL, '2020-03-12 13:16:30'),
	(4, NULL, 'B2c Italy (direzione Rischi)', NULL, 1, NULL, '2020-03-12 13:16:30'),
	(5, NULL, 'Bnp Paribas', NULL, 1, NULL, '2020-03-12 13:16:30'),
	(6, NULL, 'Chief Operating Officer - Direzione It', NULL, 1, NULL, '2020-03-12 13:16:30'),
	(7, NULL, 'Chief Operating Officer Acquisti', NULL, 1, NULL, '2020-03-12 13:16:30'),
	(8, NULL, 'Chief Operating Officer Security', NULL, 1, NULL, '2020-03-12 13:16:30'),
	(9, NULL, 'Chief Operating Officer Security Direzione It', NULL, 1, NULL, '2020-03-12 13:16:30'),
	(10, NULL, 'Chief Operating Officier Direzione Pac', NULL, 1, NULL, '2020-03-12 13:16:30'),
	(11, NULL, 'Collegio Sindacale', NULL, 1, NULL, '2020-03-12 13:16:30'),
	(12, NULL, 'Comitato Nomine', NULL, 1, NULL, '2020-03-12 13:16:30'),
	(13, NULL, 'Comitato Per Il Controllo Interno', NULL, 1, NULL, '2020-03-12 13:16:30'),
	(14, NULL, 'Comitato Per Il Controllo Interno E Rischi', NULL, 1, NULL, '2020-03-12 13:16:30'),
	(15, NULL, 'Comitato Per Il Controllo Interno E Rischi - Organismo Di Vigilanza', NULL, 1, NULL, '2020-03-12 13:16:30'),
	(16, NULL, 'Comitato Remunerazioni', NULL, 1, NULL, '2020-03-12 13:16:30'),
	(17, NULL, 'Consiglio Di Amministrazione', NULL, 1, NULL, '2020-03-12 13:16:30'),
	(18, NULL, 'Direzione Compliance', NULL, 1, NULL, '2020-03-12 13:16:30'),
	(19, NULL, 'Direzione Compliance - Responsabile Aziendale Antiriciclaggio', NULL, 1, NULL, '2020-03-12 13:16:30'),
	(20, NULL, 'Direzione Crediti Speciali Direzione Rischi', NULL, 1, NULL, '2020-03-12 13:16:30'),
	(21, NULL, 'Direzione Engagement (csr)', NULL, 1, NULL, '2020-03-12 13:16:30'),
	(22, NULL, 'Direzione Finanziaria', NULL, 1, NULL, '2020-03-12 13:16:30'),
	(23, NULL, 'Direzione Finanziaria - Direzione Rischi', NULL, 1, NULL, '2020-03-12 13:16:30'),
	(24, NULL, 'Direzione Immobiliare', NULL, 1, NULL, '2020-03-12 13:16:30'),
	(25, NULL, 'Direzione Immobiliare Prevenzione E Protezione Ambiente (ppa)', NULL, 1, NULL, '2020-03-12 13:16:30'),
	(26, NULL, 'Direzione Immobiliare Responsabile Salute E Sicurezza Sul Lavoro (rspp)', NULL, 1, NULL, '2020-03-12 13:16:30'),
	(27, NULL, 'Direzione Immobiliare Responsabile Sistema Di Gestione Salute Sul Lavoro (rsgsl)', NULL, 1, NULL, '2020-03-12 13:16:30'),
	(28, NULL, 'Direzione Legale E Societario', NULL, 1, NULL, '2020-03-12 13:16:30'),
	(29, NULL, 'Direzione Legale E Societario - Segreteria Organi Sociali', NULL, 1, NULL, '2020-03-12 13:16:30'),
	(32, NULL, 'Direzione Organizzazione', NULL, 1, NULL, '2020-03-12 13:16:30'),
	(33, NULL, 'Direzione Rischi', NULL, 1, NULL, '2020-03-12 13:16:30'),
	(34, NULL, 'Direzione Risorse Umane', NULL, 1, NULL, '2020-03-12 13:16:30'),
	(35, NULL, 'Direzione Transformation', NULL, 1, NULL, '2020-03-12 13:16:30'),
	(36, NULL, 'Divisione Commercial Banking E Reti Agenti', NULL, 1, NULL, '2020-03-12 13:16:30'),
	(37, NULL, 'Divisione Commercial Banking E Reti Agenti:divisione Private Banking E Wealth Management', NULL, 1, NULL, '2020-03-12 13:16:30'),
	(38, NULL, 'Divisione Corporate Banking', NULL, 1, NULL, '2020-03-12 13:16:30'),
	(39, NULL, 'Divisione Private Banking E Wealth Management', NULL, 1, NULL, '2020-03-12 13:16:30'),
	(40, NULL, 'Dvisione Investment Banking', NULL, 1, NULL, '2020-03-12 13:16:30'),
	(41, NULL, 'Funzioni Competenti In Materia', NULL, 1, NULL, '2020-03-12 13:16:30'),
	(42, NULL, 'Inspection Generale Hub Italy', NULL, 1, NULL, '2020-03-12 13:16:30'),
	(43, NULL, 'Organismo Di Vigilanza Ex D.lgs.231/2001', NULL, 1, NULL, '2020-03-12 13:16:30'),
	(44, NULL, 'Presidenti Collegio Sindacale Delle Societa Del Gruppo, Ifitalia E Findomestic', NULL, 1, NULL, '2020-03-12 13:16:30'),
	(45, NULL, 'Relazioni Istituzionali', NULL, 1, NULL, '2020-03-12 13:16:30'),
	(46, NULL, 'Segreteria Organi Sociali', NULL, 1, NULL, '2020-03-12 13:16:30'),
	(47, NULL, 'Servizio Relazioni Istituzionali', NULL, 1, NULL, '2020-03-12 13:16:30'),
	(48, NULL, 'Societa Di Revisione', NULL, 1, NULL, '2020-03-12 13:16:30'),
	(49, NULL, 'Supporto Organismo Di Vigilanza Ex D.lgs. 231/2001', NULL, 1, NULL, '2020-03-12 13:16:30'),
	(50, NULL, 'Tutte Le Funzioni Della Direzione Generale', NULL, 1, NULL, '2020-03-12 13:16:30');
/*!40000 ALTER TABLE `funzioni` ENABLE KEYS */;

-- Dump della struttura di tabella odc2.funzioni_old
CREATE TABLE IF NOT EXISTS `funzioni_old` (
  `id_funzione` int(11) unsigned NOT NULL AUTO_INCREMENT,
  `descrizione_funzione` varchar(50) NOT NULL,
  `descrizione_funzione_breve` varchar(50) NOT NULL,
  `ordine` tinyint(4) unsigned NOT NULL,
  PRIMARY KEY (`id_funzione`)
) ENGINE=InnoDB DEFAULT CHARSET=utf8 ROW_FORMAT=DYNAMIC COMMENT='''odc2.documentipresunti'' is not BASE TABLE';

-- Dump dei dati della tabella odc2.funzioni_old: ~0 rows (circa)
DELETE FROM `funzioni_old`;
/*!40000 ALTER TABLE `funzioni_old` DISABLE KEYS */;
/*!40000 ALTER TABLE `funzioni_old` ENABLE KEYS */;

-- Dump della struttura di tabella odc2.mesi
CREATE TABLE IF NOT EXISTS `mesi` (
  `id` int(11) NOT NULL AUTO_INCREMENT,
  `mese` int(11) NOT NULL DEFAULT '0',
  `nome_mese` varchar(11) DEFAULT NULL,
  PRIMARY KEY (`id`)
) ENGINE=InnoDB DEFAULT CHARSET=utf8 ROW_FORMAT=DYNAMIC COMMENT='''odc2._vgetdocriunioni'' is not BASE TABLE';

-- Dump dei dati della tabella odc2.mesi: ~12 rows (circa)
DELETE FROM `mesi`;
/*!40000 ALTER TABLE `mesi` DISABLE KEYS */;
INSERT INTO `mesi` (`id`, `mese`, `nome_mese`) VALUES
	(1, 1, 'Gennaio'),
	(2, 2, 'Febbraio'),
	(3, 3, 'Marzo'),
	(4, 4, 'Aprile'),
	(5, 5, 'Maggio'),
	(6, 6, 'Giugno'),
	(7, 7, 'Luglio'),
	(8, 8, 'Agosto'),
	(9, 9, 'Settembre'),
	(10, 10, 'Ottobre'),
	(11, 11, 'Novembre'),
	(12, 12, 'Dicembre');
/*!40000 ALTER TABLE `mesi` ENABLE KEYS */;

-- Dump della struttura di tabella odc2.organi
CREATE TABLE IF NOT EXISTS `organi` (
  `id_organo` int(11) unsigned NOT NULL AUTO_INCREMENT,
  `descrizione_organo` varchar(255) NOT NULL,
  `codice_organo` varchar(10) DEFAULT NULL,
  `ordine` tinyint(3) unsigned DEFAULT NULL,
  `attivo` tinyint(1) unsigned DEFAULT '1',
  `uid_inserimento` varchar(50) DEFAULT NULL,
  `data_inserimento` datetime DEFAULT CURRENT_TIMESTAMP,
  PRIMARY KEY (`id_organo`)
) ENGINE=InnoDB DEFAULT CHARSET=utf8;

-- Dump dei dati della tabella odc2.organi: ~5 rows (circa)
DELETE FROM `organi`;
/*!40000 ALTER TABLE `organi` DISABLE KEYS */;
INSERT INTO `organi` (`id_organo`, `descrizione_organo`, `codice_organo`, `ordine`, `attivo`, `uid_inserimento`, `data_inserimento`) VALUES
	(1, 'CCIR / OdV', 'CCIR', 1, 1, NULL, '2020-02-20 12:01:46'),
	(2, 'Collegio Sindacale (CS)', 'CS', 2, 1, NULL, '2020-02-20 12:01:46'),
	(3, 'Consiglio di Amministrazione (CDA)', 'CDA', 3, 1, NULL, '2020-02-20 12:01:46'),
	(4, 'Comitato Nomine (CN)', 'CN', 4, 1, NULL, '2020-02-20 12:01:46'),
	(5, 'Comitato Remunerazioni (CR)', 'CR', 5, 1, NULL, '2020-02-20 12:01:46');
/*!40000 ALTER TABLE `organi` ENABLE KEYS */;

-- Dump della struttura di tabella odc2.organi_old
CREATE TABLE IF NOT EXISTS `organi_old` (
  `id_organo` int(11) unsigned NOT NULL AUTO_INCREMENT,
  `descrizione_organo` varchar(255) NOT NULL,
  `codice_organo` enum('CCIR','CS') DEFAULT NULL,
  `ordine` tinyint(3) unsigned DEFAULT NULL,
  PRIMARY KEY (`id_organo`)
) ENGINE=InnoDB DEFAULT CHARSET=utf8;

-- Dump dei dati della tabella odc2.organi_old: ~12 rows (circa)
DELETE FROM `organi_old`;
/*!40000 ALTER TABLE `organi_old` DISABLE KEYS */;
INSERT INTO `organi_old` (`id_organo`, `descrizione_organo`, `codice_organo`, `ordine`) VALUES
	(1, 'CCIR (Sessione Generale / Sessione OdV)', 'CCIR', 1),
	(2, 'Collegio Sindacale (CS)', 'CS', 5),
	(3, 'CCIR Sessione Generale', 'CCIR', 2),
	(4, 'CCIR Sessione OdV', 'CCIR', 3),
	(5, 'CCIR AI (Amministratori Indipendenti)', 'CCIR', 4),
	(6, 'Consiglio di Amministrazione', NULL, 1),
	(7, 'Collegio Sindacale', NULL, 2),
	(8, 'Organismo di Vigilanza', NULL, 3),
	(9, 'Consiglio di Amministrazione', NULL, 6),
	(10, 'ODV – MOG 231', NULL, NULL),
	(11, 'COMITATO NOMINE', NULL, 7),
	(12, 'COMITATO REMUNERAZIONI', NULL, 8);
/*!40000 ALTER TABLE `organi_old` ENABLE KEYS */;

-- Dump della struttura di tabella odc2.periodicita
CREATE TABLE IF NOT EXISTS `periodicita` (
  `id_periodicita` int(11) unsigned NOT NULL AUTO_INCREMENT,
  `descrizione_periodicita` varchar(50) DEFAULT NULL,
  `ordine` tinyint(4) unsigned DEFAULT NULL,
  PRIMARY KEY (`id_periodicita`)
) ENGINE=InnoDB DEFAULT CHARSET=utf8 ROW_FORMAT=DYNAMIC;

-- Dump dei dati della tabella odc2.periodicita: ~7 rows (circa)
DELETE FROM `periodicita`;
/*!40000 ALTER TABLE `periodicita` DISABLE KEYS */;
INSERT INTO `periodicita` (`id_periodicita`, `descrizione_periodicita`, `ordine`) VALUES
	(1, 'AD EVENTO', NULL),
	(2, 'ANNUALE', NULL),
	(3, 'OGNI 18 MESI', NULL),
	(4, 'QUADRIMESTRALE', NULL),
	(5, 'SEMESTRALE', NULL),
	(6, 'TRIENNALE', NULL),
	(7, 'TRIMESTRALE', NULL);
/*!40000 ALTER TABLE `periodicita` ENABLE KEYS */;

-- Dump della struttura di tabella odc2.richieste
CREATE TABLE IF NOT EXISTS `richieste` (
  `id_richiesta` int(11) unsigned NOT NULL AUTO_INCREMENT,
  `id_argomento` int(11) unsigned NOT NULL,
  `id_periodicita` int(11) unsigned NOT NULL,
  `tipologia` enum('Richiesta','Raccomandazione','Documentazione') NOT NULL DEFAULT 'Richiesta',
  `stato` tinyint(1) unsigned NOT NULL DEFAULT '1',
  `richiesta` text NOT NULL,
  `data_richiesta` date NOT NULL,
  `numero_verbale` varchar(255) NOT NULL,
  `data_chiusura` date DEFAULT NULL,
  `numero_verbale_chiusura` varchar(255) NOT NULL,
  `data_scadenza` date DEFAULT NULL,
  `uid_creazione` varchar(20) NOT NULL,
  `data_creazione` datetime NOT NULL,
  `uid_modifica` varchar(20) NOT NULL,
  `data_modifica` datetime NOT NULL,
  `uid_cancellazione` varchar(20) NOT NULL,
  `data_cancellazione` datetime DEFAULT NULL,
  `my_periodicita` enum('0','1','3','4','6','12','9999') DEFAULT NULL,
  PRIMARY KEY (`id_richiesta`),
  KEY `data_cancellazione` (`data_cancellazione`),
  KEY `data_nota_verbale` (`data_richiesta`),
  KEY `id_periodicita` (`id_periodicita`),
  KEY `stato` (`stato`),
  KEY `data_scadenza` (`data_scadenza`),
  KEY `id_argomento` (`id_argomento`),
  KEY `data_chiusura` (`data_chiusura`),
  KEY `tipologia` (`tipologia`),
  FULLTEXT KEY `nota` (`richiesta`)
) ENGINE=InnoDB DEFAULT CHARSET=utf8 COMMENT='Richieste';

-- Dump dei dati della tabella odc2.richieste: ~0 rows (circa)
DELETE FROM `richieste`;
/*!40000 ALTER TABLE `richieste` DISABLE KEYS */;
/*!40000 ALTER TABLE `richieste` ENABLE KEYS */;

-- Dump della struttura di tabella odc2.riunioni
CREATE TABLE IF NOT EXISTS `riunioni` (
  `id_riunione` int(10) unsigned NOT NULL AUTO_INCREMENT,
  `id_organo` int(11) DEFAULT NULL,
  `mese` int(11) DEFAULT NULL,
  `anno` int(11) DEFAULT NULL,
  `n_verbale` varchar(50) DEFAULT NULL,
  `data_ora` date DEFAULT NULL,
  `titolo` varchar(250) NOT NULL DEFAULT '',
  `note` text NOT NULL,
  `uid_modifica` varchar(50) DEFAULT NULL,
  `data_modifica` datetime DEFAULT CURRENT_TIMESTAMP,
  PRIMARY KEY (`id_riunione`),
  UNIQUE KEY `riunione` (`id_organo`,`mese`,`anno`)
) ENGINE=InnoDB DEFAULT CHARSET=utf8;

-- Dump dei dati della tabella odc2.riunioni: ~0 rows (circa)
DELETE FROM `riunioni`;
/*!40000 ALTER TABLE `riunioni` DISABLE KEYS */;
/*!40000 ALTER TABLE `riunioni` ENABLE KEYS */;

-- Dump della struttura di tabella odc2.sessioni
CREATE TABLE IF NOT EXISTS `sessioni` (
  `id_sessione` int(11) unsigned NOT NULL AUTO_INCREMENT,
  `id_organo` varchar(50) DEFAULT NULL,
  `sigla` varchar(50) DEFAULT NULL,
  `descrizione` varchar(255) DEFAULT NULL,
  `ordine` tinyint(4) unsigned DEFAULT NULL,
  `uid_modifica` varchar(50) DEFAULT NULL,
  `data_modifica` datetime DEFAULT CURRENT_TIMESTAMP,
  PRIMARY KEY (`id_sessione`)
) ENGINE=InnoDB DEFAULT CHARSET=utf8 ROW_FORMAT=DYNAMIC COMMENT='''odc2._vgetdocriunioni'' is not BASE TABLE';

-- Dump dei dati della tabella odc2.sessioni: ~4 rows (circa)
DELETE FROM `sessioni`;
/*!40000 ALTER TABLE `sessioni` DISABLE KEYS */;
INSERT INTO `sessioni` (`id_sessione`, `id_organo`, `sigla`, `descrizione`, `ordine`, `uid_modifica`, `data_modifica`) VALUES
	(1, '1', 'Sessai', 'Amministratori Indipendenti', NULL, NULL, '2020-03-12 13:16:30'),
	(2, '1', 'Sgen', 'Sessione Generale', NULL, NULL, '2020-03-12 13:16:30'),
	(3, '1', 'Sodv', 'Sessione OdV', NULL, NULL, '2020-03-12 13:16:30'),
	(4, '1', 'Sodvgener', 'Sessione OdV-Generale', NULL, NULL, '2020-03-12 13:16:30');
/*!40000 ALTER TABLE `sessioni` ENABLE KEYS */;

-- Dump della struttura di tabella odc2.tag
CREATE TABLE IF NOT EXISTS `tag` (
  `id` int(11) NOT NULL AUTO_INCREMENT,
  `tag` varchar(50) NOT NULL,
  `tag_norm` varchar(50) NOT NULL,
  PRIMARY KEY (`id`),
  KEY `tag` (`tag`),
  KEY `tagNorm` (`tag_norm`)
) ENGINE=InnoDB DEFAULT CHARSET=utf8;

-- Dump dei dati della tabella odc2.tag: ~0 rows (circa)
DELETE FROM `tag`;
/*!40000 ALTER TABLE `tag` DISABLE KEYS */;
/*!40000 ALTER TABLE `tag` ENABLE KEYS */;

-- Dump della struttura di tabella odc2.tipo_doc
CREATE TABLE IF NOT EXISTS `tipo_doc` (
  `id_tipo_doc` char(2) NOT NULL,
  `descrizione` varchar(50) DEFAULT NULL,
  PRIMARY KEY (`id_tipo_doc`)
) ENGINE=InnoDB DEFAULT CHARSET=utf8;

-- Dump dei dati della tabella odc2.tipo_doc: ~3 rows (circa)
DELETE FROM `tipo_doc`;
/*!40000 ALTER TABLE `tipo_doc` DISABLE KEYS */;
INSERT INTO `tipo_doc` (`id_tipo_doc`, `descrizione`) VALUES
	('d', 'Documento'),
	('i', 'Invito'),
	('r', 'Richiesta');
/*!40000 ALTER TABLE `tipo_doc` ENABLE KEYS */;

-- Dump della struttura di tabella odc2._cred_delegate
CREATE TABLE IF NOT EXISTS `_cred_delegate` (
  `dl_id` int(13) unsigned NOT NULL AUTO_INCREMENT,
  `dl_uid` varchar(20) NOT NULL,
  `dl_delegate_uid` varchar(20) NOT NULL,
  `dl_start_date` datetime DEFAULT NULL,
  `dl_end_date` datetime DEFAULT NULL,
  `dl_creation_date` datetime DEFAULT NULL,
  `dl_active` tinyint(1) unsigned NOT NULL DEFAULT '1',
  PRIMARY KEY (`dl_id`)
) ENGINE=InnoDB DEFAULT CHARSET=utf8;

-- Dump dei dati della tabella odc2._cred_delegate: ~0 rows (circa)
DELETE FROM `_cred_delegate`;
/*!40000 ALTER TABLE `_cred_delegate` DISABLE KEYS */;
/*!40000 ALTER TABLE `_cred_delegate` ENABLE KEYS */;

-- Dump della struttura di tabella odc2._cred_function
CREATE TABLE IF NOT EXISTS `_cred_function` (
  `hf_id` int(13) unsigned NOT NULL AUTO_INCREMENT,
  `hf_function` varchar(50) NOT NULL DEFAULT '',
  `hf_args` varchar(200) DEFAULT NULL,
  `hf_role_id` int(13) unsigned NOT NULL DEFAULT '0',
  `hf_start_date` datetime DEFAULT NULL,
  `hf_end_date` datetime DEFAULT NULL,
  `hf_active` tinyint(1) unsigned NOT NULL DEFAULT '1',
  PRIMARY KEY (`hf_id`),
  KEY `hf_function` (`hf_function`)
) ENGINE=InnoDB DEFAULT CHARSET=utf8;

-- Dump dei dati della tabella odc2._cred_function: ~0 rows (circa)
DELETE FROM `_cred_function`;
/*!40000 ALTER TABLE `_cred_function` DISABLE KEYS */;
/*!40000 ALTER TABLE `_cred_function` ENABLE KEYS */;

-- Dump della struttura di tabella odc2._cred_functionality
CREATE TABLE IF NOT EXISTS `_cred_functionality` (
  `functionality_id` int(13) unsigned NOT NULL AUTO_INCREMENT,
  `functionality` varchar(50) NOT NULL DEFAULT '',
  `administrable` tinyint(3) unsigned NOT NULL DEFAULT '0',
  `heritable` tinyint(1) unsigned NOT NULL DEFAULT '1',
  PRIMARY KEY (`functionality_id`),
  UNIQUE KEY `fct_label` (`functionality`)
) ENGINE=InnoDB DEFAULT CHARSET=utf8 ROW_FORMAT=DYNAMIC;

-- Dump dei dati della tabella odc2._cred_functionality: ~4 rows (circa)
DELETE FROM `_cred_functionality`;
/*!40000 ALTER TABLE `_cred_functionality` DISABLE KEYS */;
INSERT INTO `_cred_functionality` (`functionality_id`, `functionality`, `administrable`, `heritable`) VALUES
	(1, 'Funzionalita di base', 1, 1),
	(6, 'Gestione delle abilitazioni', 1, 1),
	(11, 'Hotline', 1, 1),
	(16, 'Intera applicazione', 1, 1);
/*!40000 ALTER TABLE `_cred_functionality` ENABLE KEYS */;

-- Dump della struttura di tabella odc2._cred_functionality_acl_weight
CREATE TABLE IF NOT EXISTS `_cred_functionality_acl_weight` (
  `id` tinyint(3) unsigned NOT NULL,
  `acl` enum('enabled','disabled','hidden') NOT NULL DEFAULT 'disabled',
  `weight` tinyint(1) NOT NULL,
  PRIMARY KEY (`id`) USING BTREE,
  UNIQUE KEY `acl` (`acl`)
) ENGINE=InnoDB DEFAULT CHARSET=utf8;

-- Dump dei dati della tabella odc2._cred_functionality_acl_weight: ~3 rows (circa)
DELETE FROM `_cred_functionality_acl_weight`;
/*!40000 ALTER TABLE `_cred_functionality_acl_weight` DISABLE KEYS */;
INSERT INTO `_cred_functionality_acl_weight` (`id`, `acl`, `weight`) VALUES
	(1, 'enabled', 3),
	(2, 'disabled', 2),
	(3, 'hidden', 1);
/*!40000 ALTER TABLE `_cred_functionality_acl_weight` ENABLE KEYS */;

-- Dump della struttura di tabella odc2._cred_functionality_resource
CREATE TABLE IF NOT EXISTS `_cred_functionality_resource` (
  `functionality_resource_id` int(13) unsigned NOT NULL AUTO_INCREMENT,
  `functionality_id` int(13) unsigned NOT NULL DEFAULT '0',
  `resource_id` varchar(32) NOT NULL DEFAULT '',
  `acl` enum('enabled','disabled','hidden') NOT NULL DEFAULT 'disabled',
  PRIMARY KEY (`functionality_resource_id`),
  UNIQUE KEY `fr_fct_id` (`functionality_id`,`resource_id`)
) ENGINE=InnoDB DEFAULT CHARSET=utf8 ROW_FORMAT=DYNAMIC;

-- Dump dei dati della tabella odc2._cred_functionality_resource: ~465 rows (circa)
DELETE FROM `_cred_functionality_resource`;
/*!40000 ALTER TABLE `_cred_functionality_resource` DISABLE KEYS */;
INSERT INTO `_cred_functionality_resource` (`functionality_resource_id`, `functionality_id`, `resource_id`, `acl`) VALUES
	(42706, 1, '000a68e30ece50230816c421c69f1952', 'hidden'),
	(42711, 1, '003f2b048b03d7199291a3a6bade0864', 'hidden'),
	(42716, 1, '0581cafacd398932e5b4f6418683f5b3', 'hidden'),
	(42721, 1, '08e379ea658f873de6134443f4013741', 'hidden'),
	(42726, 1, '0993fc9c7f17da82a690a06724aafc7f', 'hidden'),
	(42731, 1, '0e7d23400175781919f06f0a630186d4', 'hidden'),
	(42736, 1, '1007cd17dd0bc9adef85448d36b16ffd', 'hidden'),
	(42741, 1, '118a46e71ee56379179b54d5d2e2993f', 'hidden'),
	(42746, 1, '12e92aa992a11cd5475c0a8c3d1879ec', 'hidden'),
	(42751, 1, '134413b1df8e7b2ad91c5b6d8dab9860', 'hidden'),
	(42756, 1, '135c237e7d9a3d2be9b3105dd7c0247b', 'hidden'),
	(42761, 1, '140671fa52a6a5be0633c0a148f3300d', 'hidden'),
	(42766, 1, '145e5be43b3eaba5bd1c92d3a60dec71', 'hidden'),
	(42771, 1, '19694aead869fc540ebbe73032e6fa18', 'hidden'),
	(42776, 1, '1aded72a1b5106f475471351d9b10125', 'hidden'),
	(42781, 1, '1b534692b60f8e3c7ff60333a1bbaa0e', 'hidden'),
	(42786, 1, '2704e9a4422c8e40b29a9648adc82b99', 'hidden'),
	(42791, 1, '28962ad7513a157825db87260e7c5afd', 'hidden'),
	(42796, 1, '296387918789a39edf1812c633806079', 'hidden'),
	(42801, 1, '29a1654dbe178eea563f585f2612f382', 'hidden'),
	(42806, 1, '29fce0d108a31c8bc776c277ee541b5c', 'hidden'),
	(42811, 1, '2a5a82ea79c0c311d3d29bbbe5b49f2f', 'hidden'),
	(42816, 1, '2b4f26b42daabb492974dda18c983285', 'hidden'),
	(42821, 1, '2e1010301f75e3f8dc5a3230ce38ae79', 'hidden'),
	(42826, 1, '3066c0eaf127d8caf42b981331608cd0', 'hidden'),
	(42831, 1, '32fd1068a5287ca883c9d57862fed116', 'hidden'),
	(42836, 1, '33af36ebfb81350e2f1f08ed3232ff00', 'hidden'),
	(42841, 1, '354c337f36b410c31e9bbc4106d89f77', 'hidden'),
	(42846, 1, '35d46795b2c0311bf116d3abd0d1e4e7', 'hidden'),
	(42851, 1, '3639b8a295c35f9e5258bb6490b8a534', 'hidden'),
	(42856, 1, '3ac86657a58fcacb13db2dd8de82f5e7', 'hidden'),
	(42861, 1, '3b25586f69eb1fca8690d6d446c15d31', 'hidden'),
	(42866, 1, '3f02808656c1519e8713dca3ec231f68', 'hidden'),
	(42871, 1, '43b9de56d5aa207e3b10a51405187368', 'hidden'),
	(42876, 1, '49e2dc76be27396b284ba9ccf724511e', 'hidden'),
	(42881, 1, '4dd0ce07c49e395098f75524b10ce0b8', 'hidden'),
	(42886, 1, '4f663ae28447e8b7bfc7a97e47b6f1e8', 'hidden'),
	(42891, 1, '51e67d44ceb6dde6b50dbfb3f8e197ac', 'hidden'),
	(42896, 1, '579be0d578358e0754d37e04e4b57259', 'hidden'),
	(42901, 1, '5816625c08cb4aeee1e658ba0fc2d8dd', 'hidden'),
	(42906, 1, '58d3a626f4f649bcee6cb3c0cf3c9962', 'hidden'),
	(42911, 1, '5d8a3eb94bcca4ce3ef1d94d3a43b065', 'hidden'),
	(42916, 1, '6037296b70ff1af3cb8a5651aa326c6b', 'hidden'),
	(42921, 1, '67a901539c03fcc3290d678b72da2b39', 'hidden'),
	(42926, 1, '6d0c3e6c124af7cf5556edc26fd7a9dc', 'hidden'),
	(42931, 1, '6ef65786d7f1ad8b9e039cc032bd954e', 'hidden'),
	(42936, 1, '6f00bde5e49552d30ee85d3a504829a2', 'hidden'),
	(42941, 1, '7285074fb14b56763cf3e7c1a7f781c9', 'hidden'),
	(42946, 1, '737371d1c0df6acc1658d403181a850f', 'hidden'),
	(42951, 1, '73fce4cb4414106912d0e1ea16baa2c4', 'hidden'),
	(42956, 1, '761fd2f727bd2b6c68a737ddbea46c10', 'hidden'),
	(42961, 1, '786eb34f5833eee727bb7549aa72afaa', 'hidden'),
	(42966, 1, '78a9163b981a853a5c2be6ef001df5a8', 'hidden'),
	(42971, 1, '7af0bbd29ab927576b96ca781b398b75', 'hidden'),
	(42976, 1, '7b8e2e92cd82019f40d65a827697537d', 'hidden'),
	(42981, 1, '7c90700489b50d192357c16ab91bed7b', 'hidden'),
	(42986, 1, '7dd0f65d8da6ae21b2e13c03000c672c', 'hidden'),
	(42991, 1, '8030441cd88f6b11440cbf46e83c838c', 'hidden'),
	(42996, 1, '8053337d8474ed062250e2468664150b', 'hidden'),
	(43001, 1, '817727543c01d2023267c6e84a10da74', 'enabled'),
	(43006, 1, '81d2b7c70ae6826f2da94b16e1a0e017', 'hidden'),
	(43011, 1, '848b52a433082d99071482d5432055a9', 'hidden'),
	(43016, 1, '8544a01dbd5b58a2ae66e5b0ce90eaf2', 'hidden'),
	(43021, 1, '8af39a26f04fc9af720a8aecb4ab49ed', 'hidden'),
	(43026, 1, '8ccaa416dd32884e49d035dd2907331d', 'hidden'),
	(43031, 1, '8d60091184eac27cb9998884bd2141b0', 'enabled'),
	(43036, 1, '8dba03f38706424efd6406b48cc7eb21', 'hidden'),
	(43041, 1, '8dfe18dad8e8a98917471c96f7cd43cb', 'hidden'),
	(43046, 1, '8e56844e531d32d4cc728d59ab8b5fe6', 'hidden'),
	(43051, 1, '8eb6cdfee1c3638250feeba5c935c5dc', 'hidden'),
	(43056, 1, '916a9a2bb2883f9bbb854169def1d189', 'hidden'),
	(43061, 1, '9297be1d44d7c94142b5e8e8c5a63c02', 'hidden'),
	(43066, 1, '96c965dfe4dec71cd062e7ca7b0e3df5', 'hidden'),
	(43071, 1, '98bab1ebdb20ed6ea007862c14614d1a', 'hidden'),
	(43076, 1, '9ddea3ab1f45095f550e02d54557fb2b', 'hidden'),
	(43081, 1, '9f874b0c891d2fafff09467d81dc4c4f', 'hidden'),
	(43086, 1, 'a00bc17d2300fc90bfcac0b6fdb054af', 'hidden'),
	(43091, 1, 'a0407cbe79be4d0f1838fa73cd5932c7', 'hidden'),
	(43096, 1, 'a66f8a3bb371ee25df3ea3eb70c3e9ec', 'hidden'),
	(43101, 1, 'abc3c9509c714b56f571f9784a8d5bdf', 'hidden'),
	(43106, 1, 'ac0d212f9ca85f5723999094bc128827', 'hidden'),
	(43111, 1, 'ad7a91d112ca4d888371870edc48baaa', 'hidden'),
	(43116, 1, 'b1d58ad4da479e09f97d003e53fe6133', 'hidden'),
	(43121, 1, 'b29fc5f00b60d176eb22a26e2b908bac', 'hidden'),
	(43126, 1, 'b30516e81daa5d43f139ba65bd03cbb9', 'hidden'),
	(43131, 1, 'b85becf0566723b7fdc55aa978d36126', 'hidden'),
	(43136, 1, 'b8cd75c2e8dafee9eff9723cdd0a4381', 'hidden'),
	(43141, 1, 'ba0415f92ed6e1a7b80be7082c3a2f2c', 'hidden'),
	(43146, 1, 'bb118ff1a9ad48d596073fb8a9699501', 'hidden'),
	(43151, 1, 'bd8d5c06ffa739fc2546314898a4edcb', 'hidden'),
	(43156, 1, 'c3f0c17f884a03ae85573cd8c8a0511a', 'hidden'),
	(43161, 1, 'c51142fa0528bdf36debecd56fdb0826', 'hidden'),
	(43166, 1, 'c5ef9c0ddb343325e026684fddcfbe88', 'hidden'),
	(43171, 1, 'cb6ad95039c9bcaa1e010f41fdce6baf', 'hidden'),
	(43176, 1, 'ce09dd43394afe5a90726a971943172c', 'hidden'),
	(43181, 1, 'ce5cf58b1516f2386f561e19f6fe07d5', 'hidden'),
	(43186, 1, 'd43e20eec4f6c3424d2506242c84f847', 'hidden'),
	(43191, 1, 'd475c3fc0731a28c2411fd99490cb986', 'hidden'),
	(43196, 1, 'd484e10174f0e232a936ebb129c4f7dd', 'hidden'),
	(43201, 1, 'd54b9ac6e2332a4869d317b3a8103dbf', 'hidden'),
	(43206, 1, 'd7c210b8e88c19cbce32fdbe57ccd2f5', 'enabled'),
	(43211, 1, 'd7f92c13a5136fc1d350abc48fe8dc4f', 'hidden'),
	(43216, 1, 'daa7c39e54462e7a716980ea6762ec8a', 'hidden'),
	(43221, 1, 'e1814eb37b22a56fa5d7979b36266e73', 'hidden'),
	(43226, 1, 'e26628cfcc6872ab02646928decc1dd2', 'hidden'),
	(43231, 1, 'e2c889de811134b4ae155416a81df9db', 'hidden'),
	(43236, 1, 'e56260185280be666234019ec8bc59e6', 'hidden'),
	(43241, 1, 'e669f07a6a5d6ee9640b41aa8bdd3f7d', 'hidden'),
	(43246, 1, 'e6e57d7f2591e692a4ce1b00754eec37', 'hidden'),
	(43251, 1, 'eba8a1435cd1a669054a996b87a98710', 'hidden'),
	(43256, 1, 'ed38d3c46063a8dc4ad2083dad2f0b1b', 'hidden'),
	(43261, 1, 'ed6079fc450e63fc7ed5cb2c56751375', 'hidden'),
	(43266, 1, 'ee70673a0c0ae49fa70050ca602468a4', 'hidden'),
	(43271, 1, 'f1c1f7479d7282a888e83fe488b9d07f', 'hidden'),
	(43276, 1, 'fa854a9d7c61184b7423ac0051c0c8cc', 'hidden'),
	(43281, 1, 'fe3337b52404cd26026a814c614ec040', 'hidden'),
	(43286, 6, '000a68e30ece50230816c421c69f1952', 'hidden'),
	(43291, 6, '003f2b048b03d7199291a3a6bade0864', 'hidden'),
	(43296, 6, '0581cafacd398932e5b4f6418683f5b3', 'hidden'),
	(43301, 6, '08e379ea658f873de6134443f4013741', 'enabled'),
	(43306, 6, '0993fc9c7f17da82a690a06724aafc7f', 'hidden'),
	(43311, 6, '0e7d23400175781919f06f0a630186d4', 'hidden'),
	(43316, 6, '1007cd17dd0bc9adef85448d36b16ffd', 'hidden'),
	(43321, 6, '118a46e71ee56379179b54d5d2e2993f', 'hidden'),
	(43326, 6, '12e92aa992a11cd5475c0a8c3d1879ec', 'enabled'),
	(43331, 6, '134413b1df8e7b2ad91c5b6d8dab9860', 'hidden'),
	(43336, 6, '135c237e7d9a3d2be9b3105dd7c0247b', 'hidden'),
	(43341, 6, '140671fa52a6a5be0633c0a148f3300d', 'enabled'),
	(43346, 6, '145e5be43b3eaba5bd1c92d3a60dec71', 'enabled'),
	(43351, 6, '19694aead869fc540ebbe73032e6fa18', 'enabled'),
	(43356, 6, '1aded72a1b5106f475471351d9b10125', 'enabled'),
	(43361, 6, '1b534692b60f8e3c7ff60333a1bbaa0e', 'hidden'),
	(43366, 6, '2704e9a4422c8e40b29a9648adc82b99', 'hidden'),
	(43371, 6, '28962ad7513a157825db87260e7c5afd', 'enabled'),
	(43376, 6, '296387918789a39edf1812c633806079', 'hidden'),
	(43381, 6, '29a1654dbe178eea563f585f2612f382', 'hidden'),
	(43386, 6, '29fce0d108a31c8bc776c277ee541b5c', 'hidden'),
	(43391, 6, '2a5a82ea79c0c311d3d29bbbe5b49f2f', 'hidden'),
	(43396, 6, '2b4f26b42daabb492974dda18c983285', 'hidden'),
	(43401, 6, '2e1010301f75e3f8dc5a3230ce38ae79', 'hidden'),
	(43406, 6, '3066c0eaf127d8caf42b981331608cd0', 'enabled'),
	(43411, 6, '32fd1068a5287ca883c9d57862fed116', 'hidden'),
	(43416, 6, '33af36ebfb81350e2f1f08ed3232ff00', 'hidden'),
	(43421, 6, '354c337f36b410c31e9bbc4106d89f77', 'hidden'),
	(43426, 6, '35d46795b2c0311bf116d3abd0d1e4e7', 'enabled'),
	(43431, 6, '3639b8a295c35f9e5258bb6490b8a534', 'hidden'),
	(43436, 6, '3ac86657a58fcacb13db2dd8de82f5e7', 'hidden'),
	(43441, 6, '3b25586f69eb1fca8690d6d446c15d31', 'enabled'),
	(43446, 6, '3f02808656c1519e8713dca3ec231f68', 'hidden'),
	(43451, 6, '43b9de56d5aa207e3b10a51405187368', 'hidden'),
	(43456, 6, '49e2dc76be27396b284ba9ccf724511e', 'hidden'),
	(43461, 6, '4dd0ce07c49e395098f75524b10ce0b8', 'hidden'),
	(43466, 6, '4f663ae28447e8b7bfc7a97e47b6f1e8', 'hidden'),
	(43471, 6, '51e67d44ceb6dde6b50dbfb3f8e197ac', 'hidden'),
	(43476, 6, '579be0d578358e0754d37e04e4b57259', 'enabled'),
	(43481, 6, '5816625c08cb4aeee1e658ba0fc2d8dd', 'hidden'),
	(43486, 6, '58d3a626f4f649bcee6cb3c0cf3c9962', 'hidden'),
	(43491, 6, '5d8a3eb94bcca4ce3ef1d94d3a43b065', 'enabled'),
	(43496, 6, '6037296b70ff1af3cb8a5651aa326c6b', 'hidden'),
	(43501, 6, '67a901539c03fcc3290d678b72da2b39', 'hidden'),
	(43506, 6, '6d0c3e6c124af7cf5556edc26fd7a9dc', 'hidden'),
	(43511, 6, '6ef65786d7f1ad8b9e039cc032bd954e', 'hidden'),
	(43516, 6, '6f00bde5e49552d30ee85d3a504829a2', 'hidden'),
	(43521, 6, '7285074fb14b56763cf3e7c1a7f781c9', 'hidden'),
	(43526, 6, '737371d1c0df6acc1658d403181a850f', 'enabled'),
	(43531, 6, '73fce4cb4414106912d0e1ea16baa2c4', 'enabled'),
	(43536, 6, '761fd2f727bd2b6c68a737ddbea46c10', 'enabled'),
	(43541, 6, '786eb34f5833eee727bb7549aa72afaa', 'hidden'),
	(43546, 6, '78a9163b981a853a5c2be6ef001df5a8', 'hidden'),
	(43551, 6, '7af0bbd29ab927576b96ca781b398b75', 'hidden'),
	(43556, 6, '7b8e2e92cd82019f40d65a827697537d', 'enabled'),
	(43561, 6, '7c90700489b50d192357c16ab91bed7b', 'hidden'),
	(43566, 6, '7dd0f65d8da6ae21b2e13c03000c672c', 'hidden'),
	(43571, 6, '8030441cd88f6b11440cbf46e83c838c', 'hidden'),
	(43576, 6, '8053337d8474ed062250e2468664150b', 'hidden'),
	(43581, 6, '817727543c01d2023267c6e84a10da74', 'hidden'),
	(43586, 6, '81d2b7c70ae6826f2da94b16e1a0e017', 'hidden'),
	(43591, 6, '848b52a433082d99071482d5432055a9', 'hidden'),
	(43596, 6, '8544a01dbd5b58a2ae66e5b0ce90eaf2', 'hidden'),
	(43601, 6, '8af39a26f04fc9af720a8aecb4ab49ed', 'hidden'),
	(43606, 6, '8ccaa416dd32884e49d035dd2907331d', 'hidden'),
	(43611, 6, '8d60091184eac27cb9998884bd2141b0', 'hidden'),
	(43616, 6, '8dba03f38706424efd6406b48cc7eb21', 'hidden'),
	(43621, 6, '8dfe18dad8e8a98917471c96f7cd43cb', 'hidden'),
	(43626, 6, '8e56844e531d32d4cc728d59ab8b5fe6', 'enabled'),
	(43631, 6, '8eb6cdfee1c3638250feeba5c935c5dc', 'hidden'),
	(43636, 6, '916a9a2bb2883f9bbb854169def1d189', 'hidden'),
	(43641, 6, '9297be1d44d7c94142b5e8e8c5a63c02', 'hidden'),
	(43646, 6, '96c965dfe4dec71cd062e7ca7b0e3df5', 'enabled'),
	(43651, 6, '98bab1ebdb20ed6ea007862c14614d1a', 'enabled'),
	(43656, 6, '9ddea3ab1f45095f550e02d54557fb2b', 'hidden'),
	(43661, 6, '9f874b0c891d2fafff09467d81dc4c4f', 'hidden'),
	(43666, 6, 'a00bc17d2300fc90bfcac0b6fdb054af', 'hidden'),
	(43671, 6, 'a0407cbe79be4d0f1838fa73cd5932c7', 'hidden'),
	(43676, 6, 'a66f8a3bb371ee25df3ea3eb70c3e9ec', 'enabled'),
	(43681, 6, 'abc3c9509c714b56f571f9784a8d5bdf', 'enabled'),
	(43686, 6, 'ac0d212f9ca85f5723999094bc128827', 'hidden'),
	(43691, 6, 'ad7a91d112ca4d888371870edc48baaa', 'enabled'),
	(43696, 6, 'b1d58ad4da479e09f97d003e53fe6133', 'hidden'),
	(43701, 6, 'b29fc5f00b60d176eb22a26e2b908bac', 'enabled'),
	(43706, 6, 'b30516e81daa5d43f139ba65bd03cbb9', 'hidden'),
	(43711, 6, 'b85becf0566723b7fdc55aa978d36126', 'hidden'),
	(43716, 6, 'b8cd75c2e8dafee9eff9723cdd0a4381', 'hidden'),
	(43721, 6, 'ba0415f92ed6e1a7b80be7082c3a2f2c', 'hidden'),
	(43726, 6, 'bb118ff1a9ad48d596073fb8a9699501', 'enabled'),
	(43731, 6, 'bd8d5c06ffa739fc2546314898a4edcb', 'enabled'),
	(43736, 6, 'c3f0c17f884a03ae85573cd8c8a0511a', 'enabled'),
	(43741, 6, 'c51142fa0528bdf36debecd56fdb0826', 'hidden'),
	(43746, 6, 'c5ef9c0ddb343325e026684fddcfbe88', 'enabled'),
	(43751, 6, 'cb6ad95039c9bcaa1e010f41fdce6baf', 'hidden'),
	(43756, 6, 'ce09dd43394afe5a90726a971943172c', 'hidden'),
	(43761, 6, 'ce5cf58b1516f2386f561e19f6fe07d5', 'hidden'),
	(43766, 6, 'd43e20eec4f6c3424d2506242c84f847', 'enabled'),
	(43771, 6, 'd475c3fc0731a28c2411fd99490cb986', 'hidden'),
	(43776, 6, 'd484e10174f0e232a936ebb129c4f7dd', 'hidden'),
	(43781, 6, 'd54b9ac6e2332a4869d317b3a8103dbf', 'hidden'),
	(43786, 6, 'd7c210b8e88c19cbce32fdbe57ccd2f5', 'hidden'),
	(43791, 6, 'd7f92c13a5136fc1d350abc48fe8dc4f', 'hidden'),
	(43796, 6, 'daa7c39e54462e7a716980ea6762ec8a', 'hidden'),
	(43801, 6, 'e1814eb37b22a56fa5d7979b36266e73', 'hidden'),
	(43806, 6, 'e26628cfcc6872ab02646928decc1dd2', 'hidden'),
	(43811, 6, 'e2c889de811134b4ae155416a81df9db', 'hidden'),
	(43816, 6, 'e56260185280be666234019ec8bc59e6', 'hidden'),
	(43821, 6, 'e669f07a6a5d6ee9640b41aa8bdd3f7d', 'enabled'),
	(43826, 6, 'e6e57d7f2591e692a4ce1b00754eec37', 'hidden'),
	(43831, 6, 'eba8a1435cd1a669054a996b87a98710', 'hidden'),
	(43836, 6, 'ed38d3c46063a8dc4ad2083dad2f0b1b', 'hidden'),
	(43841, 6, 'ed6079fc450e63fc7ed5cb2c56751375', 'hidden'),
	(43846, 6, 'ee70673a0c0ae49fa70050ca602468a4', 'hidden'),
	(43851, 6, 'f1c1f7479d7282a888e83fe488b9d07f', 'hidden'),
	(43856, 6, 'fa854a9d7c61184b7423ac0051c0c8cc', 'hidden'),
	(43861, 6, 'fe3337b52404cd26026a814c614ec040', 'hidden'),
	(43866, 11, '000a68e30ece50230816c421c69f1952', 'hidden'),
	(43871, 11, '003f2b048b03d7199291a3a6bade0864', 'hidden'),
	(43876, 11, '0581cafacd398932e5b4f6418683f5b3', 'hidden'),
	(43881, 11, '08e379ea658f873de6134443f4013741', 'hidden'),
	(43886, 11, '0993fc9c7f17da82a690a06724aafc7f', 'hidden'),
	(43891, 11, '0e7d23400175781919f06f0a630186d4', 'hidden'),
	(43896, 11, '1007cd17dd0bc9adef85448d36b16ffd', 'hidden'),
	(43901, 11, '118a46e71ee56379179b54d5d2e2993f', 'hidden'),
	(43906, 11, '12e92aa992a11cd5475c0a8c3d1879ec', 'hidden'),
	(43911, 11, '134413b1df8e7b2ad91c5b6d8dab9860', 'hidden'),
	(43916, 11, '135c237e7d9a3d2be9b3105dd7c0247b', 'hidden'),
	(43921, 11, '140671fa52a6a5be0633c0a148f3300d', 'hidden'),
	(43926, 11, '145e5be43b3eaba5bd1c92d3a60dec71', 'hidden'),
	(43931, 11, '19694aead869fc540ebbe73032e6fa18', 'hidden'),
	(43936, 11, '1aded72a1b5106f475471351d9b10125', 'hidden'),
	(43941, 11, '1b534692b60f8e3c7ff60333a1bbaa0e', 'hidden'),
	(43946, 11, '2704e9a4422c8e40b29a9648adc82b99', 'hidden'),
	(43951, 11, '28962ad7513a157825db87260e7c5afd', 'hidden'),
	(43956, 11, '296387918789a39edf1812c633806079', 'hidden'),
	(43961, 11, '29a1654dbe178eea563f585f2612f382', 'hidden'),
	(43966, 11, '29fce0d108a31c8bc776c277ee541b5c', 'hidden'),
	(43971, 11, '2a5a82ea79c0c311d3d29bbbe5b49f2f', 'enabled'),
	(43976, 11, '2b4f26b42daabb492974dda18c983285', 'enabled'),
	(43981, 11, '2e1010301f75e3f8dc5a3230ce38ae79', 'hidden'),
	(43986, 11, '3066c0eaf127d8caf42b981331608cd0', 'hidden'),
	(43991, 11, '32fd1068a5287ca883c9d57862fed116', 'hidden'),
	(43996, 11, '33af36ebfb81350e2f1f08ed3232ff00', 'hidden'),
	(44001, 11, '354c337f36b410c31e9bbc4106d89f77', 'hidden'),
	(44006, 11, '35d46795b2c0311bf116d3abd0d1e4e7', 'hidden'),
	(44011, 11, '3639b8a295c35f9e5258bb6490b8a534', 'enabled'),
	(44016, 11, '3ac86657a58fcacb13db2dd8de82f5e7', 'hidden'),
	(44021, 11, '3b25586f69eb1fca8690d6d446c15d31', 'hidden'),
	(44026, 11, '3f02808656c1519e8713dca3ec231f68', 'hidden'),
	(44031, 11, '43b9de56d5aa207e3b10a51405187368', 'hidden'),
	(44036, 11, '49e2dc76be27396b284ba9ccf724511e', 'enabled'),
	(44041, 11, '4dd0ce07c49e395098f75524b10ce0b8', 'hidden'),
	(44046, 11, '4f663ae28447e8b7bfc7a97e47b6f1e8', 'enabled'),
	(44051, 11, '51e67d44ceb6dde6b50dbfb3f8e197ac', 'enabled'),
	(44056, 11, '579be0d578358e0754d37e04e4b57259', 'hidden'),
	(44061, 11, '5816625c08cb4aeee1e658ba0fc2d8dd', 'hidden'),
	(44066, 11, '58d3a626f4f649bcee6cb3c0cf3c9962', 'hidden'),
	(44071, 11, '5d8a3eb94bcca4ce3ef1d94d3a43b065', 'hidden'),
	(44076, 11, '6037296b70ff1af3cb8a5651aa326c6b', 'enabled'),
	(44081, 11, '67a901539c03fcc3290d678b72da2b39', 'hidden'),
	(44086, 11, '6d0c3e6c124af7cf5556edc26fd7a9dc', 'hidden'),
	(44091, 11, '6ef65786d7f1ad8b9e039cc032bd954e', 'hidden'),
	(44096, 11, '6f00bde5e49552d30ee85d3a504829a2', 'hidden'),
	(44101, 11, '7285074fb14b56763cf3e7c1a7f781c9', 'hidden'),
	(44106, 11, '737371d1c0df6acc1658d403181a850f', 'hidden'),
	(44111, 11, '73fce4cb4414106912d0e1ea16baa2c4', 'hidden'),
	(44116, 11, '761fd2f727bd2b6c68a737ddbea46c10', 'hidden'),
	(44121, 11, '786eb34f5833eee727bb7549aa72afaa', 'enabled'),
	(44126, 11, '78a9163b981a853a5c2be6ef001df5a8', 'hidden'),
	(44131, 11, '7af0bbd29ab927576b96ca781b398b75', 'hidden'),
	(44136, 11, '7b8e2e92cd82019f40d65a827697537d', 'hidden'),
	(44141, 11, '7c90700489b50d192357c16ab91bed7b', 'hidden'),
	(44146, 11, '7dd0f65d8da6ae21b2e13c03000c672c', 'hidden'),
	(44151, 11, '8030441cd88f6b11440cbf46e83c838c', 'hidden'),
	(44156, 11, '8053337d8474ed062250e2468664150b', 'hidden'),
	(44161, 11, '817727543c01d2023267c6e84a10da74', 'hidden'),
	(44166, 11, '81d2b7c70ae6826f2da94b16e1a0e017', 'hidden'),
	(44171, 11, '848b52a433082d99071482d5432055a9', 'hidden'),
	(44176, 11, '8544a01dbd5b58a2ae66e5b0ce90eaf2', 'hidden'),
	(44181, 11, '8af39a26f04fc9af720a8aecb4ab49ed', 'hidden'),
	(44186, 11, '8ccaa416dd32884e49d035dd2907331d', 'hidden'),
	(44191, 11, '8d60091184eac27cb9998884bd2141b0', 'hidden'),
	(44196, 11, '8dba03f38706424efd6406b48cc7eb21', 'enabled'),
	(44201, 11, '8dfe18dad8e8a98917471c96f7cd43cb', 'enabled'),
	(44206, 11, '8e56844e531d32d4cc728d59ab8b5fe6', 'hidden'),
	(44211, 11, '8eb6cdfee1c3638250feeba5c935c5dc', 'enabled'),
	(44216, 11, '916a9a2bb2883f9bbb854169def1d189', 'hidden'),
	(44221, 11, '9297be1d44d7c94142b5e8e8c5a63c02', 'enabled'),
	(44226, 11, '96c965dfe4dec71cd062e7ca7b0e3df5', 'hidden'),
	(44231, 11, '98bab1ebdb20ed6ea007862c14614d1a', 'hidden'),
	(44236, 11, '9ddea3ab1f45095f550e02d54557fb2b', 'hidden'),
	(44241, 11, '9f874b0c891d2fafff09467d81dc4c4f', 'hidden'),
	(44246, 11, 'a00bc17d2300fc90bfcac0b6fdb054af', 'hidden'),
	(44251, 11, 'a0407cbe79be4d0f1838fa73cd5932c7', 'hidden'),
	(44256, 11, 'a66f8a3bb371ee25df3ea3eb70c3e9ec', 'hidden'),
	(44261, 11, 'abc3c9509c714b56f571f9784a8d5bdf', 'hidden'),
	(44266, 11, 'ac0d212f9ca85f5723999094bc128827', 'enabled'),
	(44271, 11, 'ad7a91d112ca4d888371870edc48baaa', 'hidden'),
	(44276, 11, 'b1d58ad4da479e09f97d003e53fe6133', 'hidden'),
	(44281, 11, 'b29fc5f00b60d176eb22a26e2b908bac', 'hidden'),
	(44286, 11, 'b30516e81daa5d43f139ba65bd03cbb9', 'hidden'),
	(44291, 11, 'b85becf0566723b7fdc55aa978d36126', 'hidden'),
	(44296, 11, 'b8cd75c2e8dafee9eff9723cdd0a4381', 'hidden'),
	(44301, 11, 'ba0415f92ed6e1a7b80be7082c3a2f2c', 'hidden'),
	(44306, 11, 'bb118ff1a9ad48d596073fb8a9699501', 'hidden'),
	(44311, 11, 'bd8d5c06ffa739fc2546314898a4edcb', 'hidden'),
	(44316, 11, 'c3f0c17f884a03ae85573cd8c8a0511a', 'hidden'),
	(44321, 11, 'c51142fa0528bdf36debecd56fdb0826', 'hidden'),
	(44326, 11, 'c5ef9c0ddb343325e026684fddcfbe88', 'hidden'),
	(44331, 11, 'cb6ad95039c9bcaa1e010f41fdce6baf', 'hidden'),
	(44336, 11, 'ce09dd43394afe5a90726a971943172c', 'hidden'),
	(44341, 11, 'ce5cf58b1516f2386f561e19f6fe07d5', 'enabled'),
	(44346, 11, 'd43e20eec4f6c3424d2506242c84f847', 'hidden'),
	(44351, 11, 'd475c3fc0731a28c2411fd99490cb986', 'hidden'),
	(44356, 11, 'd484e10174f0e232a936ebb129c4f7dd', 'hidden'),
	(44361, 11, 'd54b9ac6e2332a4869d317b3a8103dbf', 'hidden'),
	(44366, 11, 'd7c210b8e88c19cbce32fdbe57ccd2f5', 'hidden'),
	(44371, 11, 'd7f92c13a5136fc1d350abc48fe8dc4f', 'hidden'),
	(44376, 11, 'daa7c39e54462e7a716980ea6762ec8a', 'hidden'),
	(44381, 11, 'e1814eb37b22a56fa5d7979b36266e73', 'hidden'),
	(44386, 11, 'e26628cfcc6872ab02646928decc1dd2', 'hidden'),
	(44391, 11, 'e2c889de811134b4ae155416a81df9db', 'hidden'),
	(44396, 11, 'e56260185280be666234019ec8bc59e6', 'hidden'),
	(44401, 11, 'e669f07a6a5d6ee9640b41aa8bdd3f7d', 'hidden'),
	(44406, 11, 'e6e57d7f2591e692a4ce1b00754eec37', 'hidden'),
	(44411, 11, 'eba8a1435cd1a669054a996b87a98710', 'hidden'),
	(44416, 11, 'ed38d3c46063a8dc4ad2083dad2f0b1b', 'enabled'),
	(44421, 11, 'ed6079fc450e63fc7ed5cb2c56751375', 'hidden'),
	(44426, 11, 'ee70673a0c0ae49fa70050ca602468a4', 'hidden'),
	(44431, 11, 'f1c1f7479d7282a888e83fe488b9d07f', 'hidden'),
	(44436, 11, 'fa854a9d7c61184b7423ac0051c0c8cc', 'hidden'),
	(44441, 11, 'fe3337b52404cd26026a814c614ec040', 'hidden'),
	(48511, 16, '000a68e30ece50230816c421c69f1952', 'enabled'),
	(48516, 16, '003f2b048b03d7199291a3a6bade0864', 'enabled'),
	(48521, 16, '0581cafacd398932e5b4f6418683f5b3', 'enabled'),
	(48526, 16, '08e379ea658f873de6134443f4013741', 'enabled'),
	(48531, 16, '0993fc9c7f17da82a690a06724aafc7f', 'enabled'),
	(48536, 16, '0e7d23400175781919f06f0a630186d4', 'enabled'),
	(48541, 16, '1007cd17dd0bc9adef85448d36b16ffd', 'enabled'),
	(48546, 16, '118a46e71ee56379179b54d5d2e2993f', 'enabled'),
	(48551, 16, '12e92aa992a11cd5475c0a8c3d1879ec', 'enabled'),
	(48556, 16, '134413b1df8e7b2ad91c5b6d8dab9860', 'enabled'),
	(48561, 16, '135c237e7d9a3d2be9b3105dd7c0247b', 'enabled'),
	(48566, 16, '140671fa52a6a5be0633c0a148f3300d', 'enabled'),
	(48571, 16, '145e5be43b3eaba5bd1c92d3a60dec71', 'enabled'),
	(48576, 16, '19694aead869fc540ebbe73032e6fa18', 'enabled'),
	(48581, 16, '1aded72a1b5106f475471351d9b10125', 'enabled'),
	(48586, 16, '1b534692b60f8e3c7ff60333a1bbaa0e', 'enabled'),
	(48591, 16, '2704e9a4422c8e40b29a9648adc82b99', 'enabled'),
	(48596, 16, '28962ad7513a157825db87260e7c5afd', 'enabled'),
	(48601, 16, '296387918789a39edf1812c633806079', 'enabled'),
	(48606, 16, '29a1654dbe178eea563f585f2612f382', 'enabled'),
	(48611, 16, '29fce0d108a31c8bc776c277ee541b5c', 'enabled'),
	(48616, 16, '2a5a82ea79c0c311d3d29bbbe5b49f2f', 'enabled'),
	(48621, 16, '2b4f26b42daabb492974dda18c983285', 'enabled'),
	(48626, 16, '2e1010301f75e3f8dc5a3230ce38ae79', 'enabled'),
	(48631, 16, '3066c0eaf127d8caf42b981331608cd0', 'enabled'),
	(48636, 16, '32fd1068a5287ca883c9d57862fed116', 'enabled'),
	(48641, 16, '33af36ebfb81350e2f1f08ed3232ff00', 'enabled'),
	(48646, 16, '354c337f36b410c31e9bbc4106d89f77', 'enabled'),
	(48651, 16, '35d46795b2c0311bf116d3abd0d1e4e7', 'enabled'),
	(48656, 16, '3639b8a295c35f9e5258bb6490b8a534', 'enabled'),
	(48661, 16, '39308221e0659911fd49abc56abcb1ad', 'enabled'),
	(48666, 16, '3ac86657a58fcacb13db2dd8de82f5e7', 'enabled'),
	(48671, 16, '3b25586f69eb1fca8690d6d446c15d31', 'enabled'),
	(48676, 16, '3f02808656c1519e8713dca3ec231f68', 'enabled'),
	(48681, 16, '43b9de56d5aa207e3b10a51405187368', 'enabled'),
	(48686, 16, '49e2dc76be27396b284ba9ccf724511e', 'enabled'),
	(48691, 16, '4dd0ce07c49e395098f75524b10ce0b8', 'enabled'),
	(48696, 16, '4f663ae28447e8b7bfc7a97e47b6f1e8', 'enabled'),
	(48701, 16, '51e67d44ceb6dde6b50dbfb3f8e197ac', 'enabled'),
	(48706, 16, '579be0d578358e0754d37e04e4b57259', 'enabled'),
	(48711, 16, '5816625c08cb4aeee1e658ba0fc2d8dd', 'enabled'),
	(48716, 16, '58d3a626f4f649bcee6cb3c0cf3c9962', 'enabled'),
	(48721, 16, '5d8a3eb94bcca4ce3ef1d94d3a43b065', 'enabled'),
	(48726, 16, '6037296b70ff1af3cb8a5651aa326c6b', 'enabled'),
	(48731, 16, '67a901539c03fcc3290d678b72da2b39', 'enabled'),
	(48736, 16, '6d0c3e6c124af7cf5556edc26fd7a9dc', 'enabled'),
	(48741, 16, '6ef65786d7f1ad8b9e039cc032bd954e', 'enabled'),
	(48746, 16, '6f00bde5e49552d30ee85d3a504829a2', 'enabled'),
	(48751, 16, '7285074fb14b56763cf3e7c1a7f781c9', 'enabled'),
	(48756, 16, '737371d1c0df6acc1658d403181a850f', 'enabled'),
	(48761, 16, '73fce4cb4414106912d0e1ea16baa2c4', 'enabled'),
	(48766, 16, '761fd2f727bd2b6c68a737ddbea46c10', 'enabled'),
	(48771, 16, '786eb34f5833eee727bb7549aa72afaa', 'enabled'),
	(48776, 16, '78a9163b981a853a5c2be6ef001df5a8', 'enabled'),
	(48781, 16, '7af0bbd29ab927576b96ca781b398b75', 'enabled'),
	(48786, 16, '7b8e2e92cd82019f40d65a827697537d', 'enabled'),
	(48791, 16, '7c90700489b50d192357c16ab91bed7b', 'enabled'),
	(48796, 16, '7dd0f65d8da6ae21b2e13c03000c672c', 'enabled'),
	(48801, 16, '8030441cd88f6b11440cbf46e83c838c', 'enabled'),
	(48806, 16, '817727543c01d2023267c6e84a10da74', 'enabled'),
	(48811, 16, '81d2b7c70ae6826f2da94b16e1a0e017', 'enabled'),
	(48816, 16, '848b52a433082d99071482d5432055a9', 'enabled'),
	(48821, 16, '8544a01dbd5b58a2ae66e5b0ce90eaf2', 'enabled'),
	(48826, 16, '8af39a26f04fc9af720a8aecb4ab49ed', 'enabled'),
	(48831, 16, '8ccaa416dd32884e49d035dd2907331d', 'enabled'),
	(48836, 16, '8d60091184eac27cb9998884bd2141b0', 'enabled'),
	(48841, 16, '8dba03f38706424efd6406b48cc7eb21', 'enabled'),
	(48846, 16, '8dfe18dad8e8a98917471c96f7cd43cb', 'enabled'),
	(48851, 16, '8e56844e531d32d4cc728d59ab8b5fe6', 'enabled'),
	(48856, 16, '8eb6cdfee1c3638250feeba5c935c5dc', 'enabled'),
	(48861, 16, '916a9a2bb2883f9bbb854169def1d189', 'enabled'),
	(48866, 16, '9297be1d44d7c94142b5e8e8c5a63c02', 'enabled'),
	(48871, 16, '96c965dfe4dec71cd062e7ca7b0e3df5', 'enabled'),
	(48876, 16, '98bab1ebdb20ed6ea007862c14614d1a', 'enabled'),
	(48881, 16, '9ddea3ab1f45095f550e02d54557fb2b', 'enabled'),
	(48886, 16, '9f874b0c891d2fafff09467d81dc4c4f', 'enabled'),
	(48891, 16, 'a00bc17d2300fc90bfcac0b6fdb054af', 'enabled'),
	(48896, 16, 'a0407cbe79be4d0f1838fa73cd5932c7', 'enabled'),
	(48901, 16, 'a66f8a3bb371ee25df3ea3eb70c3e9ec', 'enabled'),
	(48906, 16, 'abc3c9509c714b56f571f9784a8d5bdf', 'enabled'),
	(48911, 16, 'ac0d212f9ca85f5723999094bc128827', 'enabled'),
	(48916, 16, 'ad7a91d112ca4d888371870edc48baaa', 'enabled'),
	(48921, 16, 'b1d58ad4da479e09f97d003e53fe6133', 'enabled'),
	(48926, 16, 'b29fc5f00b60d176eb22a26e2b908bac', 'enabled'),
	(48931, 16, 'b30516e81daa5d43f139ba65bd03cbb9', 'enabled'),
	(48936, 16, 'b8cd75c2e8dafee9eff9723cdd0a4381', 'enabled'),
	(48941, 16, 'ba0415f92ed6e1a7b80be7082c3a2f2c', 'enabled'),
	(48946, 16, 'bb118ff1a9ad48d596073fb8a9699501', 'enabled'),
	(48951, 16, 'bd8d5c06ffa739fc2546314898a4edcb', 'enabled'),
	(48956, 16, 'c3f0c17f884a03ae85573cd8c8a0511a', 'enabled'),
	(48961, 16, 'c51142fa0528bdf36debecd56fdb0826', 'enabled'),
	(48966, 16, 'c5ef9c0ddb343325e026684fddcfbe88', 'enabled'),
	(48971, 16, 'ce09dd43394afe5a90726a971943172c', 'enabled'),
	(48976, 16, 'ce5cf58b1516f2386f561e19f6fe07d5', 'enabled'),
	(48981, 16, 'd43e20eec4f6c3424d2506242c84f847', 'enabled'),
	(48986, 16, 'd475c3fc0731a28c2411fd99490cb986', 'enabled'),
	(48991, 16, 'd484e10174f0e232a936ebb129c4f7dd', 'enabled'),
	(48996, 16, 'd54b9ac6e2332a4869d317b3a8103dbf', 'enabled'),
	(49001, 16, 'd7c210b8e88c19cbce32fdbe57ccd2f5', 'enabled'),
	(49006, 16, 'd7f92c13a5136fc1d350abc48fe8dc4f', 'enabled'),
	(49011, 16, 'daa7c39e54462e7a716980ea6762ec8a', 'enabled'),
	(49016, 16, 'e1814eb37b22a56fa5d7979b36266e73', 'enabled'),
	(49021, 16, 'e26628cfcc6872ab02646928decc1dd2', 'enabled'),
	(49026, 16, 'e2c889de811134b4ae155416a81df9db', 'enabled'),
	(49031, 16, 'e56260185280be666234019ec8bc59e6', 'enabled'),
	(49036, 16, 'e669f07a6a5d6ee9640b41aa8bdd3f7d', 'enabled'),
	(49041, 16, 'e6e57d7f2591e692a4ce1b00754eec37', 'enabled'),
	(49046, 16, 'eba8a1435cd1a669054a996b87a98710', 'enabled'),
	(49051, 16, 'ed38d3c46063a8dc4ad2083dad2f0b1b', 'enabled'),
	(49056, 16, 'ed6079fc450e63fc7ed5cb2c56751375', 'enabled'),
	(49061, 16, 'ee70673a0c0ae49fa70050ca602468a4', 'enabled'),
	(49066, 16, 'f1c1f7479d7282a888e83fe488b9d07f', 'enabled'),
	(49071, 16, 'fa854a9d7c61184b7423ac0051c0c8cc', 'enabled'),
	(49076, 16, 'fe3337b52404cd26026a814c614ec040', 'enabled');
/*!40000 ALTER TABLE `_cred_functionality_resource` ENABLE KEYS */;

-- Dump della struttura di tabella odc2._cred_job
CREATE TABLE IF NOT EXISTS `_cred_job` (
  `hj_id` int(13) unsigned NOT NULL AUTO_INCREMENT,
  `hj_job` char(8) NOT NULL DEFAULT '',
  `hj_role_id` int(13) unsigned NOT NULL DEFAULT '0',
  `hj_start_date` datetime DEFAULT NULL,
  `hj_end_date` datetime DEFAULT NULL,
  `hj_active` tinyint(1) unsigned NOT NULL DEFAULT '1',
  PRIMARY KEY (`hj_id`),
  KEY `hj_job` (`hj_job`)
) ENGINE=InnoDB DEFAULT CHARSET=utf8;

-- Dump dei dati della tabella odc2._cred_job: ~0 rows (circa)
DELETE FROM `_cred_job`;
/*!40000 ALTER TABLE `_cred_job` DISABLE KEYS */;
/*!40000 ALTER TABLE `_cred_job` ENABLE KEYS */;

-- Dump della struttura di tabella odc2._cred_office
CREATE TABLE IF NOT EXISTS `_cred_office` (
  `ho_id` int(13) unsigned NOT NULL AUTO_INCREMENT,
  `ho_office` char(8) NOT NULL DEFAULT '',
  `ho_role_id` int(13) unsigned NOT NULL DEFAULT '0',
  `ho_start_date` datetime DEFAULT NULL,
  `ho_end_date` datetime DEFAULT NULL,
  `ho_active` tinyint(1) unsigned NOT NULL DEFAULT '1',
  PRIMARY KEY (`ho_id`),
  KEY `ho_office` (`ho_office`)
) ENGINE=InnoDB DEFAULT CHARSET=utf8;

-- Dump dei dati della tabella odc2._cred_office: ~2 rows (circa)
DELETE FROM `_cred_office`;
/*!40000 ALTER TABLE `_cred_office` DISABLE KEYS */;
INSERT INTO `_cred_office` (`ho_id`, `ho_office`, `ho_role_id`, `ho_start_date`, `ho_end_date`, `ho_active`) VALUES
	(1, '50203164', 1, '2019-02-08 14:13:34', '2099-02-08 14:13:35', 1),
	(6, '50276497', 1, '2019-02-21 16:37:25', '2099-02-21 16:37:27', 1);
/*!40000 ALTER TABLE `_cred_office` ENABLE KEYS */;

-- Dump della struttura di tabella odc2._cred_resource
CREATE TABLE IF NOT EXISTS `_cred_resource` (
  `resource_id` varchar(32) NOT NULL,
  `resource` varchar(100) DEFAULT '',
  `type` varchar(100) DEFAULT NULL,
  PRIMARY KEY (`resource_id`)
) ENGINE=InnoDB DEFAULT CHARSET=utf8 ROW_FORMAT=DYNAMIC;

-- Dump dei dati della tabella odc2._cred_resource: ~117 rows (circa)
DELETE FROM `_cred_resource`;
/*!40000 ALTER TABLE `_cred_resource` DISABLE KEYS */;
INSERT INTO `_cred_resource` (`resource_id`, `resource`, `type`) VALUES
	('000a68e30ece50230816c421c69f1952', 'anagrafica/destinatari/hdestinatari#anagraficadestinatarilist', 'wire-resource'),
	('003f2b048b03d7199291a3a6bade0864', 'anagrafica/funzioni/hfunzioni#anagraficafunzionilist', 'wire-resource'),
	('0581cafacd398932e5b4f6418683f5b3', 'servicemanager/sm/ccordinari#ccordinari', 'wire-resource'),
	('08e379ea658f873de6134443f4013741', 'plug/functionalities/tree/tree#save', 'plug-resource'),
	('0993fc9c7f17da82a690a06724aafc7f', 'documenti/documenti#remove', 'plug-resource'),
	('0e7d23400175781919f06f0a630186d4', 'anagrafica/tipodoc/htipodoc#anagraficatipodoclist', 'wire-resource'),
	('1007cd17dd0bc9adef85448d36b16ffd', 'collapse/collapse-panel/collapsepanel#send', 'plug-resource'),
	('118a46e71ee56379179b54d5d2e2993f', 'servicemanager/sm/fase#fase', 'wire-resource'),
	('12e92aa992a11cd5475c0a8c3d1879ec', 'plug/resources/resources#ngoninit', 'plug-resource'),
	('134413b1df8e7b2ad91c5b6d8dab9860', 'anagrafica/azioni/hazioni#anagraficaazionilist', 'wire-resource'),
	('135c237e7d9a3d2be9b3105dd7c0247b', 'doccensiti/doccensiti#doccensitieditget', 'wire-resource'),
	('140671fa52a6a5be0633c0a148f3300d', 'credential/role#listroles', 'wire-resource'),
	('145e5be43b3eaba5bd1c92d3a60dec71', 'credential/functionality#editfunctionalities', 'wire-resource'),
	('19694aead869fc540ebbe73032e6fa18', 'plug/functionalities/functionalities#remove', 'plug-resource'),
	('1aded72a1b5106f475471351d9b10125', 'credential/rolefunctionality#insertrolefunctionality', 'wire-resource'),
	('1b534692b60f8e3c7ff60333a1bbaa0e', 'servicemanager/sm/anagrafe#anagrafe', 'wire-resource'),
	('2704e9a4422c8e40b29a9648adc82b99', 'servicemanager/sm/domiciliazioni#domiciliazioni', 'wire-resource'),
	('28962ad7513a157825db87260e7c5afd', 'plug/profiles/show/show#ngoninit', 'plug-resource'),
	('296387918789a39edf1812c633806079', 'credential/takerole#takerole', 'wire-resource'),
	('29a1654dbe178eea563f585f2612f382', 'servicemanager/sm/settorics#settorics', 'wire-resource'),
	('29fce0d108a31c8bc776c277ee541b5c', 'servicemanager/sm/customer#customer', 'wire-resource'),
	('2a5a82ea79c0c311d3d29bbbe5b49f2f', 'credential/delegas#deletedelegas', 'wire-resource'),
	('2b4f26b42daabb492974dda18c983285', 'credential/hotlinesjobs#listhotlinesjobs', 'wire-resource'),
	('2e1010301f75e3f8dc5a3230ce38ae79', 'anagrafica/sessioni/hsessioni#anagraficasessionilist', 'wire-resource'),
	('3066c0eaf127d8caf42b981331608cd0', 'plug/profiles/profiles#remove', 'plug-resource'),
	('32fd1068a5287ca883c9d57862fed116', 'homedoc/homedocnew#homedocnewgetparam', 'wire-resource'),
	('33af36ebfb81350e2f1f08ed3232ff00', 'anagrafica/organi/horgani#anagraficaorganilist', 'wire-resource'),
	('354c337f36b410c31e9bbc4106d89f77', 'doccensiti/doccensiti#doccensitieditupdate', 'wire-resource'),
	('35d46795b2c0311bf116d3abd0d1e4e7', 'credential/functionality#deletefunctionalities', 'wire-resource'),
	('3639b8a295c35f9e5258bb6490b8a534', 'plug/delega/delega#new', 'plug-resource'),
	('39308221e0659911fd49abc56abcb1ad', 'doccensiti/doccensitisetattivo#doccensitisetattivo', 'wire-resource'),
	('3ac86657a58fcacb13db2dd8de82f5e7', 'servicemanager/sm/cointestati#cointestati', 'wire-resource'),
	('3b25586f69eb1fca8690d6d446c15d31', 'credential/role#insertrole', 'wire-resource'),
	('3f02808656c1519e8713dca3ec231f68', 'servicemanager/sm/creditoridba#creditoridba', 'wire-resource'),
	('43b9de56d5aa207e3b10a51405187368', 'referential/employeesjobs#listemployeesjobs', 'wire-resource'),
	('49e2dc76be27396b284ba9ccf724511e', 'plug/delega/delega#ngoninit', 'plug-resource'),
	('4dd0ce07c49e395098f75524b10ce0b8', 'documenti/documenti#ngoninit', 'plug-resource'),
	('4f663ae28447e8b7bfc7a97e47b6f1e8', 'plug/hotline/hotline#ngoninit', 'plug-resource'),
	('51e67d44ceb6dde6b50dbfb3f8e197ac', 'credential/hotlines#listhotlines', 'wire-resource'),
	('579be0d578358e0754d37e04e4b57259', 'plug/functionalities/tree/tree#ngoninit', 'plug-resource'),
	('5816625c08cb4aeee1e658ba0fc2d8dd', 'homedoc/homedocsetdatariunione#homedocsetdatariunione', 'wire-resource'),
	('58d3a626f4f649bcee6cb3c0cf3c9962', 'homedoc/homedocnew#homedocnewinsert', 'wire-resource'),
	('5d8a3eb94bcca4ce3ef1d94d3a43b065', 'plug/profiles/profiles#ngoninit', 'plug-resource'),
	('6037296b70ff1af3cb8a5651aa326c6b', 'plug/delega/delega#remove', 'plug-resource'),
	('67a901539c03fcc3290d678b72da2b39', 'anagrafica/periodicita/hperiodicita#anagraficaperiodicitalist', 'wire-resource'),
	('6d0c3e6c124af7cf5556edc26fd7a9dc', 'homedoc/homedocedit#homedoceditget', 'wire-resource'),
	('6ef65786d7f1ad8b9e039cc032bd954e', 'documenti/documenti#editDoc', 'plug-resource'),
	('6f00bde5e49552d30ee85d3a504829a2', 'homedoc/hodocsetflagricevuto#homedocsetflagricevuto', 'wire-resource'),
	('7285074fb14b56763cf3e7c1a7f781c9', 'servicemanager/sm/creditoridbp#creditoridbp', 'wire-resource'),
	('737371d1c0df6acc1658d403181a850f', 'plug/profiles/profile/profile#ngoninit', 'plug-resource'),
	('73fce4cb4414106912d0e1ea16baa2c4', 'plug/functionalities/show/show#ngoninit', 'plug-resource'),
	('761fd2f727bd2b6c68a737ddbea46c10', 'credential/functionalityresource#listfunctionalityresource', 'wire-resource'),
	('786eb34f5833eee727bb7549aa72afaa', 'plug/hotline/hotline#take', 'plug-resource'),
	('78a9163b981a853a5c2be6ef001df5a8', 'documenti/doccreateedit#ngoninit', 'plug-resource'),
	('7af0bbd29ab927576b96ca781b398b75', 'homedoc/homedocsetpeso#homedocsetpeso', 'wire-resource'),
	('7b8e2e92cd82019f40d65a827697537d', 'plug/profiles/profile/profile#save', 'plug-resource'),
	('7c90700489b50d192357c16ab91bed7b', 'doccensiti/doccensiti#doccensitinewinsert', 'wire-resource'),
	('7dd0f65d8da6ae21b2e13c03000c672c', 'documenti/documenti#addDoc', 'plug-resource'),
	('8030441cd88f6b11440cbf46e83c838c', 'homedoc/homedocedit#homedoceditupdate', 'wire-resource'),
	('817727543c01d2023267c6e84a10da74', 'plug/role/role#ngoninit', 'plug-resource'),
	('81d2b7c70ae6826f2da94b16e1a0e017', 'anagrafica/attivo/hattivo#anagraficaattivolist', 'wire-resource'),
	('848b52a433082d99071482d5432055a9', 'documenti/doccreateedit#submit', 'plug-resource'),
	('8544a01dbd5b58a2ae66e5b0ce90eaf2', 'collapse/collapse-panel/collapsepanel#openDialog', 'plug-resource'),
	('8af39a26f04fc9af720a8aecb4ab49ed', 'servicemanager/sm/cope#cope', 'wire-resource'),
	('8ccaa416dd32884e49d035dd2907331d', 'servicemanager/sm/portafoglio#portafoglio', 'wire-resource'),
	('8d60091184eac27cb9998884bd2141b0', 'plug/omarello/omarello#ngoninit', 'plug-resource'),
	('8dba03f38706424efd6406b48cc7eb21', 'credential/hotlines#takehotlines', 'wire-resource'),
	('8dfe18dad8e8a98917471c96f7cd43cb', 'plug/delega/delega#save', 'plug-resource'),
	('8e56844e531d32d4cc728d59ab8b5fe6', 'credential/role#editrole', 'wire-resource'),
	('8eb6cdfee1c3638250feeba5c935c5dc', 'credential/delegas#listdelegas', 'wire-resource'),
	('916a9a2bb2883f9bbb854169def1d189', 'funzioni/funzioni#ngoninit', 'plug-resource'),
	('9297be1d44d7c94142b5e8e8c5a63c02', 'credential/hotlines#leavehotlines', 'wire-resource'),
	('96c965dfe4dec71cd062e7ca7b0e3df5', 'credential/role#deleterole', 'wire-resource'),
	('98bab1ebdb20ed6ea007862c14614d1a', 'plug/resources/resources#load', 'plug-resource'),
	('9ddea3ab1f45095f550e02d54557fb2b', 'anagrafica/mesi/hmesi#anagraficamesilist', 'wire-resource'),
	('9f874b0c891d2fafff09467d81dc4c4f', 'collapse/collapse-panel/collapsepanel#ngoninit', 'plug-resource'),
	('a00bc17d2300fc90bfcac0b6fdb054af', 'collapse/collapse#ngoninit', 'plug-resource'),
	('a0407cbe79be4d0f1838fa73cd5932c7', 'form/wrapper/matdialogwrapper#ngoninit', 'plug-resource'),
	('a66f8a3bb371ee25df3ea3eb70c3e9ec', 'credential/functionalityresource#deletefunctionalityresource', 'wire-resource'),
	('abc3c9509c714b56f571f9784a8d5bdf', 'plug/functionalities/functionalities#ngoninit', 'plug-resource'),
	('ac0d212f9ca85f5723999094bc128827', 'credential/delegas#insertdelegas', 'wire-resource'),
	('ad7a91d112ca4d888371870edc48baaa', 'credential/resource#resources', 'wire-resource'),
	('b1d58ad4da479e09f97d003e53fe6133', 'referential/jobs#listjobs', 'wire-resource'),
	('b29fc5f00b60d176eb22a26e2b908bac', 'credential/functionality#listfunctionalities', 'wire-resource'),
	('b30516e81daa5d43f139ba65bd03cbb9', 'organi/organi#ngoninit', 'plug-resource'),
	('b8cd75c2e8dafee9eff9723cdd0a4381', 'doccensiti/doccensitiexport#doccensitiexport', 'wire-resource'),
	('ba0415f92ed6e1a7b80be7082c3a2f2c', 'authorization/acl#acl', 'wire-resource'),
	('bb118ff1a9ad48d596073fb8a9699501', 'credential/role#updaterole', 'wire-resource'),
	('bd8d5c06ffa739fc2546314898a4edcb', 'credential/rolefunctionality#listrolefunctionalities', 'wire-resource'),
	('c3f0c17f884a03ae85573cd8c8a0511a', 'credential/functionality#insertfunctionalities', 'wire-resource'),
	('c51142fa0528bdf36debecd56fdb0826', 'referential/employees#listemployees', 'wire-resource'),
	('c5ef9c0ddb343325e026684fddcfbe88', 'credential/rolefunctionality#deleterolefunctionality', 'wire-resource'),
	('ce09dd43394afe5a90726a971943172c', 'homepage/homepage#ngoninit', 'plug-resource'),
	('ce5cf58b1516f2386f561e19f6fe07d5', 'plug/hotline/hotline#leave', 'plug-resource'),
	('d43e20eec4f6c3424d2506242c84f847', 'credential/functionalityresource#insertfunctionalityresource', 'wire-resource'),
	('d475c3fc0731a28c2411fd99490cb986', 'homedoc/homedoclistmesi#homedoclistmesi', 'wire-resource'),
	('d484e10174f0e232a936ebb129c4f7dd', 'servicemanager/sm/mercato#mercato', 'wire-resource'),
	('d54b9ac6e2332a4869d317b3a8103dbf', 'servicemanager/sm/contabile#contabile', 'wire-resource'),
	('d7c210b8e88c19cbce32fdbe57ccd2f5', 'credential/userdetails#userdetails', 'wire-resource'),
	('d7f92c13a5136fc1d350abc48fe8dc4f', 'servicemanager/sm/conto2creditori#conto2creditori', 'wire-resource'),
	('daa7c39e54462e7a716980ea6762ec8a', 'accordion/accordion#ngoninit', 'plug-resource'),
	('e1814eb37b22a56fa5d7979b36266e73', 'referential/respuo#listrespuo', 'wire-resource'),
	('e26628cfcc6872ab02646928decc1dd2', 'referential/employeesoffices#listemployeesoffices', 'wire-resource'),
	('e2c889de811134b4ae155416a81df9db', 'servicemanager/sm/circolarita#circolarita', 'wire-resource'),
	('e56260185280be666234019ec8bc59e6', 'servicemanager/sm/customerinfo#customerinfo', 'wire-resource'),
	('e669f07a6a5d6ee9640b41aa8bdd3f7d', 'credential/resource#listresources', 'wire-resource'),
	('e6e57d7f2591e692a4ce1b00754eec37', 'homedoc/homedocprevisti#homedocprevisti', 'wire-resource'),
	('eba8a1435cd1a669054a996b87a98710', 'doccensiti/doccensitilist#doccensitilist', 'wire-resource'),
	('ed38d3c46063a8dc4ad2083dad2f0b1b', 'credential/hotlinesoffices#listhotlinesoffices', 'wire-resource'),
	('ed6079fc450e63fc7ed5cb2c56751375', 'collapse/collapse-item/collapseitem#ngoninit', 'plug-resource'),
	('ee70673a0c0ae49fa70050ca602468a4', 'collapse/collapse-item/collapseitem#send', 'plug-resource'),
	('f1c1f7479d7282a888e83fe488b9d07f', 'servicemanager/sm/rating#rating', 'wire-resource'),
	('fa854a9d7c61184b7423ac0051c0c8cc', 'servicemanager/sm/sia2creditori#sia2creditori', 'wire-resource'),
	('fe3337b52404cd26026a814c614ec040', 'referential/offices#listoffices', 'wire-resource');
/*!40000 ALTER TABLE `_cred_resource` ENABLE KEYS */;

-- Dump della struttura di tabella odc2._cred_role
CREATE TABLE IF NOT EXISTS `_cred_role` (
  `role_id` int(13) unsigned NOT NULL AUTO_INCREMENT,
  `role_level` tinyint(3) unsigned NOT NULL DEFAULT '0',
  `role_administrable` tinyint(1) unsigned NOT NULL DEFAULT '1',
  `role_label` varchar(128) NOT NULL,
  `role_description` text NOT NULL,
  PRIMARY KEY (`role_id`)
) ENGINE=InnoDB DEFAULT CHARSET=utf8;

-- Dump dei dati della tabella odc2._cred_role: ~4 rows (circa)
DELETE FROM `_cred_role`;
/*!40000 ALTER TABLE `_cred_role` DISABLE KEYS */;
INSERT INTO `_cred_role` (`role_id`, `role_level`, `role_administrable`, `role_label`, `role_description`) VALUES
	(1, 0, 0, 'Amministratore', 'Amministratore dell\'applicazione'),
	(6, 1, 1, 'Utente', 'Utente dell\'applicazione'),
	(11, 7, 1, 'Ospite', 'Utente Ospite'),
	(4294967295, 1, 1, 'prova', 'profilo di prova');
/*!40000 ALTER TABLE `_cred_role` ENABLE KEYS */;

-- Dump della struttura di tabella odc2._cred_role_functionality
CREATE TABLE IF NOT EXISTS `_cred_role_functionality` (
  `role_functionality_id` int(13) unsigned NOT NULL AUTO_INCREMENT,
  `role_id` int(13) unsigned NOT NULL DEFAULT '0',
  `functionality_id` int(13) unsigned NOT NULL DEFAULT '0',
  PRIMARY KEY (`role_functionality_id`),
  UNIQUE KEY `UNIQUE` (`role_id`,`functionality_id`)
) ENGINE=InnoDB DEFAULT CHARSET=utf8;

-- Dump dei dati della tabella odc2._cred_role_functionality: ~11 rows (circa)
DELETE FROM `_cred_role_functionality`;
/*!40000 ALTER TABLE `_cred_role_functionality` DISABLE KEYS */;
INSERT INTO `_cred_role_functionality` (`role_functionality_id`, `role_id`, `functionality_id`) VALUES
	(1, 1, 1),
	(6, 1, 6),
	(11, 1, 11),
	(16, 1, 16),
	(34, 6, 1),
	(36, 6, 11),
	(35, 6, 16),
	(37, 11, 1),
	(38, 11, 11),
	(41, 4294967295, 1),
	(46, 4294967295, 11);
/*!40000 ALTER TABLE `_cred_role_functionality` ENABLE KEYS */;

-- Dump della struttura di tabella odc2._cred_user
CREATE TABLE IF NOT EXISTS `_cred_user` (
  `hu_id` int(13) unsigned NOT NULL AUTO_INCREMENT,
  `hu_uid` varchar(20) NOT NULL DEFAULT '',
  `hu_role_id` int(13) unsigned NOT NULL DEFAULT '0',
  `hu_start_date` datetime DEFAULT NULL,
  `hu_end_date` datetime DEFAULT NULL,
  `hu_active` tinyint(1) unsigned NOT NULL DEFAULT '1',
  PRIMARY KEY (`hu_id`),
  KEY `hu_uid` (`hu_uid`)
) ENGINE=InnoDB DEFAULT CHARSET=utf8;

-- Dump dei dati della tabella odc2._cred_user: ~1 rows (circa)
DELETE FROM `_cred_user`;
/*!40000 ALTER TABLE `_cred_user` DISABLE KEYS */;
INSERT INTO `_cred_user` (`hu_id`, `hu_uid`, `hu_role_id`, `hu_start_date`, `hu_end_date`, `hu_active`) VALUES
	(1, 'C53740', 6, NULL, NULL, 1);
/*!40000 ALTER TABLE `_cred_user` ENABLE KEYS */;



/*!40101 SET SQL_MODE=IFNULL(@OLD_SQL_MODE, '') */;
/*!40014 SET FOREIGN_KEY_CHECKS=IF(@OLD_FOREIGN_KEY_CHECKS IS NULL, 1, @OLD_FOREIGN_KEY_CHECKS) */;
/*!40101 SET CHARACTER_SET_CLIENT=@OLD_CHARACTER_SET_CLIENT */;
